high,low,open,close,volume
1.19017,1.18946,1.18977,1.18968,5439
1.19062,1.18964,1.18968,1.18982,7438
1.19057,1.18956,1.18982,1.19047,6839
1.19092,1.19028,1.19047,1.19065,5555
1.19102,1.19042,1.19065,1.19043,4217
1.19076,1.18961,1.19043,1.18979,7103
1.19017,1.18912,1.18979,1.18977,7289
1.19146,1.18941,1.18977,1.19069,12638
1.19297,1.19009,1.19069,1.191,23289
1.19101,1.18919,1.191,1.19047,17114
1.19047,1.18928,1.19047,1.18945,11064
1.18997,1.18819,1.18945,1.18823,11681
1.18967,1.18819,1.18823,1.18957,8724
1.19153,1.18893,1.18957,1.19044,14935
1.19156,1.18917,1.19044,1.19076,17268
1.19264,1.1895,1.19076,1.19019,21765
1.19109,1.18984,1.19019,1.19073,15025
1.1922,1.1906,1.19073,1.19157,8743
1.19208,1.19139,1.19157,1.19159,5829
1.19225,1.19078,1.19159,1.19154,8009
1.19246,1.19134,1.19154,1.19236,5731
1.19241,1.19111,1.19236,1.19118,2634
1.19162,1.19118,1.19118,1.19144,1473
1.19182,1.19142,1.19144,1.19166,1612
1.19261,1.19165,1.19166,1.19223,3289
1.19293,1.19222,1.19223,1.19267,3680
1.19278,1.19213,1.19267,1.19273,3455
1.19286,1.19225,1.19273,1.19236,3189
1.19277,1.19223,1.19236,1.19243,3082
1.1928,1.19202,1.19243,1.19261,3946
1.19387,1.19259,1.19261,1.19349,4585
1.1941,1.19259,1.19349,1.19262,7014
1.19344,1.19148,1.19262,1.19155,13456
1.19246,1.1902,1.19155,1.19036,11784
1.19147,1.19016,1.19036,1.19077,9060
1.19122,1.19014,1.19077,1.19029,7286
1.19051,1.18853,1.19029,1.18959,9123
1.19028,1.18948,1.18959,1.18981,6527
1.19033,1.18932,1.18981,1.19007,7689
1.19066,1.18958,1.19007,1.19009,7630
1.19101,1.19009,1.19009,1.19091,5228
1.19148,1.19053,1.19091,1.19131,3938
1.19145,1.19096,1.19131,1.19136,1226
1.19186,1.1913,1.19136,1.19147,1714
1.19157,1.19125,1.19147,1.19125,1576
1.19131,1.19079,1.19125,1.19123,2424
1.19135,1.19067,1.19123,1.19093,824
1.19131,1.19085,1.19093,1.1911,1728
1.19145,1.19095,1.1911,1.19137,2760
1.1915,1.19112,1.19137,1.19136,4203
1.19149,1.19101,1.19136,1.19148,3132
1.1924,1.19141,1.19148,1.19237,3961
1.1925,1.19227,1.19237,1.19245,2025
1.19287,1.19229,1.19245,1.19268,2643
1.19289,1.19241,1.19268,1.19247,3535
1.19302,1.19191,1.19247,1.19275,7523
1.19328,1.19209,1.19275,1.19311,10554
1.19318,1.19147,1.19311,1.19228,8889
1.19257,1.19161,1.19228,1.19232,8415
1.19271,1.19198,1.19232,1.19226,7729
1.19258,1.19141,1.19226,1.19247,8142
1.19391,1.19204,1.19247,1.19366,11961
1.19461,1.19315,1.19366,1.19433,12722
1.19513,1.19346,1.19433,1.19444,14216
1.1962,1.19433,1.19444,1.19538,13558
1.1957,1.19505,1.19538,1.19566,5969
1.19571,1.19499,1.19566,1.19559,2046
1.1963,1.19552,1.19559,1.19575,2367
1.19619,1.19561,1.19575,1.19607,2053
1.19639,1.19587,1.19607,1.19624,2841
1.19682,1.19599,1.19605,1.1966,848
1.19739,1.19633,1.1966,1.19721,4469
1.19724,1.1964,1.19721,1.19707,5127
1.19743,1.19687,1.19707,1.1974,5311
1.1974,1.19656,1.1974,1.19687,4599
1.19738,1.19671,1.19687,1.19683,3961
1.19705,1.19651,1.19683,1.19681,3142
1.19749,1.19681,1.19681,1.19721,4814
1.19765,1.1963,1.19721,1.19632,5519
1.19743,1.19621,1.19632,1.19739,9507
1.19839,1.19678,1.19739,1.19779,14214
1.19854,1.19706,1.19779,1.19846,11804
1.19853,1.19799,1.19846,1.19847,8220
1.19903,1.19836,1.19847,1.19877,7115
1.19923,1.19731,1.19877,1.19764,11223
1.19899,1.19731,1.19764,1.19864,13325
1.19992,1.19808,1.19864,1.19947,16176
1.20033,1.19552,1.19947,1.19636,34581
1.19654,1.19428,1.19636,1.19476,25796
1.19548,1.1942,1.19476,1.19544,14574
1.19598,1.19504,1.19544,1.1952,6832
1.19525,1.19423,1.1952,1.19473,6914
1.19474,1.19271,1.19473,1.19275,8127
1.19309,1.19227,1.19275,1.19232,4236
1.19349,1.19231,1.19232,1.19292,2149
1.19387,1.1929,1.19292,1.19374,3660
1.19458,1.19354,1.19374,1.19433,3486
1.19495,1.19408,1.19433,1.19494,4803
1.19579,1.19481,1.19494,1.19561,5156
1.19596,1.19561,1.19561,1.19576,4123
1.19599,1.19559,1.19576,1.19576,2846
1.19595,1.19553,1.19576,1.19571,2932
1.19591,1.19547,1.19571,1.19573,3686
1.1973,1.1954,1.19573,1.19687,9320
1.19856,1.19633,1.19687,1.19801,14011
1.19826,1.19717,1.19801,1.19807,15404
1.19819,1.19658,1.19807,1.19686,9954
1.19709,1.19602,1.19686,1.197,12324
1.19727,1.19643,1.197,1.19672,9814
1.19939,1.19655,1.19672,1.19923,12716
1.20007,1.19751,1.19923,1.19944,16678
1.20419,1.19839,1.19944,1.20313,34282
1.20546,1.20312,1.20313,1.20377,26436
1.2052,1.20375,1.20377,1.20452,12269
1.20524,1.20431,1.20452,1.20436,7254
1.2051,1.20428,1.20436,1.20478,6986
1.20754,1.20476,1.20478,1.20719,9409
1.20767,1.20673,1.20719,1.20674,4641
1.20742,1.20658,1.20674,1.20712,1981
1.20732,1.20684,1.20712,1.20707,3297
1.20723,1.20654,1.20707,1.20667,4297
1.20701,1.20607,1.20667,1.20684,7637
1.20797,1.20681,1.20684,1.20736,6121
1.20838,1.20726,1.20736,1.20823,4930
1.20832,1.20746,1.20823,1.20751,3848
1.20756,1.20664,1.20751,1.20683,5710
1.20773,1.20641,1.20683,1.2065,5221
1.20876,1.2065,1.2065,1.20689,15404
1.20765,1.20468,1.20689,1.20484,25922
1.20647,1.20456,1.20484,1.20534,15658
1.20618,1.20461,1.20534,1.20493,11270
1.20534,1.20421,1.20493,1.20516,11040
1.20629,1.20401,1.20516,1.20595,17160
1.20786,1.2058,1.20595,1.20661,20501
1.20829,1.20602,1.20661,1.20826,22961
1.21085,1.20753,1.20826,1.20783,27763
1.20958,1.20755,1.20783,1.20928,14238
1.20992,1.20879,1.20928,1.20935,9516
1.20983,1.20922,1.20935,1.20931,4981
1.21029,1.209,1.20931,1.20997,8285
1.21045,1.20959,1.20997,1.21017,4210
1.21185,1.21017,1.21017,1.21134,4844
1.21161,1.21104,1.21134,1.21123,2041
1.21154,1.21088,1.21123,1.2114,2621
1.21145,1.21041,1.2114,1.21057,4634
1.21151,1.21043,1.21057,1.21132,5470
1.21212,1.21119,1.21132,1.21201,4776
1.21253,1.21189,1.21201,1.21239,4364
1.21245,1.21162,1.21239,1.21174,3518
1.21226,1.21166,1.21174,1.21195,3814
1.21215,1.21134,1.21195,1.21179,5091
1.21257,1.21158,1.21179,1.21227,12443
1.21394,1.21145,1.21227,1.21216,19719
1.21218,1.21011,1.21216,1.21116,14723
1.21189,1.21041,1.21116,1.21156,13369
1.21299,1.21113,1.21156,1.2129,13691
1.21614,1.21187,1.2129,1.21555,17703
1.21566,1.21446,1.21555,1.21511,17741
1.21685,1.21446,1.21511,1.21598,23165
1.21746,1.21569,1.21598,1.21613,20089
1.21633,1.21462,1.21613,1.21512,15247
1.21518,1.21378,1.21512,1.21463,10795
1.21476,1.21328,1.21463,1.21395,7758
1.21439,1.2138,1.21395,1.21426,6752
1.21485,1.21334,1.21426,1.21455,7793
1.21494,1.21392,1.21455,1.21393,3307
1.21461,1.21379,1.21393,1.21431,2414
1.21499,1.21425,1.21431,1.21451,2985
1.21539,1.21408,1.21451,1.21497,5056
1.2153,1.21414,1.21497,1.21439,7161
1.21453,1.2139,1.21439,1.21447,5079
1.21478,1.21417,1.21447,1.21454,4120
1.21474,1.21413,1.21454,1.2142,3230
1.21513,1.21411,1.2142,1.21502,4510
1.21577,1.21479,1.21502,1.21554,6157
1.21607,1.21513,1.21554,1.21533,10835
1.21663,1.21438,1.21533,1.21606,15447
1.21732,1.21595,1.21606,1.21668,16104
1.21776,1.21567,1.21668,1.21752,15873
1.21759,1.21622,1.21752,1.21685,14375
1.21747,1.21568,1.21685,1.21585,13920
1.21705,1.21316,1.21585,1.21459,30681
1.21718,1.2144,1.21459,1.21566,25035
1.21665,1.21353,1.21566,1.214,24051
1.21462,1.21331,1.214,1.21412,12024
1.21504,1.21395,1.21412,1.21438,7017
1.21518,1.21412,1.21438,1.21418,5401
1.21458,1.21336,1.21418,1.21373,7962
1.21404,1.21124,1.21373,1.21273,8557
1.213,1.21104,1.21273,1.21212,5435
1.21302,1.21182,1.213,1.21279,1543
1.21328,1.21197,1.21279,1.21201,4054
1.21311,1.21188,1.21201,1.21278,6439
1.21362,1.21248,1.21278,1.21352,6694
1.21402,1.21327,1.21352,1.21366,5692
1.21388,1.2134,1.21366,1.21345,3542
1.21346,1.21325,1.21345,1.21325,2465
1.21341,1.21305,1.21325,1.21318,2745
1.21329,1.2125,1.21318,1.21292,5459
1.21294,1.21142,1.21292,1.21211,10544
1.21225,1.20905,1.21211,1.20971,26203
1.20978,1.20785,1.20971,1.20931,18288
1.21131,1.20851,1.20931,1.21085,14408
1.21143,1.21033,1.21085,1.21129,14421
1.21195,1.21055,1.21129,1.21183,12633
1.21393,1.2114,1.21183,1.21372,18219
1.21664,1.2132,1.21372,1.21508,19467
1.21528,1.21324,1.21508,1.21326,18078
1.21418,1.21298,1.21326,1.21385,12024
1.21419,1.213,1.21385,1.21332,8720
1.21332,1.21178,1.21332,1.21249,15052
1.21298,1.21189,1.21249,1.21194,9025
1.21207,1.21084,1.21194,1.21084,6998
1.21143,1.2106,1.21084,1.2106,2668
1.21114,1.21055,1.2106,1.21099,1854
1.21134,1.21094,1.21099,1.21095,2043
1.21101,1.21042,1.21095,1.21077,4630
1.21113,1.21063,1.21077,1.2107,6347
1.21132,1.21052,1.2107,1.21116,4402
1.21154,1.21105,1.21116,1.21143,3706
1.21162,1.21131,1.21143,1.21144,3798
1.21197,1.21142,1.21144,1.21184,3304
1.21232,1.21138,1.21184,1.21157,5211
1.21186,1.21075,1.21157,1.21128,10208
1.21321,1.20953,1.21128,1.21251,19594
1.21341,1.21187,1.21251,1.2129,13647
1.21328,1.21137,1.2129,1.21137,12815
1.21233,1.21074,1.21137,1.21075,14377
1.21263,1.21075,1.21075,1.21147,14050
1.21304,1.21123,1.21147,1.21181,25649
1.21337,1.21175,1.21181,1.21246,24404
1.21288,1.21,1.21246,1.21135,26386
1.21159,1.21037,1.21135,1.21108,12235
1.21164,1.21072,1.21108,1.21152,7426
1.21174,1.21011,1.21152,1.21022,7498
1.21083,1.2101,1.21022,1.21037,5236
1.21068,1.21001,1.21037,1.21068,4291
1.21077,1.21007,1.21068,1.21012,2591
1.21056,1.20998,1.21012,1.21045,1614
1.211,1.21036,1.21045,1.21096,2739
1.21148,1.21072,1.21096,1.21117,4254
1.21132,1.2108,1.21117,1.21114,4248
1.21199,1.21103,1.21114,1.21199,4184
1.21235,1.21174,1.21199,1.21212,4664
1.21294,1.2121,1.21212,1.21289,4190
1.21312,1.21258,1.21289,1.21312,3609
1.21474,1.2131,1.21312,1.21388,8028
1.21416,1.21269,1.21388,1.21292,7601
1.21374,1.21249,1.21292,1.21363,15332
1.21364,1.212,1.21363,1.21256,11429
1.21364,1.21191,1.21256,1.21211,16153
1.21287,1.21078,1.21211,1.21129,13747
1.21189,1.21012,1.21129,1.21096,12311
1.21209,1.21025,1.21096,1.21205,11432
1.21238,1.20959,1.21205,1.2099,18776
1.21042,1.20776,1.2099,1.2083,23664
1.2083,1.20724,1.2083,1.20797,14710
1.20849,1.20586,1.20797,1.20725,13708
1.20734,1.20609,1.20725,1.20617,10640
1.20733,1.20617,1.20617,1.20728,8579
1.20823,1.20704,1.20728,1.20801,8053
1.20838,1.20783,1.20801,1.20783,2971
1.20817,1.20734,1.20783,1.20798,1144
1.20816,1.20757,1.20798,1.20785,1943
1.20845,1.20785,1.20785,1.2082,5193
1.20843,1.20798,1.2082,1.20817,5307
1.20915,1.2081,1.20817,1.20893,5853
1.20956,1.20877,1.20893,1.20935,5254
1.21005,1.20933,1.20935,1.20993,3788
1.20993,1.20931,1.20993,1.20962,3891
1.20966,1.20867,1.20962,1.20878,4578
1.20984,1.20856,1.20878,1.20902,10783
1.20994,1.20859,1.20902,1.20905,13817
1.21087,1.20833,1.20905,1.21061,15038
1.21087,1.20969,1.21061,1.20971,10820
1.2099,1.20849,1.20971,1.20896,10336
1.21185,1.20812,1.20896,1.21111,24720
1.21354,1.21034,1.21111,1.21257,34809
1.21549,1.20966,1.21257,1.21526,43580
1.2159,1.21211,1.21526,1.21326,31129
1.21346,1.21106,1.21326,1.21169,19295
1.21273,1.21167,1.21169,1.21203,13024
1.21288,1.21133,1.21203,1.21254,12065
1.21364,1.21205,1.21254,1.21336,8304
1.21449,1.21322,1.21336,1.21428,8101
1.21435,1.21339,1.21428,1.21339,3753
1.2141,1.21336,1.21339,1.21406,1536
1.21442,1.21404,1.21406,1.21434,2689
1.21469,1.21403,1.21434,1.21449,5446
1.21602,1.21449,1.21449,1.21557,8365
1.2159,1.21511,1.21557,1.21574,5267
1.21596,1.21539,1.21574,1.21578,5734
1.21603,1.21553,1.21578,1.21555,3448
1.2158,1.21535,1.21555,1.21552,4071
1.2163,1.2155,1.21552,1.21567,5438
1.21595,1.21257,1.21567,1.21308,11581
1.21353,1.21142,1.21308,1.21257,19588
1.21339,1.21124,1.21257,1.21175,15772
1.21377,1.21163,1.21175,1.21195,15215
1.21256,1.211,1.21195,1.21219,13671
1.21304,1.2114,1.21219,1.21264,11608
1.21303,1.21142,1.21264,1.21156,16546
1.21332,1.21111,1.21156,1.2117,19182
1.21293,1.21054,1.2117,1.21069,21055
1.21157,1.21061,1.21069,1.21122,11043
1.21179,1.21081,1.21122,1.21167,9537
1.21171,1.2111,1.21167,1.21162,5700
1.21203,1.21124,1.21162,1.21132,6898
1.21186,1.21126,1.21132,1.21175,5306
1.21179,1.21093,1.21175,1.21097,5752
1.21431,1.21311,1.2135,1.21338,1900
1.21393,1.21307,1.21338,1.21332,3643
1.21334,1.21157,1.21332,1.21209,7302
1.21316,1.21188,1.21209,1.21291,6244
1.21333,1.21285,1.21291,1.21319,4891
1.21338,1.21305,1.21319,1.21325,3466
1.21338,1.21304,1.21325,1.21332,2414
1.21418,1.21311,1.21332,1.21406,3861
1.2144,1.21392,1.21406,1.21434,4871
1.21553,1.21385,1.21434,1.21533,8971
1.21565,1.21425,1.21533,1.21438,13515
1.21603,1.21386,1.21438,1.21577,10796
1.21598,1.21478,1.21577,1.21507,9812
1.21606,1.21499,1.21507,1.21552,9902
1.21708,1.21525,1.21552,1.21575,12011
1.21768,1.21565,1.21575,1.21715,12262
1.21715,1.21546,1.21715,1.21641,19991
1.2166,1.21232,1.21641,1.21249,28163
1.21474,1.21231,1.21249,1.21446,10667
1.21604,1.2143,1.21446,1.21575,8645
1.21607,1.2147,1.21575,1.21506,6233
1.21526,1.2145,1.21506,1.21468,4517
1.21488,1.21391,1.21468,1.21474,4533
1.21519,1.2141,1.21474,1.21431,4222
1.21467,1.21407,1.21431,1.21446,407
1.2149,1.21434,1.21446,1.21485,3052
1.21595,1.21474,1.21485,1.21573,5760
1.21607,1.2152,1.21573,1.21599,6815
1.21632,1.21568,1.21599,1.2159,5821
1.21604,1.21496,1.2159,1.2152,4976
1.21533,1.21459,1.2152,1.21466,3552
1.2155,1.21451,1.21466,1.21547,5713
1.21547,1.21477,1.21547,1.21483,4724
1.21518,1.21343,1.21483,1.21369,8657
1.21445,1.21314,1.21369,1.21431,13405
1.21621,1.21413,1.21431,1.21578,12758
1.21624,1.21551,1.21578,1.21587,9405
1.21662,1.2149,1.21587,1.21603,10977
1.21624,1.21216,1.21603,1.21251,13217
1.21498,1.2125,1.21251,1.21395,19390
1.21587,1.2138,1.21395,1.21436,18423
1.21606,1.2143,1.21436,1.2153,16576
1.21605,1.21491,1.2153,1.21575,14429
1.21614,1.21474,1.21575,1.21609,6178
1.21689,1.21514,1.21609,1.21515,8536
1.21606,1.2149,1.21515,1.21567,6559
1.21608,1.21539,1.21567,1.21608,4698
1.21628,1.21491,1.21608,1.21501,4215
1.21545,1.21489,1.21501,1.21501,443
1.21549,1.21501,1.21501,1.21544,1953
1.21544,1.21451,1.21544,1.21501,3543
1.21553,1.21466,1.21501,1.21511,4692
1.21574,1.21511,1.21511,1.21562,3576
1.21638,1.21557,1.21562,1.21617,3989
1.21649,1.21583,1.21617,1.21647,2741
1.21654,1.21603,1.21647,1.21622,4382
1.21631,1.21589,1.21622,1.21631,4529
1.21722,1.21533,1.21631,1.21546,11078
1.22123,1.21523,1.21546,1.22089,31060
1.22097,1.21936,1.22089,1.22063,15210
1.22068,1.21953,1.22063,1.21967,10263
1.22008,1.21864,1.21967,1.21951,11227
1.21985,1.21861,1.21951,1.21944,9703
1.21953,1.21789,1.21944,1.21877,16852
1.22066,1.21866,1.21877,1.21958,17268
1.21985,1.21822,1.21958,1.21874,18986
1.21898,1.21673,1.21874,1.21747,12204
1.21768,1.21628,1.21747,1.21688,8051
1.21755,1.21671,1.21688,1.21714,5023
1.21777,1.21251,1.21714,1.21623,38529
1.2199,1.21619,1.21623,1.21836,20183
1.22012,1.21812,1.21836,1.21965,4953
1.22014,1.21943,1.21965,1.21971,608
1.21985,1.21915,1.21971,1.21962,1865
1.21971,1.219,1.21962,1.21944,5238
1.22087,1.21924,1.21944,1.22023,6048
1.22132,1.22011,1.22023,1.22122,4745
1.22122,1.22082,1.22122,1.22107,3239
1.22354,1.22102,1.22107,1.22251,9890
1.22299,1.22248,1.22251,1.22259,4748
1.2235,1.22251,1.22259,1.22309,4899
1.22387,1.22264,1.22309,1.22333,11824
1.2244,1.22299,1.22333,1.22348,15365
1.224,1.2224,1.22348,1.22325,12530
1.22339,1.2225,1.22325,1.22281,9958
1.22394,1.2228,1.22281,1.22379,10450
1.2249,1.22327,1.22379,1.22483,12103
1.22588,1.22399,1.22483,1.22419,17024
1.2256,1.22401,1.22419,1.22507,16832
1.22614,1.22406,1.22507,1.22452,20025
1.22602,1.22389,1.22452,1.22587,12518
1.22678,1.22564,1.22587,1.22602,8132
1.22709,1.22602,1.22602,1.22674,8035
1.22728,1.22621,1.22674,1.22624,7689
1.2268,1.22583,1.22624,1.22626,6366
1.22726,1.22621,1.22626,1.22659,4138
1.22717,1.22644,1.22659,1.22669,1021
1.22679,1.22613,1.22669,1.22616,2836
1.22642,1.22506,1.22616,1.22548,5361
1.22602,1.22521,1.22548,1.22562,5880
1.22585,1.22444,1.22562,1.22462,5602
1.225,1.22462,1.22462,1.22464,4083
1.22473,1.22386,1.22464,1.22408,3726
1.22443,1.22392,1.22408,1.22433,4662
1.22557,1.22427,1.22433,1.22532,6210
1.22562,1.22475,1.22532,1.22478,8490
1.2263,1.22432,1.22478,1.22574,14084
1.22623,1.22454,1.22574,1.22496,12527
1.22579,1.22432,1.22496,1.22544,9491
1.22604,1.22485,1.22544,1.22559,8824
1.22688,1.22526,1.22559,1.22544,12358
1.22606,1.22455,1.22544,1.22486,15317
1.22534,1.2228,1.22486,1.22377,17977
1.22472,1.22265,1.22377,1.22348,20480
1.22361,1.22255,1.22348,1.22353,14790
1.22459,1.22325,1.22353,1.22366,8630
1.22433,1.22362,1.22366,1.22422,5376
1.22435,1.22349,1.22422,1.22421,5791
1.22489,1.22363,1.22421,1.22459,7084
1.22587,1.22447,1.22459,1.22524,4279
1.22347,1.22179,1.22209,1.22277,592
1.22351,1.22114,1.22277,1.22118,6852
1.22195,1.22048,1.22118,1.22191,8673
1.2226,1.22057,1.22191,1.22083,11813
1.22125,1.21786,1.22083,1.21893,11605
1.21913,1.21842,1.21893,1.21847,6377
1.21919,1.21846,1.21847,1.2191,4990
1.21917,1.21809,1.2191,1.21914,8111
1.21992,1.21825,1.21914,1.21986,9446
1.2199,1.21681,1.21986,1.2176,18143
1.22268,1.21729,1.2176,1.22172,30825
1.22179,1.2172,1.22172,1.21755,21368
1.21769,1.21294,1.21755,1.21477,37360
1.21814,1.21477,1.21477,1.21621,23126
1.21876,1.21564,1.21621,1.21632,24178
1.22147,1.21626,1.21632,1.21912,28539
1.22187,1.21912,1.21912,1.22087,23213
1.22202,1.22067,1.22087,1.22112,21531
1.22348,1.221,1.22112,1.22312,16235
1.22389,1.22269,1.22312,1.22361,13179
1.22476,1.22293,1.22361,1.2244,10507
1.22529,1.22408,1.2244,1.22488,14005
1.22531,1.2231,1.22488,1.22322,9251
1.22448,1.22279,1.22322,1.22408,4939
1.22408,1.22306,1.22408,1.22383,1662
1.22498,1.22339,1.22383,1.22347,4340
1.22434,1.22284,1.22347,1.2231,5777
1.22377,1.22283,1.2231,1.22313,7424
1.22354,1.22297,1.22313,1.22326,4784
1.22329,1.2224,1.22326,1.22289,5181
1.22298,1.22193,1.22289,1.2223,4890
1.22237,1.22158,1.2223,1.22185,5557
1.22258,1.22159,1.22185,1.22172,6705
1.22298,1.22137,1.22172,1.22167,13662
1.22244,1.2206,1.22167,1.22218,16146
1.22261,1.22048,1.22218,1.22072,14916
1.22344,1.22043,1.22072,1.22302,18734
1.2244,1.22208,1.22302,1.22437,13997
1.22572,1.22383,1.22437,1.22393,17591
1.22438,1.22295,1.22393,1.22302,13670
1.2239,1.22055,1.22302,1.22072,19124
1.22116,1.21653,1.22072,1.21736,27541
1.21807,1.21608,1.21736,1.21721,24208
1.21786,1.21668,1.21721,1.21745,11544
1.21747,1.21561,1.21745,1.2163,8819
1.21646,1.21568,1.2163,1.21608,7042
1.21613,1.21523,1.21608,1.21569,6637
1.2167,1.21558,1.21569,1.2161,4590
1.21647,1.21596,1.2161,1.21638,557
1.21877,1.21636,1.21638,1.21871,5347
1.21874,1.2163,1.21871,1.21631,9885
1.21808,1.2154,1.21631,1.21773,11128
1.21798,1.21664,1.21773,1.21755,9728
1.2191,1.21753,1.21755,1.219,8159
1.21921,1.21859,1.219,1.2188,4954
1.21897,1.21846,1.2188,1.2189,3695
1.21895,1.21812,1.2189,1.21839,4645
1.22007,1.21791,1.21839,1.21972,10855
1.21974,1.21721,1.21972,1.21887,15380
1.21997,1.21866,1.21887,1.21938,11880
1.21986,1.21779,1.21938,1.21799,11592
1.21977,1.21794,1.21799,1.21915,11513
1.21945,1.21805,1.21915,1.21824,10083
1.21867,1.21603,1.21824,1.21762,18170
1.2221,1.21736,1.21762,1.2207,26268
1.22187,1.218,1.2207,1.21843,27408
1.22034,1.21843,1.21843,1.21931,14713
1.21974,1.21803,1.21931,1.21868,11915
1.21886,1.21797,1.21868,1.21816,8427
1.21845,1.21725,1.21816,1.21807,6569
1.21964,1.21731,1.21807,1.21953,7866
1.21958,1.21813,1.21953,1.21831,5624
1.21902,1.21812,1.21831,1.21894,1027
1.21941,1.21839,1.21894,1.21941,2353
1.22046,1.21928,1.21941,1.22023,7716
1.22122,1.22016,1.22023,1.22083,8989
1.22157,1.22074,1.22083,1.22113,5669
1.22156,1.22053,1.22113,1.22093,5342
1.22093,1.22018,1.22093,1.22046,4477
1.22082,1.22022,1.22046,1.22049,4173
1.22078,1.22028,1.22049,1.22072,4660
1.22098,1.22028,1.22072,1.22053,7218
1.22096,1.21938,1.22053,1.22013,9923
1.22029,1.21872,1.22013,1.21915,8872
1.22004,1.2188,1.21915,1.21988,7760
1.22034,1.21938,1.21988,1.21953,5565
1.2199,1.21877,1.21953,1.21884,6216
1.21947,1.21857,1.21884,1.21882,6685
1.21975,1.21773,1.21882,1.21888,10754
1.21978,1.21783,1.21888,1.21823,11974
1.21892,1.21813,1.21823,1.21818,5485
1.21891,1.21801,1.21818,1.2183,4209
1.21858,1.21764,1.2183,1.21804,3223
1.21809,1.21792,1.21804,1.21794,141
1.21888,1.21794,1.21794,1.21844,28
1.22073,1.21805,1.21844,1.22039,6157
1.22082,1.21809,1.22039,1.21923,12102
1.22064,1.21911,1.21923,1.22048,9444
1.22138,1.22043,1.22048,1.22087,6876
1.2216,1.22087,1.22087,1.22128,5400
1.22139,1.22092,1.22128,1.22103,3169
1.22238,1.22092,1.22103,1.22235,4942
1.22271,1.22199,1.22235,1.22249,6813
1.22331,1.22195,1.22249,1.22309,6732
1.22405,1.22256,1.22309,1.22392,10351
1.22504,1.22346,1.22392,1.22486,12134
1.22502,1.22074,1.22486,1.22134,18832
1.22154,1.21926,1.22134,1.21947,12946
1.22087,1.21914,1.21947,1.22083,11424
1.22223,1.22067,1.22083,1.2213,13226
1.22399,1.22085,1.2213,1.22319,15164
1.22349,1.22073,1.22319,1.22148,14161
1.2229,1.22122,1.22148,1.22131,11630
1.22164,1.22051,1.22131,1.22063,9893
1.22132,1.22026,1.22063,1.22085,5973
1.22113,1.22033,1.22085,1.22067,5811
1.22141,1.22031,1.22067,1.22132,5645
1.22162,1.22062,1.22132,1.22137,3479
1.2214,1.22062,1.22137,1.22079,1278
1.22211,1.22077,1.22079,1.22196,3742
1.22345,1.22193,1.22196,1.22254,7546
1.22307,1.22254,1.22254,1.22273,5977
1.22376,1.22245,1.22273,1.22337,6903
1.2243,1.22316,1.22337,1.2242,5807
1.22429,1.22377,1.2242,1.22397,4925
1.22408,1.22352,1.22397,1.22362,4164
1.22428,1.22358,1.22362,1.22424,3917
1.22516,1.22392,1.22424,1.22403,8362
1.2258,1.22392,1.22403,1.22453,11044
1.22524,1.22366,1.22453,1.22498,10599
1.2257,1.22455,1.22498,1.22492,10636
1.2253,1.2239,1.22492,1.22489,10006
1.22616,1.22467,1.22489,1.22561,10745
1.22593,1.22484,1.22561,1.22536,11741
1.22753,1.225,1.22536,1.22672,14381
1.22678,1.22407,1.22672,1.22439,21418
1.22557,1.2238,1.22439,1.22518,14957
1.22547,1.2237,1.22518,1.22415,10183
1.22478,1.2236,1.22415,1.2246,8233
1.22588,1.22441,1.2246,1.22514,8207
1.22562,1.22465,1.22514,1.22501,7665
1.22528,1.22455,1.22501,1.22464,2844
1.22524,1.22449,1.22464,1.22524,420
1.2259,1.22515,1.22524,1.22521,3560
1.22781,1.22513,1.22521,1.22684,8388
1.22948,1.22664,1.22684,1.22908,14371
1.22922,1.22846,1.22908,1.2287,6261
1.22887,1.2282,1.2287,1.22829,5236
1.22898,1.22816,1.22829,1.22851,3359
1.22906,1.22839,1.22851,1.22849,5028
1.22866,1.22762,1.22849,1.22816,5234
1.22853,1.22652,1.22816,1.22672,8813
1.22701,1.22528,1.22672,1.22587,16456
1.22722,1.22554,1.22587,1.22686,12143
1.22848,1.22671,1.22686,1.22792,10639
1.22803,1.22664,1.22792,1.22733,9418
1.22937,1.22705,1.22733,1.22896,12242
1.22913,1.22767,1.22896,1.22913,13635
1.23101,1.22713,1.22913,1.22967,24469
1.23058,1.22808,1.22967,1.23008,22964
1.23023,1.22782,1.23008,1.22791,15420
1.22888,1.2276,1.22791,1.22884,8166
1.22912,1.22855,1.22884,1.22909,4964
1.22927,1.22805,1.22909,1.22884,6100
1.22951,1.22883,1.22884,1.22918,5521
1.23022,1.2291,1.22918,1.22927,3522
1.22981,1.22918,1.22927,1.22955,1139
1.23044,1.22954,1.22955,1.22984,2187
1.23082,1.2295,1.22984,1.23065,4298
1.23093,1.2299,1.23065,1.23066,6110
1.23092,1.22854,1.23066,1.22896,5933
1.22939,1.22864,1.22896,1.2291,5045
1.22913,1.22852,1.2291,1.22867,3225
1.22971,1.22853,1.22867,1.22896,3925
1.22928,1.22862,1.22896,1.22914,3986
1.23032,1.22908,1.22914,1.22964,8604
1.23042,1.22872,1.22964,1.23011,13456
1.23012,1.22769,1.23011,1.22791,17614
1.22885,1.22747,1.22791,1.22796,16319
1.2288,1.22666,1.22796,1.22748,11235
1.22816,1.22595,1.22748,1.22718,10967
1.22873,1.22642,1.22718,1.22845,10316
1.22852,1.22651,1.22845,1.22694,12083
1.22706,1.22247,1.22694,1.22384,24762
1.22403,1.22211,1.22384,1.223,19851
1.22346,1.22216,1.223,1.22252,11673
1.2228,1.22149,1.22252,1.22169,6982
1.22171,1.22152,1.22169,1.22157,223
1.22407,1.22279,1.2239,1.22336,678
1.22527,1.22302,1.22336,1.22499,9591
1.22499,1.22386,1.22499,1.22409,11034
1.22557,1.224,1.22409,1.22525,11917
1.22585,1.22497,1.22525,1.22539,10282
1.22578,1.22484,1.22539,1.22549,7880
1.22551,1.22437,1.22549,1.2249,6082
1.22593,1.22416,1.2249,1.22552,7758
1.22578,1.22423,1.22552,1.22561,10659
1.22691,1.2254,1.22561,1.22638,14294
1.22863,1.22617,1.22638,1.22813,21001
1.23006,1.22789,1.22813,1.22934,17193
1.22998,1.22896,1.22934,1.22924,13000
1.22996,1.22912,1.22924,1.22932,12416
1.23062,1.22871,1.22932,1.23035,15642
1.23051,1.22863,1.23035,1.2299,20590
1.23099,1.22837,1.2299,1.2289,25851
1.22908,1.22604,1.2289,1.22718,28646
1.22774,1.22525,1.22718,1.22538,25796
1.22613,1.22499,1.22538,1.22528,18956
1.22569,1.22425,1.22528,1.2251,12381
1.22525,1.22437,1.2251,1.22521,9604
1.22524,1.22414,1.22521,1.22491,9095
1.22525,1.22417,1.22491,1.22433,5200
1.22516,1.22411,1.22433,1.22503,705
1.22535,1.22471,1.22503,1.22526,4263
1.22571,1.22473,1.22526,1.22557,7162
1.22629,1.22549,1.22557,1.22571,7811
1.2273,1.2257,1.22571,1.22704,7369
1.22769,1.22677,1.22704,1.22729,8326
1.22729,1.22661,1.22729,1.2269,6924
1.22733,1.22671,1.2269,1.22722,7454
1.22745,1.22665,1.22722,1.22696,7862
1.22711,1.22552,1.22696,1.22583,14136
1.22786,1.22581,1.22583,1.22742,19555
1.22839,1.22685,1.22742,1.22723,15050
1.22843,1.22715,1.22723,1.22772,12092
1.22906,1.22769,1.22772,1.22831,11926
1.22847,1.2266,1.22831,1.22724,16153
1.2276,1.22604,1.22724,1.22624,18826
1.22786,1.2259,1.22624,1.22645,23601
1.22827,1.22541,1.22645,1.22754,30220
1.22966,1.22731,1.22754,1.22945,22330
1.23052,1.22927,1.22945,1.22995,17733
1.23048,1.22927,1.22995,1.22935,10256
1.23041,1.22898,1.22935,1.23035,8721
1.23057,1.22928,1.23035,1.22938,7894
1.22992,1.22896,1.22938,1.22925,3171
1.23015,1.2291,1.22925,1.22963,780
1.23013,1.22945,1.22963,1.22986,4216
1.23269,1.22919,1.22986,1.23089,18673
1.23151,1.22811,1.23089,1.22892,27953
1.22936,1.22768,1.22892,1.22787,14322
1.22951,1.22757,1.22787,1.22859,15014
1.23065,1.22835,1.22859,1.22919,15311
1.23058,1.22917,1.22919,1.22966,8918
1.23218,1.22966,1.22966,1.23166,10435
1.23453,1.23125,1.23166,1.23396,25623
1.23405,1.23223,1.23396,1.23249,24859
1.2339,1.23207,1.23249,1.23385,21338
1.23445,1.23333,1.23385,1.23381,16318
1.23495,1.23335,1.23381,1.23373,17465
1.23495,1.23296,1.23373,1.23401,21940
1.23448,1.23167,1.23401,1.23196,22974
1.23208,1.22925,1.23196,1.23094,38466
1.23177,1.22751,1.23094,1.22822,32852
1.22927,1.22655,1.22822,1.22897,27616
1.23043,1.22852,1.22897,1.2299,13799
1.23175,1.22963,1.2299,1.23098,12263
1.23162,1.22977,1.23098,1.2307,25450
1.23398,1.23068,1.2307,1.23236,25445
1.23313,1.23217,1.23236,1.23237,6738
1.23312,1.23225,1.23237,1.23278,1690
1.234,1.23259,1.23278,1.23383,5233
1.23445,1.23301,1.23383,1.23326,9661
1.23371,1.23281,1.23326,1.23305,9310
1.23324,1.23189,1.23305,1.23245,10935
1.23286,1.23235,1.23245,1.23275,5564
1.23314,1.2324,1.23275,1.23247,5263
1.23254,1.23108,1.23247,1.23127,7104
1.23249,1.23073,1.23127,1.23205,8931
1.23257,1.2308,1.23205,1.23111,15447
1.23171,1.22926,1.23111,1.22942,25486
1.22958,1.2264,1.22942,1.22687,25733
1.22744,1.22451,1.22687,1.22495,23119
1.22664,1.22477,1.22495,1.22568,17269
1.22733,1.22507,1.22568,1.22674,15484
1.22786,1.22618,1.22674,1.22685,20728
1.22828,1.22533,1.22685,1.2259,33555
1.22678,1.22465,1.2259,1.22593,35203
1.22774,1.22589,1.22593,1.22638,19916
1.22714,1.22548,1.22638,1.22656,12877
1.22791,1.22629,1.22656,1.22742,10013
1.22756,1.2264,1.22742,1.22678,9587
1.22718,1.22632,1.22678,1.22657,8278
1.22769,1.22629,1.22657,1.22697,4776
1.22706,1.22614,1.22697,1.22647,1273
1.22719,1.22636,1.22647,1.22689,4886
1.22725,1.22567,1.22689,1.22578,8661
1.22601,1.22351,1.22578,1.22482,15928
1.22605,1.22454,1.22482,1.22599,9374
1.22648,1.22587,1.22599,1.22619,7683
1.22634,1.22563,1.22619,1.22632,5620
1.22681,1.22569,1.22632,1.22579,7685
1.22682,1.22575,1.22579,1.22633,7242
1.2269,1.22323,1.22633,1.22389,15250
1.22389,1.22133,1.22389,1.22237,27601
1.22408,1.22175,1.22237,1.224,18771
1.22447,1.22362,1.224,1.22393,12719
1.22536,1.22326,1.22393,1.22505,13539
1.22527,1.22454,1.22505,1.22485,14687
1.22848,1.22345,1.22485,1.22709,38156
1.22836,1.22431,1.22709,1.22496,35898
1.22582,1.22222,1.22496,1.22552,35070
1.22634,1.22366,1.22552,1.22517,32389
1.22532,1.22241,1.22517,1.22287,18533
1.22289,1.2193,1.22287,1.2195,17320
1.22178,1.2195,1.2195,1.22148,12271
1.22266,1.22119,1.22148,1.2226,8162
1.22273,1.22146,1.2226,1.22189,4525
1.22251,1.22127,1.22175,1.22149,270
1.22174,1.21824,1.22149,1.21871,9854
1.2196,1.21812,1.21871,1.21886,9217
1.21909,1.21711,1.21886,1.21778,10214
1.21801,1.2167,1.21778,1.21801,8589
1.21803,1.21709,1.21801,1.21733,6216
1.21769,1.21667,1.21733,1.21739,5792
1.21821,1.217,1.21739,1.21816,7364
1.21905,1.21771,1.21816,1.219,9429
1.21935,1.21768,1.219,1.21786,14308
1.21998,1.21783,1.21786,1.21903,20310
1.21938,1.216,1.21903,1.21607,18385
1.21674,1.21545,1.21607,1.21672,15150
1.21689,1.21584,1.21672,1.21663,11596
1.21721,1.21554,1.21663,1.21658,14428
1.21681,1.21392,1.21658,1.21446,17348
1.21579,1.21337,1.21446,1.21374,32453
1.21558,1.21321,1.21374,1.21505,23977
1.21718,1.21474,1.21505,1.21689,18096
1.21743,1.21657,1.21689,1.2167,10565
1.21716,1.21632,1.2167,1.21655,7380
1.21694,1.21612,1.21655,1.21624,6428
1.21652,1.21528,1.21624,1.21535,7629
1.2158,1.21489,1.21535,1.21497,2950
1.21559,1.21493,1.21497,1.21512,538
1.21615,1.21512,1.21512,1.21606,4100
1.21621,1.21512,1.21606,1.21594,5776
1.21621,1.21405,1.21594,1.21491,10158
1.21494,1.21414,1.21491,1.21439,6721
1.21502,1.21425,1.21439,1.21486,4774
1.21487,1.21387,1.21486,1.21429,4301
1.21553,1.21399,1.21429,1.21533,6065
1.21615,1.21487,1.21533,1.21608,7553
1.2175,1.21555,1.21608,1.21634,13607
1.21672,1.21504,1.21634,1.21519,17262
1.21792,1.21503,1.21519,1.21617,19613
1.21667,1.21442,1.21617,1.21453,14889
1.21583,1.21407,1.21453,1.21515,13219
1.21598,1.21494,1.21515,1.21552,16222
1.21648,1.21405,1.21552,1.21463,17830
1.21588,1.21371,1.21463,1.21512,22306
1.21663,1.2149,1.21512,1.21555,20676
1.21684,1.21549,1.21555,1.21681,13530
1.21778,1.21624,1.21681,1.21745,13760
1.21931,1.21721,1.21745,1.2187,12281
1.22068,1.21866,1.2187,1.21997,14122
1.22081,1.21979,1.21997,1.22056,9443
1.22097,1.22025,1.22056,1.22058,4562
1.22077,1.21992,1.22058,1.22053,2345
1.22094,1.22018,1.22053,1.22087,4389
1.22161,1.22073,1.22087,1.2208,6723
1.22183,1.22049,1.2208,1.22174,8508
1.22193,1.2212,1.22174,1.22127,5940
1.22206,1.22127,1.22127,1.22159,4786
1.22159,1.22086,1.22159,1.22086,4463
1.22142,1.22072,1.22086,1.2209,5618
1.22173,1.22079,1.2209,1.22141,4995
1.22229,1.22028,1.22141,1.22032,11488
1.22078,1.21856,1.22032,1.2191,17205
1.21928,1.21821,1.2191,1.21893,14607
1.21919,1.21727,1.21893,1.21775,13550
1.21788,1.21608,1.21775,1.21629,14412
1.21758,1.21626,1.21629,1.21729,13554
1.21786,1.21543,1.21729,1.21612,20033
1.2175,1.21538,1.21612,1.2164,23048
1.21807,1.21573,1.2164,1.21598,23801
1.21656,1.21519,1.21598,1.21577,15682
1.21695,1.21395,1.21577,1.21655,15792
1.21748,1.21604,1.21655,1.21612,9555
1.21628,1.21527,1.21612,1.21539,7165
1.21581,1.21484,1.21539,1.21544,5900
1.21582,1.21533,1.21544,1.21568,4165
1.21609,1.21509,1.21568,1.21561,6887
1.21638,1.21537,1.21561,1.21619,3251
1.21709,1.216,1.21619,1.21647,5862
1.21719,1.21638,1.21647,1.21661,6907
1.21691,1.21353,1.21661,1.21522,14672
1.21541,1.21388,1.21522,1.21452,8876
1.21503,1.21432,1.21452,1.21497,5710
1.21554,1.2145,1.21497,1.21551,9815
1.21552,1.21496,1.21551,1.215,6368
1.21506,1.2136,1.215,1.21433,12975
1.21627,1.21412,1.21433,1.21585,18797
1.21674,1.21494,1.21585,1.21662,15199
1.21671,1.21568,1.21662,1.21657,10762
1.21664,1.21483,1.21657,1.21516,11223
1.21558,1.21245,1.21516,1.21297,15614
1.21321,1.2111,1.21297,1.21197,27668
1.21287,1.21139,1.21197,1.21172,22908
1.21393,1.21118,1.21172,1.21356,22515
1.21586,1.21324,1.21356,1.21546,17986
1.2179,1.21494,1.21546,1.21656,15991
1.21772,1.21501,1.21656,1.21507,20795
1.21579,1.21467,1.21507,1.21552,9953
1.21655,1.21546,1.21552,1.21642,8346
1.21648,1.21496,1.21642,1.21515,3693
1.21561,1.21499,1.21515,1.21512,2633
1.21561,1.21501,1.21512,1.21505,4858
1.21625,1.21505,1.21505,1.21544,6298
1.21576,1.21485,1.21544,1.21507,6978
1.21517,1.21434,1.21507,1.21516,4665
1.21547,1.21493,1.21516,1.21495,4451
1.2151,1.21433,1.21495,1.21469,5285
1.21469,1.21351,1.21469,1.21398,6709
1.2144,1.21338,1.21398,1.21377,6571
1.21468,1.21343,1.21377,1.2135,10923
1.21412,1.21177,1.2135,1.2131,17283
1.21416,1.2128,1.2131,1.21389,12646
1.21443,1.21268,1.21389,1.21317,11747
1.21371,1.21221,1.21317,1.21233,11443
1.21253,1.21154,1.21233,1.21217,15024
1.21329,1.2114,1.21217,1.2116,15746
1.21178,1.20937,1.2116,1.20974,22422
1.2102,1.20818,1.20974,1.20933,27773
1.21003,1.20876,1.20933,1.20976,16435
1.21002,1.20881,1.20976,1.20937,10323
1.20937,1.20773,1.20937,1.20806,9655
1.20849,1.20767,1.20806,1.20769,5997
1.2082,1.20765,1.20769,1.20784,5346
1.208,1.20743,1.20784,1.20747,3745
1.20826,1.20754,1.20826,1.20771,479
1.20864,1.20661,1.20771,1.20664,9529
1.20782,1.20651,1.20664,1.20757,9379
1.20813,1.20709,1.20757,1.20787,8474
1.20848,1.20753,1.20787,1.2083,7780
1.20831,1.20701,1.2083,1.20741,6525
1.20745,1.20654,1.20741,1.20701,5945
1.20778,1.20657,1.20701,1.20776,7028
1.20818,1.20736,1.20776,1.20807,5433
1.20869,1.20674,1.20807,1.20675,12632
1.20798,1.2067,1.20675,1.20694,16007
1.20755,1.2059,1.20694,1.20621,16298
1.20698,1.20563,1.20621,1.20671,10956
1.20757,1.20625,1.20671,1.20653,11917
1.20672,1.20535,1.20653,1.20561,9017
1.20694,1.20546,1.20561,1.2066,9419
1.20729,1.20627,1.2066,1.20717,10761
1.20768,1.2068,1.20717,1.20746,8863
1.2081,1.20736,1.20746,1.20766,6532
1.20766,1.20709,1.20766,1.20748,3902
1.20781,1.20716,1.20748,1.2074,2702
1.20819,1.20739,1.2074,1.20788,6922
1.20809,1.20767,1.20788,1.20767,2699
1.2081,1.20746,1.20767,1.20746,3795
1.20787,1.20746,1.20746,1.20768,517
1.20782,1.2074,1.20768,1.20778,3109
1.20929,1.20774,1.20778,1.20864,6198
1.20967,1.2086,1.20864,1.20933,8356
1.20979,1.20908,1.20933,1.20947,6487
1.20985,1.20924,1.20947,1.2097,5898
1.20972,1.2094,1.2097,1.20955,3027
1.20971,1.20909,1.20955,1.20969,4850
1.2098,1.20924,1.20969,1.2098,5132
1.21078,1.20854,1.2098,1.21043,11528
1.21188,1.21031,1.21043,1.21094,17598
1.21229,1.21027,1.21094,1.21182,13900
1.21344,1.21181,1.21182,1.21283,16188
1.21374,1.21271,1.21283,1.21272,10389
1.21335,1.21242,1.21272,1.21259,10710
1.21413,1.21233,1.21259,1.2136,13326
1.21449,1.21222,1.2136,1.21261,16820
1.21352,1.21188,1.21261,1.21283,21086
1.21341,1.21158,1.21283,1.21248,14023
1.21263,1.21166,1.21248,1.21212,8890
1.21248,1.21187,1.21212,1.21217,6142
1.21298,1.21194,1.21217,1.21252,6456
1.2128,1.21231,1.21252,1.2127,5991
1.21296,1.21245,1.2127,1.21285,2486
1.21287,1.212,1.21285,1.2128,752
1.21399,1.21268,1.2128,1.21394,4102
1.21468,1.21272,1.21394,1.21425,9352
1.21451,1.21355,1.21425,1.21408,6463
1.21496,1.21397,1.21408,1.21434,5646
1.21472,1.21422,1.21434,1.21443,4855
1.21447,1.21396,1.21443,1.21404,3617
1.21445,1.21403,1.21404,1.21443,3609
1.21579,1.21422,1.21443,1.21487,7236
1.21577,1.21476,1.21487,1.21557,9879
1.21582,1.21309,1.21557,1.21351,17738
1.21367,1.21181,1.21351,1.21274,19808
1.21278,1.21133,1.21274,1.21213,15049
1.21227,1.21115,1.21213,1.21122,13121
1.21147,1.20962,1.21122,1.20983,14060
1.21089,1.20955,1.20983,1.21072,14393
1.21135,1.20767,1.21072,1.20804,21790
1.21178,1.20804,1.20804,1.21054,25975
1.21149,1.20925,1.21054,1.21102,14845
1.21137,1.2101,1.21102,1.21067,10314
1.21099,1.21033,1.21067,1.21092,6754
1.21093,1.21031,1.21092,1.21071,6289
1.21076,1.2099,1.21071,1.2107,6818
1.21077,1.21043,1.2107,1.21044,2881
1.21101,1.21011,1.21044,1.21091,898
1.21188,1.2109,1.21091,1.21146,3996
1.21177,1.21093,1.21146,1.21176,4499
1.21308,1.21154,1.21176,1.21239,7762
1.21337,1.21229,1.21239,1.21253,5776
1.21323,1.21253,1.21253,1.21299,5556
1.21318,1.2127,1.21299,1.21295,4038
1.21381,1.21282,1.21295,1.21348,4911
1.21371,1.21285,1.21348,1.21313,5759
1.21353,1.21177,1.21313,1.21195,11402
1.21374,1.21146,1.21195,1.21321,15909
1.21461,1.21274,1.21321,1.21426,13190
1.21471,1.2135,1.21426,1.2139,11546
1.21461,1.21324,1.2139,1.21432,9802
1.21552,1.21414,1.21432,1.21434,14887
1.21732,1.21407,1.21434,1.21516,34827
1.21573,1.21364,1.21516,1.215,28455
1.217,1.21485,1.215,1.21513,23860
1.21546,1.21368,1.21513,1.21425,16224
1.215,1.21358,1.21425,1.21487,10326
1.21567,1.21482,1.21487,1.21553,7196
1.21612,1.21539,1.21553,1.216,7315
1.21699,1.21568,1.216,1.21687,6378
1.217,1.21578,1.21687,1.21615,3249
1.2169,1.2161,1.21615,1.2167,621
1.21706,1.21648,1.2167,1.21655,4164
1.21777,1.21649,1.21655,1.21691,6349
1.21736,1.21615,1.21691,1.21729,7703
1.21762,1.21701,1.21729,1.21741,7460
1.21757,1.21712,1.21741,1.21737,4944
1.21767,1.21713,1.21737,1.21734,4639
1.21745,1.21708,1.21734,1.2172,3906
1.2172,1.21628,1.2172,1.21655,6225
1.21655,1.21533,1.21655,1.21568,12106
1.21838,1.21516,1.21568,1.21799,20493
1.21896,1.21596,1.21799,1.21738,22866
1.21778,1.21664,1.21738,1.21683,13348
1.21875,1.21682,1.21683,1.21766,12863
1.21813,1.21594,1.21766,1.21639,12896
1.21708,1.21553,1.21639,1.21654,13791
1.21745,1.21542,1.21654,1.2174,17294
1.21849,1.21621,1.2174,1.21723,22563
1.21818,1.21707,1.21723,1.21775,15133
1.21794,1.21628,1.21775,1.21672,10436
1.21709,1.21653,1.21672,1.21688,5963
1.21732,1.21664,1.21688,1.21665,5527
1.2172,1.21653,1.21665,1.21681,5745
1.21716,1.21659,1.21681,1.21704,3976
1.21706,1.21619,1.21679,1.21645,417
1.21707,1.2164,1.21645,1.2167,4716
1.21736,1.21661,1.2167,1.21679,6880
1.21688,1.21601,1.21679,1.21643,10475
1.21755,1.21643,1.21643,1.21703,7319
1.21778,1.21703,1.21703,1.21749,5111
1.21803,1.21749,1.21749,1.21761,3729
1.2181,1.21749,1.21761,1.21808,6086
1.21833,1.21738,1.21808,1.21772,7185
1.21828,1.21717,1.21772,1.21795,12726
1.21801,1.21683,1.21795,1.2173,17002
1.21745,1.21439,1.2173,1.21475,22250
1.21592,1.21401,1.21475,1.21572,16744
1.21627,1.21543,1.21572,1.21567,12184
1.21595,1.21495,1.21567,1.21533,12953
1.21535,1.21434,1.21533,1.21469,14876
1.21526,1.21199,1.21469,1.21207,23331
1.21314,1.2116,1.21207,1.21302,27261
1.21382,1.21194,1.21302,1.21368,25253
1.21478,1.21363,1.21368,1.21445,15253
1.21468,1.21402,1.21445,1.21431,8551
1.21445,1.21368,1.21431,1.21387,6875
1.21417,1.2136,1.21387,1.21416,6426
1.21437,1.21365,1.21416,1.21368,3437
1.21441,1.21351,1.21368,1.21418,3640
1.21444,1.21409,1.21418,1.21426,2092
1.21428,1.2133,1.21426,1.21342,3712
1.21457,1.21333,1.21342,1.21454,6531
1.21463,1.21423,1.21454,1.21423,6806
1.21442,1.21376,1.21423,1.21397,5193
1.21401,1.21275,1.21397,1.21303,6230
1.21319,1.2127,1.21303,1.21312,5679
1.21313,1.21233,1.21312,1.21272,6840
1.21313,1.21078,1.21272,1.21113,17492
1.21416,1.21113,1.21113,1.21383,24596
1.21387,1.21207,1.21383,1.21288,19829
1.21349,1.21231,1.21288,1.21268,16833
1.21427,1.21251,1.21268,1.21376,15666
1.21494,1.21361,1.21376,1.21441,18309
1.21618,1.21405,1.21441,1.21566,16581
1.21643,1.2154,1.21566,1.2159,19084
1.2176,1.21575,1.2159,1.21678,23738
1.21691,1.21398,1.21678,1.21463,17919
1.21582,1.2146,1.21463,1.21574,11834
1.21651,1.21563,1.21574,1.21637,7571
1.21683,1.21595,1.21637,1.21647,6950
1.21678,1.21639,1.21647,1.21675,4451
1.21686,1.21581,1.21675,1.21596,4036
1.21635,1.21589,1.21596,1.21608,1517
1.21637,1.21598,1.21608,1.21632,2472
1.21699,1.21606,1.21632,1.21624,5920
1.21672,1.21583,1.21624,1.2161,6990
1.21612,1.21554,1.2161,1.2159,5083
1.21593,1.21548,1.2159,1.21567,4842
1.2158,1.21534,1.21567,1.21574,3726
1.21652,1.2156,1.21574,1.21629,4583
1.21659,1.21587,1.21629,1.21629,5441
1.21632,1.21519,1.21629,1.2155,9741
1.21586,1.21438,1.2155,1.21481,19888
1.21489,1.21194,1.21481,1.21227,26818
1.21329,1.21189,1.21227,1.21312,12571
1.21312,1.21134,1.21312,1.21166,18715
1.21198,1.21054,1.21166,1.21078,23614
1.21172,1.2098,1.21078,1.21112,22318
1.21126,1.20585,1.21112,1.20683,43933
1.20983,1.20678,1.20683,1.20912,39954
1.21096,1.20892,1.20912,1.21003,21349
1.21194,1.2097,1.21003,1.2118,17178
1.21209,1.21105,1.2118,1.21203,11373
1.21293,1.20979,1.21203,1.21001,26913
1.2108,1.20932,1.21001,1.21048,24785
1.21143,1.21019,1.21048,1.21078,8011
1.21103,1.21023,1.21078,1.21081,964
1.21113,1.20944,1.21081,1.21028,5366
1.2105,1.20823,1.21028,1.20881,12306
1.21059,1.2086,1.20881,1.21014,10428
1.21051,1.20907,1.21014,1.20943,7133
1.20944,1.20876,1.20943,1.20912,7939
1.2094,1.20871,1.20912,1.20937,7426
1.21057,1.20915,1.20937,1.21054,8254
1.21054,1.20933,1.21054,1.21034,7826
1.21034,1.20808,1.21034,1.20942,20138
1.21135,1.20889,1.20942,1.20908,31451
1.21114,1.20906,1.20908,1.21089,25140
1.21176,1.21035,1.21089,1.2109,21484
1.21117,1.2096,1.2109,1.21022,18768
1.21119,1.20981,1.21022,1.20988,17668
1.21307,1.2088,1.20988,1.21285,28655
1.21424,1.21218,1.21285,1.21295,37637
1.21418,1.21214,1.21295,1.21215,27877
1.21295,1.21188,1.21215,1.21215,19288
1.21304,1.2121,1.21215,1.21252,17205
1.21376,1.21239,1.21252,1.21346,11561
1.214,1.21314,1.21346,1.21316,9817
1.21377,1.21247,1.21316,1.2126,10772
1.21269,1.21185,1.2126,1.21204,5296
1.21255,1.21169,1.21204,1.21211,1951
1.21244,1.21183,1.21211,1.21208,2557
1.21218,1.21037,1.21208,1.21073,8373
1.2116,1.21062,1.21073,1.21083,7400
1.21091,1.21019,1.21083,1.21043,7120
1.21064,1.20973,1.21043,1.20973,6344
1.21021,1.20951,1.20973,1.20998,8226
1.21016,1.20943,1.20998,1.20996,7126
1.21068,1.20979,1.20996,1.21055,6617
1.21088,1.20995,1.21055,1.21045,14575
1.21197,1.20972,1.21045,1.21171,26650
1.21212,1.21059,1.21171,1.21167,25741
1.21345,1.21069,1.21167,1.21343,20910
1.21387,1.21266,1.21343,1.21266,17547
1.21486,1.21266,1.21266,1.21336,21218
1.21522,1.21265,1.21336,1.21463,39317
1.21561,1.21393,1.21463,1.21465,28045
1.21553,1.21251,1.21465,1.21493,36327
1.21535,1.21297,1.21493,1.21352,27931
1.21439,1.21294,1.21352,1.21324,18950
1.21365,1.21274,1.21324,1.21295,15601
1.21349,1.21284,1.21295,1.21308,13026
1.21393,1.21303,1.21308,1.21348,10426
1.21389,1.21303,1.21348,1.21327,6801
1.2132,1.2125,1.2128,1.21263,1082
1.21316,1.21204,1.21263,1.21227,10655
1.213,1.21199,1.21227,1.21299,8407
1.21365,1.21256,1.21299,1.21274,10332
1.21296,1.21245,1.21274,1.2127,7160
1.21317,1.21257,1.2127,1.21296,6177
1.21331,1.21274,1.21296,1.21279,6584
1.21326,1.21259,1.21279,1.213,6417
1.21327,1.21278,1.213,1.21292,5284
1.21309,1.21217,1.21292,1.21285,13097
1.21309,1.20882,1.21285,1.20889,27328
1.21044,1.20836,1.20889,1.20937,23461
1.20941,1.20695,1.20937,1.20798,19048
1.20845,1.20725,1.20798,1.20816,14475
1.20888,1.20722,1.20816,1.20756,16033
1.20929,1.2073,1.20756,1.2085,21627
1.20995,1.20835,1.2085,1.20869,23832
1.20983,1.20798,1.20869,1.20846,27142
1.20873,1.20682,1.20846,1.20686,16943
1.20701,1.20626,1.20686,1.20696,12695
1.20783,1.20615,1.20696,1.20678,11755
1.20771,1.20654,1.20678,1.20664,8305
1.20712,1.2056,1.20664,1.20566,10877
1.20618,1.20561,1.20566,1.20594,5036
1.2064,1.2059,1.20594,1.20614,666
1.20685,1.20602,1.20614,1.20677,3889
1.20687,1.20624,1.20677,1.2068,7826
1.20862,1.20673,1.2068,1.20841,8234
1.20878,1.20817,1.20841,1.20834,6075
1.20847,1.20797,1.20834,1.20818,8769
1.20829,1.20751,1.20818,1.20757,5076
1.20795,1.20746,1.20757,1.20792,5234
1.20797,1.20661,1.20792,1.20708,5231
1.20761,1.2064,1.20708,1.20687,13095
1.20874,1.20673,1.20687,1.20866,20566
1.20867,1.20639,1.20866,1.20668,15135
1.20696,1.2032,1.20668,1.20354,28698
1.20408,1.20264,1.20354,1.20277,14750
1.20401,1.20261,1.20277,1.20387,13831
1.20499,1.20347,1.20387,1.20481,19279
1.20493,1.20203,1.20481,1.20237,23469
1.20339,1.20207,1.20237,1.20273,26152
1.20327,1.20187,1.20273,1.2019,16883
1.20256,1.20114,1.2019,1.2019,13888
1.20248,1.20176,1.2019,1.2018,9267
1.20256,1.20172,1.2018,1.20201,6336
1.20403,1.2017,1.20201,1.2037,8627
1.2046,1.20342,1.2037,1.20433,6981
1.20449,1.20419,1.20433,1.20431,830
1.20443,1.20363,1.20431,1.20368,4484
1.20462,1.20358,1.20368,1.20442,6383
1.20502,1.20421,1.20442,1.20468,7910
1.2048,1.20445,1.20468,1.20464,6443
1.20481,1.20418,1.20464,1.20418,5839
1.20438,1.20393,1.20418,1.20433,3975
1.20459,1.20416,1.20433,1.2044,4725
1.20441,1.20348,1.2044,1.20377,5317
1.20405,1.20275,1.20377,1.20375,12003
1.20423,1.20311,1.20375,1.20315,14726
1.20319,1.201,1.20315,1.20229,17987
1.20303,1.20121,1.20229,1.20211,12647
1.20244,1.20161,1.20211,1.20162,7251
1.20229,1.20048,1.20162,1.20107,13909
1.20235,1.20084,1.20107,1.20171,16081
1.20326,1.20157,1.20171,1.20267,20195
1.20303,1.2004,1.20267,1.20107,21545
1.20267,1.20106,1.20107,1.20237,13009
1.20308,1.20227,1.20237,1.20267,9509
1.20282,1.20211,1.20267,1.20272,6886
1.20289,1.20255,1.20272,1.20255,5228
1.20362,1.20241,1.20255,1.20332,8216
1.20375,1.2032,1.20332,1.20348,3315
1.20353,1.20283,1.20348,1.20328,872
1.20419,1.20327,1.20328,1.20414,2995
1.20428,1.20349,1.20414,1.20358,6240
1.20389,1.20335,1.20358,1.20349,7631
1.20386,1.20313,1.20349,1.20325,5046
1.20334,1.20166,1.20325,1.20186,8948
1.2021,1.20159,1.20186,1.20198,4114
1.20198,1.20126,1.20198,1.20171,7754
1.20171,1.20072,1.20171,1.20114,6595
1.20133,1.19997,1.20114,1.20082,15044
1.20138,1.19911,1.20082,1.19933,22882
1.19962,1.19831,1.19933,1.19858,17770
1.19972,1.19836,1.19858,1.19877,12293
1.19961,1.19838,1.19877,1.19876,10370
1.19943,1.19827,1.19876,1.19927,20467
1.19979,1.19833,1.19927,1.19839,16032
1.19893,1.19758,1.19839,1.19807,18284
1.19844,1.19665,1.19807,1.19786,18511
1.19795,1.19719,1.19786,1.19743,9585
1.19743,1.19573,1.19743,1.19602,10417
1.19668,1.19585,1.19602,1.19631,5983
1.1968,1.19577,1.19631,1.19661,7177
1.19678,1.19636,1.19661,1.1966,5373
1.1968,1.19601,1.1966,1.19614,3803
1.19679,1.19574,1.19614,1.19644,1263
1.19689,1.19624,1.19644,1.19663,2732
1.1972,1.19633,1.19663,1.19689,5388
1.19694,1.19622,1.19689,1.1966,6290
1.19681,1.19534,1.1966,1.19541,7362
1.19574,1.19521,1.19541,1.19547,5226
1.19573,1.19538,1.19547,1.19562,3619
1.19632,1.19553,1.19562,1.19629,4811
1.19663,1.19596,1.19629,1.19656,5016
1.19669,1.19597,1.19656,1.19633,8156
1.19876,1.19633,1.19633,1.19844,22575
1.19879,1.19764,1.19844,1.19769,11215
1.1983,1.19737,1.19769,1.19738,11393
1.19815,1.19688,1.19738,1.19798,11715
1.19932,1.19773,1.19798,1.19894,13743
1.20239,1.19812,1.19894,1.20039,31439
1.20226,1.20007,1.20039,1.20214,26264
1.20339,1.20178,1.20214,1.20237,20192
1.20402,1.20237,1.20237,1.20349,14321
1.20419,1.20335,1.20349,1.20379,9590
1.20476,1.20371,1.20379,1.20425,6932
1.20442,1.20391,1.20425,1.20426,5214
1.20497,1.20405,1.20426,1.20491,5558
1.205,1.20456,1.20491,1.2049,4814
1.2043,1.20324,1.20364,1.20427,697
1.20542,1.20421,1.20427,1.20484,7448
1.20527,1.20305,1.20484,1.20325,9572
1.20387,1.20296,1.20325,1.20382,5253
1.20384,1.20314,1.20382,1.20363,4255
1.20391,1.20349,1.20363,1.20384,3474
1.20401,1.20344,1.20384,1.20348,2299
1.20428,1.20347,1.20348,1.20366,3818
1.20397,1.20332,1.20366,1.20391,3997
1.20488,1.20319,1.20391,1.20408,7380
1.20478,1.20252,1.20408,1.20309,12395
1.20352,1.2024,1.20309,1.20282,9944
1.20347,1.20232,1.20282,1.20322,10676
1.20392,1.2029,1.20322,1.20297,10455
1.20325,1.20198,1.20297,1.20266,13516
1.20441,1.20201,1.20266,1.20376,19050
1.20637,1.20372,1.20376,1.20562,21660
1.2066,1.20464,1.20562,1.20467,20582
1.2052,1.20331,1.20467,1.20445,13816
1.20516,1.20421,1.20445,1.20471,9427
1.20512,1.20438,1.20471,1.20499,5878
1.20577,1.20488,1.20499,1.20553,5404
1.20574,1.205,1.20553,1.20517,5337
1.20521,1.20449,1.20517,1.20449,3093
1.20521,1.20438,1.20449,1.20489,638
1.20537,1.20471,1.20489,1.20522,2571
1.206,1.20493,1.20522,1.20578,5341
1.20641,1.20562,1.20578,1.20594,6380
1.20821,1.20594,1.20594,1.20798,10556
1.20814,1.2076,1.20798,1.20771,5033
1.20801,1.20754,1.20771,1.20757,4444
1.20807,1.20757,1.20757,1.20781,4473
1.20826,1.20744,1.20781,1.2077,5446
1.20869,1.20767,1.2077,1.20812,11269
1.20977,1.20673,1.20812,1.20977,19578
1.21165,1.20948,1.20977,1.21096,19367
1.21133,1.21029,1.21096,1.21042,13712
1.21071,1.20977,1.21042,1.21053,11005
1.21067,1.2098,1.21053,1.20994,11604
1.21059,1.20901,1.20994,1.21018,17881
1.21035,1.20901,1.21018,1.20913,21999
1.21036,1.20885,1.20913,1.20977,20204
1.21064,1.20922,1.20977,1.21049,12112
1.21094,1.21032,1.21049,1.21054,8697
1.21078,1.2102,1.21054,1.21052,6469
1.21208,1.21052,1.21052,1.21185,8051
1.21202,1.21158,1.21185,1.21167,4838
1.2122,1.21143,1.21167,1.21169,3604
1.21189,1.2115,1.21169,1.21188,466
1.21191,1.21155,1.21188,1.21162,2856
1.21172,1.21121,1.21162,1.21147,4050
1.21182,1.21088,1.21147,1.2116,5525
1.21267,1.21158,1.2116,1.21244,5502
1.21297,1.21243,1.21244,1.21272,4583
1.21298,1.21262,1.21272,1.21288,2327
1.21289,1.21242,1.21288,1.21242,3292
1.21274,1.2123,1.21242,1.21272,3626
1.21339,1.21228,1.21272,1.21306,8441
1.21441,1.2123,1.21306,1.21393,15992
1.21393,1.21142,1.21393,1.21193,19138
1.2128,1.21172,1.21193,1.21247,13431
1.21307,1.21222,1.21247,1.21241,8001
1.21242,1.21131,1.21241,1.21166,13773
1.21398,1.21144,1.21166,1.21286,22344
1.21393,1.21242,1.21286,1.21242,19068
1.21395,1.21232,1.21242,1.2131,27642
1.21364,1.21291,1.2131,1.21311,14305
1.21387,1.21261,1.21311,1.21382,12066
1.21383,1.21281,1.21382,1.21296,6541
1.2132,1.21244,1.21296,1.21291,6871
1.21292,1.21186,1.21291,1.21197,7010
1.2122,1.21165,1.21197,1.21174,2902
1.21188,1.21159,1.21174,1.21182,424
1.21197,1.21163,1.21182,1.21191,2171
1.212,1.21135,1.21191,1.21142,2981
1.21178,1.21139,1.21142,1.21173,2335
1.21207,1.21169,1.21173,1.21201,2159
1.2122,1.21178,1.21201,1.21209,2618
1.21253,1.21209,1.21209,1.21216,2319
1.21278,1.21216,1.21216,1.21265,2617
1.213,1.2126,1.21265,1.21295,2726
1.21328,1.21216,1.21295,1.21234,6784
1.21264,1.21178,1.21234,1.21234,13911
1.2136,1.2122,1.21234,1.21303,10125
1.21306,1.21233,1.21303,1.21237,7015
1.21313,1.21208,1.21237,1.21273,8205
1.21352,1.21272,1.21273,1.21352,7983
1.21495,1.21338,1.21352,1.21437,13721
1.21451,1.21316,1.21437,1.21347,16758
1.21433,1.2128,1.21347,1.21293,17007
1.21327,1.21216,1.21293,1.21262,12119
1.21294,1.21217,1.21262,1.21271,12851
1.21332,1.21233,1.21271,1.2131,8253
1.21318,1.21266,1.2131,1.21307,6571
1.21374,1.21295,1.21307,1.21326,5489
1.21332,1.21278,1.21326,1.21281,2017
1.2135,1.21266,1.21281,1.21312,401
1.21327,1.21276,1.21312,1.21307,1889
1.21331,1.21246,1.21307,1.21287,3823
1.21304,1.21251,1.21287,1.21272,2522
1.21272,1.21185,1.21272,1.21197,4662
1.21215,1.21188,1.21197,1.21193,3235
1.21238,1.21192,1.21193,1.21225,3674
1.21318,1.21218,1.21225,1.21314,4166
1.21315,1.21238,1.21314,1.21254,3313
1.21269,1.21122,1.21254,1.21154,8086
1.21188,1.21025,1.21154,1.21031,14051
1.21116,1.21004,1.21031,1.21083,11465
1.21139,1.21045,1.21083,1.21088,8775
1.21092,1.20967,1.21088,1.21067,8776
1.21149,1.21025,1.21067,1.21126,8739
1.21146,1.20842,1.21126,1.2087,14562
1.20963,1.20815,1.2087,1.20921,17427
1.21208,1.20918,1.20921,1.21194,16752
1.21284,1.2115,1.21194,1.21252,12480
1.21289,1.2123,1.21252,1.21234,7906
1.21263,1.21191,1.21234,1.21213,6538
1.21237,1.21155,1.21213,1.21157,4637
1.21191,1.21131,1.21157,1.21184,3619
1.2121,1.2117,1.21184,1.21188,2500
1.21245,1.21172,1.21245,1.21223,1089
1.21253,1.21201,1.21223,1.21203,3746
1.21233,1.21167,1.21203,1.21211,3906
1.21285,1.21174,1.21211,1.21268,4209
1.21328,1.21256,1.21268,1.21324,4395
1.21377,1.213,1.21324,1.21342,4416
1.2137,1.21311,1.21342,1.2132,2649
1.21402,1.21319,1.2132,1.21378,3260
1.21405,1.21342,1.21378,1.21345,3715
1.21377,1.21307,1.21345,1.21331,5731
1.21452,1.21311,1.21331,1.21397,15062
1.21449,1.21331,1.21397,1.21346,12957
1.21376,1.21311,1.21346,1.21334,7619
1.21404,1.21298,1.21334,1.21328,6604
1.21335,1.21239,1.21328,1.21304,8072
1.21337,1.21254,1.21304,1.21267,7385
1.21278,1.21208,1.21267,1.21239,7377
1.21325,1.21229,1.21239,1.21315,6469
1.21377,1.21267,1.21315,1.21368,6426
1.21382,1.21297,1.21368,1.21305,4556
1.21345,1.21287,1.21305,1.21309,1913
1.2132,1.21297,1.21309,1.21306,1503
1.21319,1.21297,1.21306,1.21305,1030
1.21339,1.21252,1.21305,1.21275,2415
1.21302,1.21248,1.21275,1.21268,833
1.21326,1.21268,1.21268,1.21322,2241
1.21406,1.21314,1.21322,1.21373,4058
1.21468,1.21346,1.21373,1.21427,5018
1.21458,1.21409,1.21427,1.21455,3594
1.21508,1.21446,1.21455,1.21466,3402
1.21468,1.2138,1.21466,1.21395,3063
1.2141,1.21326,1.21395,1.21365,4593
1.21401,1.2134,1.21365,1.21396,3201
1.21421,1.21285,1.21396,1.2131,8087
1.21573,1.213,1.2131,1.21551,16003
1.21553,1.21449,1.21551,1.21527,12663
1.21672,1.21521,1.21527,1.21636,11553
1.21682,1.2162,1.21636,1.21653,9402
1.21695,1.21485,1.21653,1.21502,11732
1.21518,1.21065,1.21502,1.21082,23439
1.21132,1.20952,1.21082,1.20973,26300
1.21203,1.20973,1.20973,1.21193,21658
1.21238,1.21051,1.21193,1.21072,15551
1.21096,1.21037,1.21072,1.21088,9777
1.21156,1.21083,1.21088,1.21124,5016
1.2116,1.21095,1.21124,1.21153,5258
1.21179,1.21107,1.21153,1.21115,5458
1.21124,1.21029,1.21115,1.21058,2981
1.2106,1.21008,1.21058,1.21023,792
1.21036,1.2086,1.21023,1.20882,6214
1.20942,1.20864,1.20882,1.20888,7130
1.2095,1.20831,1.20888,1.20929,6375
1.20985,1.20907,1.20929,1.20946,6003
1.20956,1.2086,1.20946,1.20898,4390
1.20933,1.20888,1.20898,1.2092,3845
1.20953,1.20908,1.2092,1.20933,4729
1.20934,1.20846,1.20933,1.20863,5331
1.20867,1.20705,1.20863,1.20742,11033
1.20823,1.2065,1.20742,1.20769,18419
1.20831,1.20598,1.20769,1.20679,16497
1.20693,1.20595,1.20679,1.20686,11815
1.20693,1.20576,1.20686,1.20619,9262
1.20659,1.20569,1.20619,1.20634,9697
1.2066,1.20304,1.20634,1.20336,24517
1.20477,1.20304,1.20336,1.20395,24259
1.20406,1.2023,1.20395,1.20327,19546
1.20423,1.20248,1.20327,1.2041,16925
1.2047,1.20381,1.2041,1.20452,8534
1.20457,1.20349,1.20452,1.20377,6557
1.20398,1.20345,1.20377,1.2037,5637
1.20439,1.20364,1.2037,1.20422,5242
1.20433,1.20343,1.20422,1.20343,3547
1.20457,1.20343,1.20343,1.20435,872
1.20455,1.20422,1.20435,1.20453,2003
1.205,1.20434,1.20453,1.20487,4728
1.20501,1.20413,1.20487,1.20448,6395
1.20452,1.20386,1.20448,1.20438,4701
1.20449,1.20356,1.20438,1.20368,4866
1.20405,1.20356,1.20368,1.20373,2776
1.20466,1.20372,1.20373,1.20459,4114
1.20473,1.20425,1.20459,1.20458,3410
1.20526,1.20365,1.20458,1.20474,9937
1.20706,1.20448,1.20474,1.20688,15030
1.20755,1.20622,1.20688,1.20737,13048
1.20737,1.20626,1.20737,1.20667,10771
1.20738,1.20645,1.20667,1.2072,10674
1.20851,1.20624,1.2072,1.20777,13518
1.20899,1.20759,1.20777,1.20847,17521
1.20865,1.20677,1.20847,1.20703,21749
1.20842,1.20622,1.20703,1.20722,21971
1.20827,1.20706,1.20722,1.20773,12306
1.20841,1.20759,1.20773,1.20818,7566
1.20863,1.20796,1.20818,1.20805,5901
1.20891,1.20805,1.20805,1.2085,4403
1.20931,1.20846,1.2085,1.20916,4590
1.20946,1.20882,1.20916,1.20891,2409
1.20928,1.20853,1.20891,1.20904,420
1.20957,1.20902,1.20904,1.20918,2078
1.20985,1.20878,1.20918,1.20973,3805
1.20982,1.20863,1.20973,1.20878,5794
1.20884,1.20823,1.20878,1.20862,5732
1.2087,1.20834,1.20862,1.20848,3676
1.20941,1.20839,1.20848,1.2093,2753
1.20965,1.20912,1.2093,1.20943,4057
1.20995,1.20939,1.20943,1.20955,3544
1.21135,1.20906,1.20955,1.21094,9636
1.21337,1.21086,1.21094,1.21323,18858
1.21414,1.21274,1.21323,1.21339,11565
1.2144,1.21285,1.21339,1.21432,11291
1.21445,1.21334,1.21432,1.2138,8885
1.21418,1.2132,1.2138,1.21361,11192
1.21428,1.21262,1.21361,1.21307,14190
1.21324,1.21173,1.21307,1.2126,14989
1.21337,1.21189,1.2126,1.21283,16226
1.21401,1.21228,1.21283,1.21362,9699
1.21377,1.21221,1.21362,1.2127,8284
1.21277,1.21078,1.2127,1.2111,7931
1.21167,1.21104,1.2111,1.21154,5406
1.21196,1.21146,1.21154,1.21167,4105
1.21188,1.21141,1.21167,1.21142,2607
1.21234,1.21129,1.21129,1.21213,389
1.21292,1.21149,1.21213,1.21247,5936
1.2131,1.21206,1.21247,1.21237,4364
1.21356,1.21235,1.21237,1.21267,6865
1.21293,1.21125,1.21267,1.21202,8211
1.21207,1.2116,1.21202,1.21195,4758
1.21237,1.21195,1.21195,1.21207,3303
1.21232,1.21185,1.21207,1.21204,4270
1.21244,1.21189,1.21204,1.21194,4620
1.21194,1.21053,1.21194,1.21095,14348
1.21237,1.20911,1.21095,1.21002,21155
1.2117,1.20977,1.21002,1.2108,16360
1.21351,1.21078,1.2108,1.21292,10512
1.21444,1.2126,1.21292,1.21367,12149
1.21407,1.21315,1.21367,1.21364,10848
1.21543,1.21293,1.21364,1.21473,17635
1.21493,1.21291,1.21473,1.21462,22862
1.21541,1.21338,1.21462,1.21388,26001
1.21565,1.21353,1.21388,1.21549,13794
1.21678,1.21533,1.21549,1.21654,9730
1.21693,1.21635,1.21654,1.21655,5994
1.21691,1.21648,1.21655,1.21675,5421
1.21675,1.21513,1.21675,1.21514,6734
1.21586,1.21505,1.21514,1.21535,2796
1.216,1.21522,1.21535,1.21592,885
1.21672,1.2158,1.21592,1.21639,2872
1.21728,1.21623,1.21639,1.21706,3457
1.21772,1.21638,1.21706,1.21756,5898
1.21771,1.21689,1.21756,1.21699,5284
1.21707,1.21646,1.21699,1.21669,3367
1.21719,1.2166,1.21669,1.21719,2187
1.21727,1.2169,1.21719,1.217,3656
1.21717,1.21627,1.217,1.21705,4152
1.21801,1.21681,1.21705,1.217,10761
1.21738,1.21539,1.217,1.21588,16626
1.21589,1.21451,1.21588,1.21493,15078
1.21545,1.21438,1.21493,1.21469,13951
1.21557,1.21434,1.21469,1.21539,11836
1.2158,1.21354,1.21539,1.21426,13257
1.21509,1.214,1.21426,1.21492,13243
1.21538,1.21353,1.21492,1.21422,19057
1.21666,1.21369,1.21422,1.21594,29533
1.21665,1.21416,1.21594,1.21416,14990
1.21504,1.21413,1.21416,1.21461,11990
1.21551,1.21451,1.21461,1.21534,8578
1.21576,1.21426,1.21534,1.21441,7706
1.21504,1.21416,1.21441,1.21471,6176
1.21499,1.21431,1.21471,1.21496,2689
1.21534,1.21439,1.21496,1.21489,1709
1.21551,1.21427,1.21489,1.21507,3521
1.21581,1.21492,1.21507,1.21549,6421
1.21663,1.21474,1.21549,1.21585,16256
1.21623,1.21513,1.21585,1.21557,9071
1.21571,1.21505,1.21557,1.21521,7628
1.21525,1.21476,1.21521,1.21486,4172
1.21488,1.21455,1.21486,1.21481,6146
1.21574,1.21441,1.21481,1.21569,6830
1.21606,1.2153,1.21569,1.21554,12036
1.21747,1.21522,1.21554,1.21684,23509
1.21745,1.21588,1.21684,1.21627,17280
1.21652,1.21499,1.21627,1.21582,12935
1.21697,1.21561,1.21582,1.21634,11434
1.21724,1.2154,1.21634,1.21558,15607
1.21576,1.21232,1.21558,1.21333,29937
1.21389,1.21288,1.21333,1.21321,28674
1.21349,1.21092,1.21321,1.21222,31230
1.21431,1.21211,1.21222,1.21418,17776
1.21468,1.21398,1.21418,1.21418,11994
1.21495,1.21391,1.21418,1.21448,9233
1.21508,1.21429,1.21448,1.21479,7476
1.2169,1.21472,1.21479,1.21664,9562
1.21746,1.21616,1.21664,1.21616,4728
1.2172,1.21591,1.21616,1.21651,1439
1.21713,1.21628,1.21651,1.21694,4183
1.21696,1.21595,1.21694,1.21623,5321
1.21645,1.21566,1.21623,1.21575,8727
1.21633,1.21559,1.21575,1.21601,5795
1.21697,1.216,1.21601,1.21687,5806
1.21773,1.21673,1.21687,1.21764,5651
1.21829,1.21761,1.21764,1.2178,7057
1.21818,1.21741,1.2178,1.21812,7088
1.21888,1.21677,1.21812,1.21872,12716
1.22084,1.21872,1.21872,1.22084,19635
1.22228,1.22038,1.22084,1.22199,19000
1.22357,1.2218,1.22199,1.2228,20468
1.22377,1.22232,1.2228,1.22295,18493
1.22368,1.22241,1.22295,1.22257,16675
1.22342,1.22114,1.22257,1.22124,23892
1.22428,1.22088,1.22124,1.22411,27572
1.22432,1.2218,1.22411,1.22232,34724
1.22331,1.22163,1.22232,1.2229,21481
1.22385,1.22115,1.2229,1.22124,26558
1.22138,1.21603,1.22124,1.21801,51084
1.21931,1.21746,1.21801,1.21856,24037
1.21873,1.21626,1.21856,1.21633,21146
1.21781,1.21629,1.21633,1.2168,6220
1.2183,1.21676,1.2168,1.21821,972
1.21822,1.21576,1.21821,1.21577,8632
1.21672,1.2137,1.21577,1.21575,20976
1.21651,1.2151,1.21575,1.21638,18000
1.21828,1.2162,1.21638,1.21724,11831
1.21757,1.21595,1.21724,1.21597,10638
1.21614,1.21453,1.21597,1.2155,11969
1.21596,1.21491,1.2155,1.21538,13026
1.21595,1.21472,1.21538,1.21546,12112
1.21552,1.2129,1.21546,1.21346,28871
1.21595,1.21334,1.21346,1.21496,26746
1.21509,1.21227,1.21496,1.21251,21998
1.21292,1.21138,1.21251,1.2114,20305
1.21239,1.20925,1.2114,1.21069,26431
1.21221,1.21032,1.21069,1.21147,24937
1.21251,1.2106,1.21147,1.21236,25443
1.21378,1.21161,1.21236,1.21247,28113
1.21414,1.21092,1.21247,1.21387,46363
1.21401,1.20902,1.21387,1.20916,34601
1.20941,1.20735,1.20916,1.20798,16317
1.20865,1.20717,1.20798,1.2083,16306
1.20901,1.20765,1.2083,1.2078,10847
1.20795,1.20649,1.2078,1.20654,10477
1.20743,1.20622,1.20654,1.20699,7326
1.20773,1.20688,1.20701,1.20744,312
1.2092,1.20713,1.20744,1.20906,8655
1.21012,1.20862,1.20906,1.20917,10392
1.20956,1.2083,1.20917,1.20842,10209
1.20888,1.20794,1.20842,1.20838,8608
1.20876,1.20808,1.20838,1.2082,6715
1.20838,1.20749,1.2082,1.20775,4891
1.2085,1.20775,1.20775,1.20848,6327
1.20929,1.20817,1.20848,1.20904,6889
1.20925,1.20746,1.20904,1.20762,13760
1.20789,1.20498,1.20762,1.2055,21119
1.20557,1.20284,1.2055,1.20384,13863
1.20549,1.20374,1.20384,1.2044,11571
1.20556,1.20376,1.2044,1.20437,12694
1.20474,1.20404,1.20437,1.20447,11550
1.20541,1.20399,1.20447,1.2053,15431
1.20697,1.20395,1.2053,1.20398,25678
1.20534,1.20275,1.20398,1.20495,27645
1.20592,1.20479,1.20495,1.20534,14189
1.20612,1.20402,1.20534,1.20408,12303
1.20473,1.20325,1.20408,1.20444,8160
1.20516,1.20422,1.20444,1.20461,6876
1.20482,1.20414,1.20461,1.20445,7024
1.20499,1.20428,1.20445,1.20484,3087
1.20503,1.20425,1.20484,1.20502,568
1.20504,1.20452,1.20502,1.20486,2980
1.20491,1.20379,1.20486,1.20387,5335
1.20408,1.20271,1.20387,1.20312,10358
1.20358,1.20151,1.20312,1.2021,10557
1.20276,1.2018,1.2021,1.20268,11673
1.20278,1.20188,1.20268,1.20211,5486
1.20241,1.20166,1.20211,1.20216,8122
1.2027,1.20201,1.20216,1.20224,7315
1.20231,1.2003,1.20224,1.20071,16139
1.20164,1.1999,1.20071,1.20023,17193
1.20147,1.19918,1.20023,1.20062,18439
1.20273,1.20062,1.20062,1.20237,14657
1.20368,1.20206,1.20237,1.20314,13379
1.20377,1.20242,1.20314,1.20338,12156
1.20341,1.20199,1.20338,1.20291,16044
1.20463,1.20279,1.20291,1.20425,20606
1.20639,1.2035,1.20425,1.20624,23181
1.20807,1.20589,1.20624,1.20785,19975
1.20848,1.20768,1.20785,1.20799,10511
1.20893,1.20794,1.20799,1.20856,8038
1.20874,1.2082,1.20856,1.20839,6657
1.20944,1.20838,1.20839,1.20892,7003
1.20908,1.20857,1.20892,1.209,3440
1.20901,1.20818,1.209,1.20837,2339
1.20888,1.2083,1.20837,1.2085,3214
1.20899,1.20837,1.2085,1.20863,4562
1.20935,1.20847,1.20863,1.20915,6214
1.2092,1.20833,1.20915,1.20835,4034
1.20864,1.20825,1.20835,1.20828,3854
1.20896,1.20827,1.20828,1.20885,3399
1.20893,1.20839,1.20885,1.2084,3563
1.20859,1.20788,1.2084,1.20823,5157
1.21079,1.20806,1.20823,1.20938,14456
1.20942,1.20741,1.20938,1.20755,16921
1.21133,1.2075,1.20755,1.21013,21116
1.21032,1.20822,1.21013,1.20836,13459
1.20847,1.20596,1.20836,1.2062,14910
1.20683,1.20583,1.2062,1.20633,11742
1.20653,1.20431,1.20633,1.20545,25785
1.20626,1.20428,1.20545,1.20539,26539
1.20753,1.20469,1.20539,1.20728,33260
1.20807,1.20716,1.20728,1.20734,17113
1.20734,1.20654,1.20734,1.20702,12442
1.20786,1.20684,1.20702,1.20728,10891
1.20729,1.20642,1.20728,1.20652,11202
1.20731,1.20612,1.20652,1.20622,11347
1.20663,1.20616,1.20622,1.20619,4294
1.20651,1.20612,1.20619,1.20628,1956
1.20663,1.20435,1.20628,1.20465,5610
1.20619,1.20463,1.20465,1.20596,7631
1.20622,1.20467,1.20596,1.20621,8479
1.20632,1.20494,1.20621,1.20541,6350
1.20555,1.20487,1.20541,1.20488,6556
1.20554,1.20436,1.20488,1.20554,8218
1.20597,1.20521,1.20554,1.20563,7772
1.20614,1.20549,1.20563,1.20614,7156
1.20626,1.20517,1.20614,1.20522,11196
1.2058,1.20363,1.20522,1.20406,21606
1.20419,1.20266,1.20406,1.20325,17183
1.20491,1.20312,1.20325,1.2049,16570
1.2049,1.2034,1.2049,1.20347,13452
1.20404,1.20276,1.20347,1.2032,12529
1.20383,1.2028,1.2032,1.20358,16326
1.20427,1.20329,1.20358,1.20378,17403
1.20444,1.20224,1.20378,1.204,26434
1.20537,1.20389,1.204,1.20439,18031
1.205,1.19901,1.20439,1.19937,48410
1.19999,1.19653,1.19937,1.19681,38109
1.19792,1.19646,1.19681,1.19661,25164
1.19725,1.19615,1.19661,1.19704,20495
1.1975,1.19636,1.19704,1.19636,5483
1.19771,1.19636,1.19636,1.19745,2089
1.19748,1.19606,1.19745,1.19673,6187
1.19687,1.1956,1.19673,1.19666,8178
1.19667,1.19531,1.19666,1.19607,11654
1.19638,1.19516,1.19607,1.19633,9302
1.19649,1.19584,1.19633,1.19626,7857
1.19636,1.19553,1.19626,1.19563,6355
1.19619,1.19562,1.19563,1.19596,7056
1.19599,1.1953,1.19596,1.19537,8080
1.1961,1.19482,1.19537,1.195,17218
1.19525,1.19143,1.195,1.19266,26926
1.19385,1.19208,1.19266,1.19276,22345
1.19424,1.19271,1.19276,1.19302,15433
1.19394,1.19227,1.19302,1.19317,16498
1.19433,1.19299,1.19317,1.19352,15099
1.19413,1.18931,1.19352,1.19178,45086
1.19463,1.19088,1.19178,1.19158,43872
1.19289,1.19062,1.19158,1.19068,46857
1.19174,1.1906,1.19068,1.19135,29702
1.19197,1.19052,1.19135,1.19119,20790
1.19182,1.1905,1.19119,1.19132,15478
1.19178,1.19074,1.19132,1.19124,11216
1.19228,1.19105,1.19124,1.1916,7495
1.19198,1.19062,1.1916,1.19076,5070
1.19212,1.1916,1.19176,1.1919,357
1.19321,1.19171,1.1919,1.19262,9166
1.19324,1.19184,1.19262,1.1926,7602
1.19289,1.19197,1.1926,1.19272,8530
1.19284,1.19006,1.19272,1.19055,11102
1.19062,1.18986,1.19055,1.19016,9118
1.19061,1.18991,1.19016,1.19056,5798
1.19133,1.19056,1.19056,1.19122,8363
1.19147,1.18886,1.19122,1.18922,9073
1.18978,1.18786,1.18922,1.18861,15763
1.18965,1.18754,1.18861,1.18777,20354
1.18795,1.18651,1.18777,1.18722,15212
1.18808,1.1867,1.18722,1.18783,12275
1.18805,1.18668,1.18783,1.18676,11817
1.18732,1.18585,1.18676,1.18619,15265
1.18749,1.18567,1.18619,1.18712,19217
1.18873,1.18706,1.18712,1.18792,27684
1.18872,1.18576,1.18792,1.18577,31458
1.18633,1.18458,1.18577,1.18485,19942
1.18602,1.18461,1.18485,1.18566,14638
1.18649,1.18526,1.18566,1.18537,11366
1.18587,1.18518,1.18537,1.18581,10798
1.18583,1.1845,1.18581,1.1845,9773
1.18474,1.18441,1.1845,1.18461,3618
1.18492,1.18446,1.18461,1.18471,270
1.18528,1.18462,1.18471,1.18507,3346
1.18524,1.18355,1.18507,1.1844,9224
1.1849,1.18355,1.1844,1.18383,12939
1.18562,1.1838,1.18383,1.18549,13475
1.18669,1.18535,1.18549,1.1865,11622
1.18665,1.18553,1.1865,1.18576,7505
1.18596,1.18537,1.18576,1.18539,6183
1.18628,1.18532,1.18539,1.18576,7350
1.18882,1.18513,1.18576,1.18809,18406
1.18986,1.18763,1.18809,1.18961,18379
1.1909,1.18918,1.18961,1.19054,16066
1.19098,1.18975,1.19054,1.19009,12863
1.19158,1.19002,1.19009,1.19041,13979
1.19044,1.18869,1.19041,1.18877,14768
1.18979,1.18822,1.18877,1.18919,17135
1.19075,1.18834,1.18919,1.19015,24929
1.19092,1.18818,1.19015,1.18856,25772
1.18934,1.18815,1.18856,1.1885,15348
1.18913,1.18832,1.1885,1.18862,11169
1.18956,1.18848,1.18862,1.18943,13456
1.19045,1.18938,1.18943,1.19002,7422
1.19049,1.1899,1.19002,1.19015,7187
1.19029,1.18984,1.19015,1.18997,3548
1.19017,1.18937,1.18997,1.19008,326
1.19022,1.18963,1.19008,1.18968,2871
1.1897,1.18876,1.18968,1.18935,6356
1.18977,1.18838,1.18935,1.1885,7129
1.18855,1.18771,1.1885,1.18813,8155
1.18832,1.18786,1.18813,1.18803,6268
1.18822,1.1877,1.18803,1.18796,4393
1.18801,1.18704,1.18796,1.1875,6623
1.1879,1.18688,1.1875,1.18775,7170
1.18863,1.18745,1.18775,1.18841,10757
1.18969,1.18718,1.18841,1.18961,14564
1.19016,1.18927,1.18961,1.18998,10453
1.19047,1.18932,1.18998,1.18952,10910
1.18974,1.18851,1.18952,1.18911,9855
1.18963,1.18821,1.18911,1.18852,13106
1.19129,1.18818,1.18852,1.19107,29734
1.1925,1.19057,1.19107,1.19132,28813
1.19163,1.1886,1.19132,1.1896,27345
1.18998,1.18883,1.1896,1.18989,16980
1.19121,1.1897,1.18989,1.19081,12782
1.19222,1.19018,1.19081,1.19143,22217
1.19238,1.19127,1.19143,1.19207,9792
1.19276,1.19188,1.19207,1.19267,7613
1.19298,1.19239,1.19267,1.19287,3099
1.19287,1.19191,1.19287,1.19257,644
1.19288,1.19243,1.19257,1.19243,1928
1.1929,1.19154,1.19243,1.19189,5330
1.19242,1.19174,1.19189,1.19218,5847
1.19347,1.19218,1.19218,1.19286,6315
1.19333,1.19276,1.19286,1.19317,4935
1.19319,1.19249,1.19317,1.19276,4929
1.19291,1.19255,1.19276,1.19272,5521
1.19321,1.1919,1.19272,1.19302,6139
1.19463,1.19245,1.19302,1.19383,10940
1.19687,1.19367,1.19383,1.19646,16599
1.19687,1.19568,1.19646,1.19636,12440
1.19663,1.19605,1.19636,1.19632,8005
1.19679,1.19615,1.19632,1.19641,9592
1.19649,1.19424,1.19641,1.19544,18820
1.19738,1.19434,1.19544,1.19571,30023
1.19656,1.19313,1.19571,1.19368,24478
1.19661,1.19279,1.19368,1.19584,24729
1.19791,1.19555,1.19584,1.19771,12982
1.19781,1.19652,1.19771,1.19721,10667
1.19898,1.19713,1.19721,1.19857,16535
1.19899,1.19809,1.19857,1.19816,7215
1.19899,1.19809,1.19816,1.19891,6570
1.19898,1.19833,1.19891,1.19838,2646
1.19858,1.19779,1.19838,1.19824,117
1.19874,1.19808,1.19824,1.19809,2889
1.19846,1.198,1.19809,1.19831,4110
1.19885,1.1983,1.19831,1.19843,5618
1.19846,1.19596,1.19843,1.19621,7765
1.19661,1.196,1.19621,1.19616,5201
1.19675,1.19608,1.19616,1.19659,4274
1.19672,1.19615,1.19659,1.19634,4922
1.19636,1.19459,1.19634,1.19489,9866
1.19507,1.19374,1.19489,1.19452,13329
1.19478,1.19283,1.19452,1.19331,16948
1.19369,1.19112,1.19331,1.19178,14164
1.19228,1.19099,1.19178,1.19206,9916
1.19233,1.19137,1.19206,1.19169,11079
1.19358,1.1916,1.19169,1.19347,10842
1.19403,1.19216,1.19347,1.19265,18257
1.19352,1.19202,1.19265,1.19314,24492
1.19393,1.19115,1.19314,1.19367,22190
1.19552,1.19333,1.19367,1.19523,17523
1.19568,1.19477,1.19523,1.19479,10013
1.19554,1.19445,1.19479,1.19523,6808
1.19546,1.19486,1.19523,1.19488,5703
1.19615,1.19475,1.19488,1.19604,5687
1.19612,1.19474,1.19604,1.19499,3954
1.19492,1.19431,1.19443,1.19478,361
1.19542,1.19434,1.19478,1.1948,4452
1.19529,1.19449,1.1948,1.19502,4307
1.19562,1.19498,1.19502,1.19513,6474
1.19675,1.19504,1.19513,1.19577,8344
1.19615,1.19429,1.19577,1.19478,8669
1.19543,1.19473,1.19478,1.1954,5863
1.19543,1.19426,1.1954,1.19432,4386
1.19438,1.193,1.19432,1.19328,6931
1.19357,1.19258,1.19328,1.19349,7452
1.19376,1.19178,1.19349,1.19198,11314
1.19399,1.19195,1.19198,1.19368,14001
1.19402,1.19224,1.19368,1.19257,10821
1.19305,1.19191,1.19257,1.19304,7947
1.19342,1.19211,1.19304,1.19228,8079
1.19338,1.19209,1.19228,1.19249,12676
1.1931,1.19161,1.19249,1.19204,15867
1.19303,1.19154,1.19204,1.19279,14381
1.19339,1.1911,1.19279,1.19154,16495
1.19373,1.19151,1.19154,1.1923,12074
1.19314,1.19193,1.1923,1.19277,7173
1.19324,1.19251,1.19277,1.19258,5218
1.19302,1.19212,1.19258,1.19298,4851
1.19337,1.19236,1.19298,1.19243,2624
1.19354,1.1923,1.19243,1.19276,3537
1.19298,1.19243,1.19276,1.19245,1984
1.1927,1.19242,1.19245,1.19263,1881
1.19318,1.19223,1.19263,1.19228,3711
1.19321,1.19224,1.19228,1.19278,4700
1.19284,1.19221,1.19278,1.19264,4606
1.19371,1.19251,1.19264,1.19338,4996
1.19387,1.19329,1.19338,1.19377,2953
1.19388,1.19344,1.19377,1.1935,3671
1.19353,1.19273,1.1935,1.19297,5438
1.19298,1.19155,1.19297,1.19163,10628
1.19289,1.19137,1.19163,1.19267,11146
1.19355,1.19224,1.19267,1.1929,10780
1.19456,1.19272,1.1929,1.1944,9091
1.19518,1.19429,1.1944,1.19472,9719
1.19499,1.19203,1.19472,1.19229,18092
1.19274,1.18971,1.19229,1.19025,25113
1.19141,1.18998,1.19025,1.19091,17425
1.19099,1.18821,1.19091,1.18942,17857
1.18987,1.189,1.18942,1.18932,12846
1.19098,1.18925,1.18932,1.19027,15017
1.19089,1.19019,1.19027,1.19035,8178
1.19103,1.19027,1.19035,1.19052,5992
1.19069,1.19009,1.19052,1.19014,2510
1.19042,1.18972,1.19014,1.19011,642
1.19041,1.19011,1.19011,1.19017,1166
1.19047,1.19002,1.19017,1.19022,2060
1.19061,1.19,1.19022,1.19014,4655
1.19022,1.18927,1.19014,1.18969,6045
1.19015,1.1896,1.18969,1.19015,3342
1.19043,1.18994,1.19015,1.19012,3310
1.19037,1.18995,1.19012,1.19035,2691
1.19043,1.18978,1.19035,1.1898,3537
1.1908,1.1897,1.1898,1.19075,4516
1.1908,1.1891,1.19075,1.18911,7349
1.18999,1.18861,1.18911,1.1898,9223
1.19166,1.18968,1.1898,1.19103,9742
1.19155,1.19063,1.19103,1.19112,6526
1.19118,1.18926,1.19112,1.18936,10518
1.19138,1.18912,1.18936,1.19116,12223
1.19126,1.19006,1.19116,1.19011,11807
1.1915,1.19008,1.19011,1.19078,13792
1.19131,1.19029,1.19078,1.19041,13963
1.19041,1.18969,1.19041,1.19016,10911
1.19102,1.18977,1.19016,1.19087,7768
1.19855,1.19068,1.19087,1.19773,57140
1.19828,1.19613,1.19773,1.1977,20478
1.1986,1.19747,1.1977,1.19777,4352
1.1983,1.19736,1.19777,1.19803,325
1.19873,1.19775,1.19803,1.19784,3816
1.1984,1.19781,1.19784,1.19827,3152
1.19878,1.19785,1.19827,1.19855,7684
1.19865,1.1967,1.19855,1.19691,7983
1.19712,1.19652,1.19691,1.19708,5613
1.1975,1.19589,1.19708,1.19592,10241
1.1964,1.19554,1.19592,1.19614,4570
1.19686,1.19588,1.19614,1.19648,5565
1.19798,1.19647,1.19648,1.19794,6940
1.19888,1.19426,1.19794,1.19474,21922
1.19556,1.19351,1.19474,1.19474,17676
1.19504,1.19371,1.19474,1.19422,14655
1.19441,1.1934,1.19422,1.19398,11067
1.195,1.19367,1.19398,1.19412,13959
1.19478,1.19218,1.19412,1.19281,21948
1.19294,1.19103,1.19281,1.19166,23517
1.19252,1.19085,1.19166,1.192,22710
1.19285,1.19155,1.192,1.19261,18134
1.19389,1.1917,1.19261,1.19203,15553
1.19318,1.19153,1.19203,1.19293,11063
1.19301,1.1909,1.19293,1.19134,12109
1.1917,1.19062,1.19134,1.19101,14068
1.19186,1.19086,1.19101,1.19142,4224
1.19179,1.1909,1.19142,1.19124,744
1.19205,1.19124,1.19124,1.1917,1733
1.19193,1.1914,1.1917,1.19178,2804
1.19187,1.19043,1.19178,1.19072,5794
1.1913,1.19028,1.19072,1.19098,7064
1.19111,1.19019,1.19098,1.19088,5084
1.19167,1.19048,1.19088,1.19143,6588
1.19198,1.19125,1.19143,1.19187,4137
1.19191,1.19109,1.19187,1.19178,4725
1.19276,1.19134,1.19178,1.19253,7801
1.19372,1.19201,1.19253,1.19322,10685
1.1937,1.19209,1.19322,1.1923,13652
1.19234,1.18925,1.1923,1.18933,12514
1.18985,1.18904,1.18933,1.18979,9422
1.19094,1.18948,1.18979,1.18992,9574
1.19052,1.18939,1.18992,1.18998,14659
1.19043,1.18738,1.18998,1.18812,42371
1.18873,1.18762,1.18812,1.18862,17876
1.1912,1.18842,1.18862,1.19088,17316
1.19119,1.19,1.19088,1.19074,14061
1.1911,1.19047,1.19074,1.19094,5898
1.19124,1.19058,1.19094,1.19083,6039
1.191,1.19051,1.19083,1.19052,5255
1.19072,1.19007,1.19052,1.19011,3641
1.18845,1.18708,1.18709,1.18797,804
1.18887,1.18766,1.18797,1.18846,4433
1.18901,1.18819,1.18846,1.18836,2493
1.18925,1.18835,1.18836,1.18851,4786
1.18869,1.1875,1.18851,1.18844,6978
1.18932,1.18844,1.18844,1.18925,4465
1.18983,1.18915,1.18925,1.18952,4310
1.1899,1.18931,1.18952,1.18935,3095
1.18998,1.18914,1.18935,1.18937,3784
1.18957,1.18821,1.18937,1.18828,7570
1.18888,1.18746,1.18828,1.18842,13512
1.1906,1.18758,1.18842,1.1902,16428
1.19056,1.18933,1.1902,1.19002,10690
1.19109,1.18994,1.19002,1.19104,8687
1.19305,1.19097,1.19104,1.19277,11321
1.19314,1.19166,1.19277,1.19229,12256
1.19282,1.19107,1.19229,1.19165,15127
1.19274,1.19135,1.19165,1.19217,14428
1.19395,1.19203,1.19217,1.19317,13431
1.19395,1.19287,1.19317,1.19391,8820
1.19469,1.19349,1.19391,1.19414,6397
1.19441,1.19398,1.19414,1.19419,4119
1.19421,1.19355,1.19419,1.19363,3794
1.19377,1.19312,1.19363,1.19315,2981
1.19349,1.19275,1.19315,1.19344,3436
1.1935,1.19316,1.19344,1.19335,1684
1.19358,1.19287,1.19335,1.19321,1896
1.19408,1.19285,1.19321,1.19333,5397
1.1937,1.19265,1.19333,1.19296,6870
1.19332,1.19229,1.19296,1.19256,5709
1.19321,1.19242,1.19256,1.19318,3595
1.19332,1.19229,1.19318,1.19231,3946
1.19257,1.19194,1.19231,1.19247,4790
1.19289,1.19214,1.19247,1.19273,5425
1.19319,1.19027,1.19273,1.19053,10469
1.19079,1.18859,1.19053,1.18987,14365
1.19003,1.18909,1.18987,1.18911,11578
1.19,1.18825,1.18911,1.18844,13983
1.18857,1.18773,1.18844,1.18806,12379
1.1895,1.18786,1.18806,1.18891,10403
1.18915,1.18705,1.18891,1.18727,13012
1.1876,1.18614,1.18727,1.18737,15698
1.18765,1.18635,1.18737,1.18722,11971
1.18727,1.18582,1.18722,1.18635,11411
1.18662,1.18557,1.18635,1.18571,8367
1.18576,1.18485,1.18571,1.18517,7754
1.18562,1.18476,1.18517,1.18478,7440
1.18507,1.18421,1.18478,1.18486,4127
1.18532,1.18466,1.18486,1.18486,1762
1.18517,1.18468,1.18486,1.18471,2204
1.18477,1.18361,1.18471,1.18396,4336
1.1848,1.18396,1.18396,1.18428,5028
1.18508,1.18398,1.18428,1.18483,6272
1.18496,1.18422,1.18483,1.18451,5744
1.18498,1.18439,1.18451,1.18489,4668
1.18491,1.18426,1.18489,1.18465,3865
1.18465,1.18387,1.18465,1.18405,4769
1.18474,1.18335,1.18405,1.18469,6800
1.18473,1.18177,1.18469,1.18205,13123
1.18327,1.18122,1.18205,1.18267,17886
1.18448,1.18226,1.18267,1.18349,12635
1.18351,1.18187,1.18349,1.18227,10031
1.18357,1.1822,1.18227,1.18336,7688
1.18366,1.1824,1.18336,1.18337,10149
1.18337,1.18144,1.18337,1.18228,15716
1.18302,1.18172,1.18228,1.18285,13649
1.18392,1.18243,1.18285,1.18304,11667
1.18368,1.18229,1.18304,1.18235,10843
1.18289,1.18197,1.18235,1.18272,8251
1.18305,1.1821,1.18272,1.1821,7998
1.18233,1.18123,1.1821,1.18123,7243
1.18164,1.18097,1.18123,1.18121,3726
1.18148,1.18106,1.18121,1.1812,494
1.18151,1.18089,1.1812,1.18117,2128
1.18146,1.18106,1.18117,1.18128,1822
1.18177,1.18112,1.18128,1.18175,4116
1.18176,1.18042,1.18175,1.18119,7350
1.18252,1.18117,1.18119,1.18241,6550
1.18278,1.18221,1.18241,1.18231,4921
1.18241,1.18187,1.18231,1.18207,5387
1.18262,1.18196,1.18207,1.18201,4286
1.18215,1.18143,1.18201,1.18163,5971
1.18184,1.18045,1.18163,1.1806,9193
1.18165,1.18013,1.1806,1.18051,13099
1.18137,1.18037,1.18051,1.18105,7589
1.18181,1.18084,1.18105,1.18142,8062
1.18178,1.18035,1.18142,1.18048,9796
1.18098,1.1791,1.18048,1.17973,15390
1.18155,1.17964,1.17973,1.18078,18381
1.18124,1.17922,1.18078,1.17996,19712
1.17997,1.17734,1.17996,1.1776,18027
1.17808,1.17626,1.1776,1.17629,12387
1.17762,1.17617,1.17629,1.17745,14920
1.17819,1.17697,1.17745,1.17771,8641
1.17792,1.17649,1.17771,1.17673,9394
1.17696,1.1762,1.17673,1.17634,3321
1.1773,1.17622,1.17634,1.1768,2050
1.17738,1.17674,1.1768,1.17736,2163
1.17772,1.17712,1.17736,1.17756,2177
1.17837,1.17717,1.17756,1.1782,6703
1.17847,1.17796,1.1782,1.17835,4716
1.17844,1.17764,1.17835,1.17797,3907
1.17821,1.17791,1.17797,1.17812,2714
1.17812,1.17747,1.17812,1.17765,2334
1.17844,1.17765,1.17765,1.17834,2261
1.17868,1.17806,1.17834,1.17833,4849
1.17891,1.17762,1.17833,1.17868,8264
1.17883,1.17752,1.17868,1.17873,9696
1.17973,1.1783,1.17873,1.17925,8884
1.17938,1.17775,1.17925,1.17821,7578
1.17827,1.17718,1.17821,1.17739,7584
1.17846,1.1773,1.17739,1.17763,9781
1.17884,1.1776,1.17763,1.17838,13546
1.17913,1.1778,1.17838,1.17901,13381
1.18051,1.17853,1.17901,1.17965,14322
1.17994,1.17925,1.17965,1.17987,9071
1.17997,1.17862,1.17987,1.17902,6422
1.17922,1.17843,1.17902,1.17893,7321
1.17993,1.17882,1.17893,1.17977,5513
1.18,1.17917,1.17977,1.1793,3571
1.17919,1.17894,1.17894,1.17898,86
1.17936,1.17888,1.17898,1.1791,3259
1.1791,1.17856,1.1791,1.17875,2455
1.17896,1.17777,1.17875,1.17805,4446
1.17873,1.1775,1.17805,1.17854,5392
1.1791,1.17833,1.17854,1.17906,3705
1.17906,1.17846,1.17906,1.17862,3443
1.17879,1.17783,1.17862,1.17788,2844
1.17796,1.17734,1.17788,1.17757,4732
1.17843,1.17729,1.17757,1.17807,9052
1.17939,1.17785,1.17807,1.17867,11058
1.17874,1.17629,1.17867,1.17665,14543
1.17809,1.17655,1.17665,1.17748,9944
1.17797,1.17678,1.17748,1.17712,8218
1.17825,1.17648,1.17712,1.17806,9022
1.17886,1.17776,1.17806,1.17855,10998
1.17927,1.17734,1.17855,1.17777,13926
1.17855,1.17627,1.17777,1.17634,19149
1.17841,1.17606,1.17634,1.17781,14573
1.17812,1.1773,1.17781,1.17736,7164
1.17784,1.17699,1.17736,1.17701,5905
1.17728,1.17633,1.17701,1.17634,7311
1.17711,1.17634,1.17634,1.17678,5890
1.1768,1.1763,1.17678,1.1764,2170
1.17765,1.17621,1.1764,1.17661,835
1.17725,1.17643,1.17661,1.17673,1770
1.17694,1.17659,1.17673,1.17685,1607
1.17713,1.17642,1.17685,1.17704,3799
1.17738,1.17646,1.17704,1.17725,4243
1.17725,1.17639,1.17725,1.17649,3580
1.17707,1.17649,1.17649,1.17669,3293
1.17679,1.176,1.17669,1.17641,2718
1.17655,1.17604,1.17641,1.1761,2598
1.17655,1.17408,1.1761,1.17474,14509
1.1755,1.17331,1.17474,1.17355,14090
1.17478,1.17333,1.17355,1.17461,10690
1.17497,1.17357,1.17461,1.17391,7019
1.17435,1.17305,1.17391,1.17321,7267
1.17404,1.17289,1.17321,1.17351,11291
1.17432,1.17272,1.17351,1.17312,12883
1.17376,1.17112,1.17312,1.1719,17750
1.17311,1.1716,1.1719,1.17254,19013
1.17332,1.17209,1.17254,1.17239,12248
1.17262,1.17159,1.17239,1.17183,8508
1.17199,1.17138,1.17183,1.17145,5605
1.17179,1.17142,1.17145,1.17172,4207
1.1723,1.17161,1.17172,1.17198,4350
1.17204,1.17144,1.17198,1.17146,3204
1.17173,1.17141,1.17146,1.17167,630
1.17198,1.17166,1.17167,1.17177,1343
1.17244,1.17149,1.17177,1.17232,1766
1.1726,1.17197,1.17232,1.17225,5320
1.17241,1.17106,1.17225,1.17138,4802
1.17138,1.1707,1.17138,1.1707,4530
1.17093,1.17046,1.1707,1.17072,4922
1.1708,1.17041,1.17072,1.17076,3305
1.1713,1.17058,1.17076,1.17083,4181
1.17274,1.17048,1.17083,1.17271,12235
1.17376,1.17217,1.17271,1.17317,11292
1.17479,1.17301,1.17317,1.17463,10894
1.17463,1.1729,1.17463,1.17291,8704
1.17354,1.17213,1.17291,1.17351,8691
1.17399,1.17269,1.17351,1.17314,8534
1.17327,1.1721,1.17314,1.17255,12248
1.17396,1.17211,1.17255,1.17351,12873
1.17601,1.17351,1.17351,1.17518,19912
1.17531,1.17288,1.17518,1.17421,17623
1.17529,1.17421,1.17421,1.17498,9179
1.17553,1.17388,1.17498,1.17392,6966
1.17399,1.17236,1.17392,1.17255,7416
1.17302,1.17193,1.17255,1.17264,7262
1.17304,1.17232,1.17264,1.17299,3494
1.173,1.17252,1.17299,1.17267,1555
1.17289,1.17208,1.17267,1.17256,2237
1.17276,1.17222,1.17256,1.17271,1706
1.17324,1.17212,1.17271,1.17293,6645
1.1732,1.17274,1.17293,1.17298,5013
1.17329,1.17216,1.17298,1.17245,5655
1.17274,1.17234,1.17245,1.17243,3768
1.17268,1.17144,1.17243,1.17156,5441
1.17209,1.17136,1.17156,1.17176,4970
1.17336,1.17127,1.17176,1.17323,11747
1.17429,1.17212,1.17323,1.17414,14434
1.17447,1.17271,1.17414,1.17278,11586
1.17443,1.17242,1.17278,1.17401,9626
1.17506,1.17352,1.17401,1.17368,8409
1.17429,1.17329,1.17368,1.17408,9336
1.17539,1.174,1.17408,1.17452,11784
1.17633,1.17451,1.17452,1.17541,16679
1.17652,1.17387,1.17541,1.17596,22104
1.17744,1.17557,1.17596,1.1772,12837
1.178,1.17692,1.1772,1.1773,7979
1.17786,1.17711,1.1773,1.17732,6308
1.17742,1.17665,1.17732,1.17712,4982
1.17772,1.17687,1.17712,1.17764,3501
1.17781,1.17717,1.17764,1.17757,2225
1.17793,1.17741,1.17757,1.17752,3960
1.17826,1.1775,1.17752,1.17801,1400
1.17803,1.17756,1.17801,1.17773,952
1.17842,1.17701,1.17773,1.17716,3911
1.1775,1.17692,1.17716,1.17717,2421
1.17783,1.17697,1.17717,1.17781,2981
1.17813,1.17766,1.17781,1.17795,5286
1.17799,1.17761,1.17795,1.17781,2441
1.17808,1.17761,1.17781,1.17776,1850
1.17818,1.17746,1.17776,1.17751,2519
1.17802,1.17693,1.17751,1.17776,3591
1.17867,1.17743,1.17776,1.1782,3465
1.17853,1.17788,1.1782,1.17789,3039
1.1782,1.17759,1.17789,1.17779,2276
1.17801,1.17721,1.17779,1.17731,2531
1.17861,1.17567,1.17731,1.17686,8981
1.1769,1.17491,1.17686,1.17676,6193
1.17679,1.17533,1.17676,1.17579,3949
1.1761,1.17547,1.17579,1.17603,6541
1.17618,1.17568,1.17603,1.17594,4130
1.17624,1.17591,1.17594,1.17619,1563
1.17643,1.17603,1.17619,1.17617,1932
1.17642,1.17597,1.17617,1.17603,1105
1.17636,1.17545,1.17603,1.17606,1607
1.1757,1.17531,1.17549,1.17534,79
1.17669,1.17525,1.17534,1.17622,6734
1.17679,1.17581,1.17622,1.17675,2974
1.17677,1.17614,1.17675,1.17649,3558
