Open,High,Low,Close,Volume
1.19372,1.19456,1.19353,1.19431,9066.2803
1.19433,1.19494,1.19406,1.19492,9224.9004
1.19493,1.19576,1.19479,1.1956,10732.79
1.19559,1.19596,1.19559,1.19575,10343.0596
1.19575,1.19598,1.19559,1.19574,6689.5
1.19575,1.19594,1.19551,1.19569,6301.5098
1.19571,1.1959,1.19546,1.19571,8484.3701
1.19571,1.19728,1.19539,1.19684,17300.2109
1.19684,1.19855,1.19631,1.198,21756.3906
1.19802,1.19825,1.19717,1.19806,22694.0098
1.19805,1.19817,1.19657,1.19686,12743.2002
1.19686,1.19709,1.19601,1.197,19773.4199
1.19698,1.19727,1.19641,1.19671,16170.1904
1.19671,1.19938,1.19654,1.19921,19598.3691
1.1992,1.20006,1.19751,1.19944,21419.4395
1.19942,1.20418,1.19837,1.20314,34870.6094
1.20314,1.20545,1.20312,1.20376,27363.4199
1.20377,1.20516,1.20375,1.20451,15078.4102
1.20452,1.20522,1.2043,1.20434,13176.6602
1.20434,1.20508,1.20426,1.20477,8504.6104
1.20476,1.20753,1.20476,1.20719,9623.2646
1.20717,1.20765,1.20672,1.20692,4060.3
1.20691,1.20742,1.20667,1.20726,552.6175
1.20723,1.2073,1.20683,1.20706,4397.3101
1.20707,1.20722,1.20652,1.20666,7189.04
1.20666,1.20699,1.20605,1.20684,9087.8096
1.20684,1.20794,1.20679,1.20734,10909.96
1.20733,1.20836,1.20725,1.20822,6487.4702
1.20822,1.20831,1.20746,1.2075,7047.3599
1.2075,1.20755,1.20663,1.20681,9403.1602
1.20682,1.20771,1.20639,1.2065,8726.9404
1.20649,1.20875,1.20647,1.20688,18933.6406
1.20686,1.20763,1.20465,1.20482,26053.7598
1.20481,1.20646,1.20454,1.20535,23156.1191
1.20536,1.20617,1.20461,1.20493,15358.7305
1.20493,1.20534,1.2042,1.20517,18181.0391
1.20516,1.20627,1.20399,1.20594,25083.1602
1.20593,1.20785,1.20579,1.2066,33221.1211
1.2066,1.20829,1.20601,1.20824,32302.1602
1.20824,1.21081,1.20751,1.20782,34512.9219
1.20781,1.20958,1.20755,1.20927,21247.4707
1.20928,1.2099,1.20879,1.20933,12075.4805
1.20933,1.20981,1.20921,1.2093,7173.4502
1.2093,1.21027,1.20899,1.20997,12886.7002
1.20995,1.21043,1.20957,1.21015,5903.1499
1.21018,1.21183,1.21017,1.21132,5451.7002
1.21151,1.21159,1.2111,1.21125,578.68
1.21125,1.21153,1.21086,1.21138,5305.7402
1.21137,1.21143,1.21039,1.21056,9476.9297
1.21055,1.21149,1.21042,1.21132,11616.3701
1.21132,1.21209,1.21119,1.212,8663.2598
1.21201,1.2125,1.21189,1.21238,9068.1201
1.21238,1.21244,1.21161,1.21174,7180.3701
1.21174,1.21225,1.21165,1.21193,8097.2998
1.21193,1.21213,1.21134,1.21179,9769.79
1.21178,1.21255,1.21157,1.21228,18387.6094
1.21227,1.21393,1.21146,1.21215,22521.0703
1.21213,1.21217,1.2101,1.21113,23906.2109
1.21112,1.21189,1.21039,1.21156,20470.2891
1.21156,1.21297,1.21112,1.21289,22885.6191
1.2129,1.21611,1.21187,1.21554,27436.5996
1.21554,1.21566,1.21444,1.2151,25184.0391
1.21512,1.21683,1.21444,1.21596,26490.9492
1.21597,1.21746,1.21569,1.21611,37640.6602
1.2161,1.21632,1.21464,1.21512,22751.3301
1.2151,1.21517,1.21377,1.21461,14938.1797
1.21461,1.21476,1.21326,1.21394,10744.9805
1.21393,1.21438,1.21379,1.21425,11106.9404
1.21424,1.21482,1.21333,1.21455,12513.8848
1.21456,1.21493,1.21425,1.21454,4133.7349
1.21454,1.21467,1.21405,1.21434,382.88
1.21432,1.21497,1.21431,1.21449,4973.9502
1.21449,1.21537,1.21407,1.21495,10281.29
1.21497,1.21529,1.21413,1.21438,16502.4492
1.21439,1.21452,1.21389,1.21446,10093.2598
1.21446,1.21476,1.21417,1.21452,8496.8096
1.21453,1.21473,1.21411,1.21419,9056.5898
1.21419,1.21511,1.2141,1.215,10601.79
1.215,1.21576,1.21478,1.21552,12276.8896
1.21553,1.21605,1.21511,1.21531,17216.25
1.21531,1.21662,1.21436,1.21604,27651.9199
1.21604,1.21731,1.21596,1.21667,30662.6191
1.21667,1.21773,1.21564,1.21751,29143.0996
1.2175,1.21758,1.21621,1.21684,24554.75
1.21685,1.21744,1.21567,1.21584,26714.4004
1.21584,1.21705,1.21316,1.21456,39458.7813
1.21456,1.21717,1.21438,1.21563,32591.8809
1.21564,1.21664,1.21354,1.214,35527.5703
1.21399,1.21462,1.2133,1.2141,20251
1.2141,1.21505,1.21393,1.21434,13682.7695
1.21435,1.21516,1.2141,1.21418,10341.5801
1.21418,1.21457,1.21335,1.21372,14167.04
1.21372,1.21402,1.21123,1.21271,11255.125
1.21272,1.21299,1.21101,1.21202,8703.6709
1.21308,1.21308,1.21195,1.2127,1201.4692
1.21269,1.21324,1.21195,1.212,5897.3101
1.21199,1.2131,1.21186,1.21278,18211.2109
1.21276,1.2136,1.21248,1.2135,14630.9004
1.21349,1.21402,1.21325,1.21364,11491.1104
1.21365,1.21385,1.21339,1.21343,7031.5098
1.21343,1.21344,1.21324,1.21326,4647.3101
1.21326,1.21339,1.21304,1.21317,6971.2402
1.21316,1.21329,1.2125,1.21291,10900.7305
1.21291,1.21293,1.21142,1.21211,21230.9609
1.21211,1.21224,1.20906,1.20969,36598.4805
1.2097,1.20976,1.20784,1.2093,30323.1699
1.2093,1.21131,1.2085,1.21084,21449.2305
1.21084,1.21141,1.21032,1.21129,21040.1309
1.21129,1.21194,1.21056,1.21184,18060.7402
1.21183,1.21393,1.21141,1.21372,29022.8301
1.21371,1.21662,1.21318,1.21507,27909.8301
1.21507,1.21527,1.21321,1.21324,26432.4609
1.21325,1.21419,1.21296,1.21383,21442.2598
1.21381,1.21417,1.21299,1.2133,16807
1.2133,1.21331,1.21176,1.21248,19088.7793
1.21248,1.21295,1.21188,1.21193,16172.1797
1.21194,1.21205,1.21082,1.21082,16311.7803
1.21082,1.21142,1.21074,1.21091,3267.1599
1.21091,1.2111,1.21072,1.21099,294.6425
1.211,1.21134,1.21092,1.21092,2664.24
1.21091,1.211,1.21041,1.21076,7415.3501
1.21075,1.21112,1.21063,1.21069,14287.1299
1.21069,1.21132,1.21051,1.21115,6440.3198
1.21117,1.21152,1.21103,1.2114,7287.1699
1.21141,1.21162,1.2113,1.21144,7836.8198
1.21143,1.21194,1.21142,1.21183,8116.3101
1.21182,1.2123,1.21137,1.21156,11128.4404
1.21157,1.21185,1.21072,1.21127,15964.1504
1.2113,1.2132,1.20953,1.21249,31787.4902
1.21251,1.21339,1.21186,1.21289,28069.7305
1.21288,1.21329,1.21136,1.21136,19616.3301
1.21135,1.21233,1.21072,1.21075,21641.2891
1.21073,1.21262,1.21073,1.21146,22881.7793
1.21145,1.21304,1.21122,1.21181,26239.1797
1.21182,1.21336,1.21174,1.21241,31976.9004
1.21244,1.21287,1.21,1.21134,29905.6797
1.21135,1.21157,1.21036,1.21106,14194.3604
1.21108,1.21162,1.21071,1.21152,10215.3604
1.21151,1.21172,1.21012,1.21021,7532.3398
1.21021,1.21081,1.2101,1.21037,6886.79
1.21037,1.21067,1.21001,1.21066,6379.02
1.21067,1.21076,1.21022,1.21022,2689.21
1.21022,1.21058,1.20998,1.21054,428.2857
1.21057,1.21099,1.21043,1.21094,3880.48
1.21095,1.21146,1.2107,1.21116,6936.0298
1.21116,1.21131,1.21078,1.21113,5762.4102
1.21113,1.21197,1.21102,1.21196,6106.1201
1.21198,1.21235,1.21174,1.21211,8191.6299
1.2121,1.21293,1.21209,1.21288,6676.27
1.21287,1.21311,1.21257,1.2131,7719.8599
1.21309,1.21475,1.21309,1.21384,8828.7598
1.21385,1.21415,1.21268,1.21292,12686.96
1.21292,1.21372,1.21248,1.21363,19716.1797
1.21364,1.21364,1.21199,1.21254,15041.9199
1.21253,1.21365,1.21189,1.21211,19085.9395
1.21209,1.21287,1.21078,1.21129,14810.4502
1.21129,1.21188,1.2101,1.21097,14886.8701
1.21097,1.21208,1.21024,1.21205,8842.3799
1.21205,1.21237,1.20958,1.2099,15896.9102
1.2099,1.21041,1.20776,1.2083,18978.4492
1.2083,1.2083,1.20722,1.20797,12823.25
1.20798,1.20849,1.20587,1.20723,10227.1104
1.20724,1.20734,1.20608,1.20617,8772.7998
1.20617,1.20732,1.20615,1.20728,6202.9302
1.20727,1.20822,1.20704,1.20798,6470.9351
1.20797,1.20837,1.20796,1.20799,2155.3049
1.20779,1.20832,1.20748,1.208,715.2425
1.208,1.20815,1.20755,1.20784,1780.98
1.20784,1.20843,1.20784,1.20819,6090.46
1.20815,1.2084,1.20795,1.20816,5569.8599
1.20817,1.20913,1.20808,1.20891,5451.0801
1.20891,1.20954,1.20876,1.20936,5228.8198
1.20933,1.21002,1.20932,1.20991,3602.4199
1.20991,1.20991,1.20929,1.2096,3776.72
1.20959,1.20963,1.20866,1.20877,4329.29
1.20876,1.20983,1.20856,1.20901,9476.0498
1.20902,1.20993,1.20859,1.20906,13909.0703
1.20904,1.21085,1.20833,1.21062,12358.6904
1.21062,1.21085,1.20968,1.2097,8937.4297
1.20969,1.2099,1.20849,1.20895,8675.4902
1.20896,1.21182,1.20811,1.21111,17966.9902
1.2111,1.21355,1.21033,1.21256,24737
1.21257,1.21548,1.20965,1.21523,29298.5098
1.21522,1.21588,1.21209,1.21325,23950.9004
1.21328,1.21346,1.21106,1.21167,15856.6504
1.21168,1.21272,1.21166,1.212,10870.8896
1.21201,1.21287,1.21132,1.21252,8056.71
1.21252,1.21362,1.21203,1.21336,6878.8599
1.21338,1.21447,1.21321,1.21427,5601.9648
1.21427,1.21434,1.21348,1.21398,3199.5249
1.2136,1.21408,1.21342,1.21408,397.19
1.21407,1.2144,1.21404,1.21433,1793.39
1.21434,1.21467,1.21402,1.21447,5104.3901
1.21446,1.216,1.21446,1.21556,7103.7598
1.21556,1.21588,1.2151,1.21573,5229.1899
1.21573,1.21595,1.21537,1.21578,4155.75
1.21578,1.216,1.21551,1.21553,3088.48
1.21553,1.21578,1.21535,1.21553,3313.95
1.21553,1.21629,1.21548,1.21566,4343.4702
1.21567,1.21594,1.21257,1.21307,9952.9697
1.21306,1.21352,1.21141,1.21257,16595.3105
1.21256,1.21339,1.21124,1.21176,12463.0303
1.21175,1.21376,1.21163,1.21192,13923.0898
1.21191,1.21255,1.21102,1.21218,12435.2002
1.21218,1.21301,1.21139,1.21263,10851.0303
1.21263,1.21302,1.21139,1.21155,14892.7598
1.21155,1.21333,1.2111,1.2117,15943.9805
1.2117,1.21291,1.21053,1.21067,17061.2109
1.21069,1.21156,1.2106,1.21123,9957.8701
1.21122,1.21178,1.2108,1.21165,5804.54
1.21165,1.2117,1.2111,1.21161,3347.8999
1.21161,1.21202,1.21124,1.21131,4296.5498
1.2113,1.21184,1.21126,1.21172,3596.5701
1.21175,1.21176,1.21074,1.21086,9467.9541
1.21367,1.21435,1.21327,1.21332,2263.209
1.21333,1.21394,1.21324,1.21331,2782.7727
1.21331,1.21334,1.21155,1.21209,6686.1401
1.21208,1.21315,1.21186,1.21289,5102.3198
1.2129,1.21332,1.21283,1.21318,4388.2598
1.21317,1.21337,1.21305,1.21324,3019.71
1.21324,1.21336,1.21303,1.2133,2325.26
1.21331,1.21416,1.21309,1.21405,4123.5898
1.21405,1.21439,1.2139,1.21433,5078.6802
1.21433,1.21553,1.21383,1.21532,8871.3896
1.21531,1.21564,1.21427,1.21437,12743.2803
1.21436,1.21602,1.21386,1.21577,9486.5898
1.21575,1.21597,1.21477,1.21505,9618.0596
1.21505,1.21605,1.21499,1.21551,8847.29
1.21551,1.21706,1.21524,1.21574,9977.7598
1.21576,1.21767,1.21565,1.21713,10958.1797
1.21712,1.21712,1.21546,1.21642,13945.7695
1.21642,1.2166,1.21231,1.21247,20136.1992
1.21248,1.21473,1.21229,1.21443,6962.6699
1.21444,1.21603,1.2143,1.21575,5258.3701
1.21575,1.21606,1.21471,1.21504,3813.6599
1.21504,1.21525,1.21449,1.21468,3023.96
1.21468,1.21487,1.2139,1.21472,2390.3601
1.21473,1.21517,1.21413,1.21432,2149.29
1.21432,1.21466,1.21431,1.21457,190.83
1.21454,1.21489,1.21433,1.21486,1530.17
1.21485,1.21593,1.21472,1.21571,3426.25
1.21571,1.21605,1.21519,1.21598,5533.7798
1.21598,1.21629,1.21567,1.21588,4343.3198
1.21589,1.21602,1.21491,1.21518,4577.9102
1.21519,1.2153,1.21457,1.21465,2328.05
1.21466,1.21548,1.2145,1.21547,3928.4199
1.21545,1.21546,1.21476,1.21483,3081.6201
1.21483,1.21517,1.21344,1.21369,6983.6299
1.21368,1.21442,1.21315,1.21431,10134.3203
1.2143,1.21621,1.21413,1.21577,9403.0996
1.21579,1.21622,1.21549,1.21586,7877.5
1.21585,1.21662,1.21486,1.21601,8362.2305
1.21601,1.21624,1.2121,1.21249,9344.7002
1.2125,1.21497,1.21249,1.21394,12275.1299
1.21394,1.21585,1.21379,1.21435,13078.9297
1.21435,1.21604,1.21428,1.21529,9601.4404
1.21531,1.21603,1.21491,1.21574,7953.02
1.21575,1.21612,1.21474,1.21609,4279.2002
1.21608,1.21689,1.21513,1.21515,5019.0298
1.21512,1.21604,1.21489,1.21568,4582.21
1.21566,1.21605,1.21539,1.21604,3105.845
1.21605,1.21626,1.21505,1.21505,2414.5825
1.21489,1.21546,1.21489,1.21517,326.53
1.21512,1.21549,1.21511,1.21543,1346.41
1.21543,1.21543,1.21451,1.215,2659.04
1.215,1.21552,1.21466,1.21509,2503.97
1.21509,1.21574,1.21509,1.21561,2308.3401
1.21561,1.21637,1.21556,1.21615,2488.95
1.21614,1.21649,1.21581,1.21647,1961.37
1.21647,1.21651,1.21602,1.21622,2691.49
1.21621,1.2163,1.21586,1.2163,3145.75
1.2163,1.2172,1.21533,1.21545,8040.9502
1.21544,1.22121,1.21522,1.22087,18636.4609
1.22087,1.22096,1.21936,1.22061,9833.1201
1.22061,1.22067,1.21952,1.21967,7861.77
1.21967,1.22006,1.21864,1.21951,7963.4502
1.21951,1.21984,1.21861,1.21944,6947.0898
1.21944,1.21949,1.21789,1.21876,11415.2598
1.21876,1.22063,1.21865,1.21959,13020.5498
1.21959,1.21983,1.21822,1.21873,12828.5996
1.21872,1.21896,1.21672,1.21746,8508.71
1.21746,1.21767,1.21627,1.21688,5212.71
1.21686,1.21755,1.21672,1.2171,4534.7202
1.2172,1.21776,1.2125,1.21622,22113.6602
1.21621,1.21989,1.2162,1.21835,11856.3203
1.21836,1.22013,1.2181,1.21985,4678.3701
1.21983,1.22017,1.21946,1.21973,783.975
1.21972,1.2198,1.21916,1.21961,1032.3
1.21961,1.2197,1.21898,1.21942,4848.1001
1.21942,1.22087,1.21922,1.22023,6595.5698
1.22022,1.22131,1.2201,1.22119,4465.7798
1.22119,1.2212,1.2208,1.22106,3587.6101
1.22105,1.22354,1.22101,1.2225,6180.3198
1.22251,1.22298,1.22247,1.22257,3540.3701
1.22256,1.2235,1.22251,1.22306,4355.2798
1.22306,1.22385,1.22262,1.22331,9769.6797
1.22331,1.22439,1.22298,1.22348,12031.54
1.22347,1.224,1.22239,1.22324,10221.9297
1.22324,1.22337,1.2225,1.22281,8791.4199
1.22281,1.22391,1.22279,1.22377,9021.8896
1.22379,1.2249,1.22326,1.22481,10438.5996
1.22481,1.22588,1.22398,1.22417,13216.5801
1.22418,1.22559,1.22399,1.22506,11169.54
1.22508,1.22613,1.22403,1.22451,13038.7197
1.22452,1.22602,1.22389,1.22586,9359.7598
1.22584,1.22676,1.22563,1.22602,6747.1899
1.22606,1.22708,1.22606,1.22673,5349.4102
1.22671,1.22726,1.22619,1.22624,6027.29
1.22623,1.22678,1.22583,1.22624,4630.73
1.2263,1.22724,1.2262,1.22656,3431.5249
1.22676,1.22718,1.22647,1.22678,815.91
1.22677,1.22683,1.22611,1.22614,1990.75
1.22613,1.22641,1.22506,1.22547,4622.3501
1.22547,1.226,1.22519,1.22563,5109.6001
1.22563,1.22584,1.22444,1.22462,4498.23
1.22463,1.22499,1.22463,1.22465,3990.6101
1.22463,1.22471,1.22384,1.22405,3203.78
1.22406,1.22441,1.22391,1.22431,4043.6599
1.22432,1.22554,1.22427,1.2253,4964.9102
1.22529,1.2256,1.22474,1.22477,7620.7402
1.22475,1.22628,1.22431,1.22571,11867.9102
1.22574,1.22623,1.22452,1.22492,11863.8701
1.22492,1.22578,1.22431,1.22543,8549.3496
1.22544,1.22603,1.22484,1.22559,8056.54
1.22557,1.22687,1.22527,1.22544,11328.9805
1.22548,1.22605,1.22456,1.22485,12178.3398
1.22485,1.22534,1.22279,1.22377,13872.1104
1.22377,1.22471,1.22264,1.22347,12933.54
1.22349,1.2236,1.22255,1.22351,9992.4805
1.22352,1.22457,1.22325,1.22367,4592.6899
1.22367,1.22432,1.22361,1.22419,2899.71
1.22421,1.22433,1.22349,1.2242,2766.5701
1.22421,1.22489,1.22364,1.2246,4461.4302
1.22459,1.22587,1.22446,1.22559,5811.4058
1.2221,1.22347,1.22209,1.22296,1148.1949
1.22295,1.22348,1.22113,1.22118,4661.7451
1.22118,1.22194,1.22046,1.22191,6326.5298
1.2219,1.2226,1.22056,1.22081,7022
1.22084,1.22122,1.21789,1.21892,8153.5298
1.21893,1.2191,1.21842,1.21845,4238.1499
1.21845,1.21918,1.21845,1.21908,2647.3701
1.21908,1.21916,1.21808,1.21912,5747.4702
1.21911,1.21992,1.21822,1.21987,5661.5601
1.21988,1.21991,1.2168,1.21758,11339.2197
1.21759,1.22267,1.21729,1.22172,18627.5898
1.22173,1.22176,1.21719,1.21752,16691.5898
1.21753,1.21767,1.21296,1.21474,22024.3691
1.21476,1.21813,1.21476,1.21621,16458.1094
1.21623,1.21876,1.21563,1.21632,13734.5996
1.21635,1.22145,1.21625,1.21912,17495.7695
1.21914,1.22187,1.21914,1.22089,15336.3301
1.22088,1.22201,1.22064,1.2211,13059.4404
1.22111,1.22347,1.22099,1.22311,10782.6299
1.2231,1.22387,1.22268,1.22361,8330.7002
1.22361,1.22473,1.22291,1.2244,6211.7002
1.22438,1.22529,1.22407,1.22485,8932.1396
1.22486,1.22529,1.22311,1.2232,6613.7002
1.22318,1.2245,1.22279,1.22432,2920.53
1.22432,1.22434,1.2234,1.22382,564.7806
1.22392,1.22498,1.22339,1.22346,3308.8301
1.22347,1.22433,1.22285,1.22309,3781.8799
1.22308,1.22374,1.22283,1.22312,5084.2598
1.2231,1.22354,1.22295,1.22325,4685.46
1.22326,1.22327,1.22239,1.2229,4059.96
1.2229,1.22298,1.22191,1.22229,3081.97
1.2223,1.22235,1.22157,1.22185,4352.02
1.22183,1.22255,1.22158,1.22169,5867.2598
1.22171,1.22296,1.22135,1.22166,12260.0195
1.22167,1.22243,1.2206,1.22218,13515.9004
1.22217,1.2226,1.22049,1.22071,13445.2998
1.22071,1.22343,1.22041,1.223,14593.5996
1.22301,1.22439,1.22209,1.22436,9831.1904
1.22436,1.2257,1.22383,1.22393,12811.25
1.22393,1.22438,1.22294,1.22301,11786.1201
1.22302,1.2239,1.22057,1.22071,15090.9697
1.22072,1.22115,1.21651,1.21734,21937.6406
1.21735,1.21804,1.21607,1.21719,18707.1094
1.21721,1.21785,1.21667,1.21744,7386.4902
1.21743,1.21747,1.21561,1.21628,6294.73
1.21628,1.21646,1.21565,1.21605,4231.7402
1.21606,1.21612,1.2152,1.21567,4760.5049
1.21567,1.2167,1.21558,1.2161,2838.3257
1.2161,1.21659,1.2161,1.21639,358.03
1.21637,1.21877,1.21634,1.21872,2289.24
1.21871,1.21872,1.21626,1.2163,7967.8398
1.21633,1.21806,1.21538,1.21772,6596.6602
1.21771,1.21795,1.21663,1.21755,6180.2402
1.21756,1.21908,1.21753,1.219,5591.3599
1.219,1.2192,1.21858,1.21878,3111.46
1.21878,1.21895,1.21844,1.21888,3461.1299
1.21888,1.21893,1.21813,1.2184,3434.29
1.21839,1.22008,1.21792,1.21969,8304.9697
1.21971,1.21974,1.21719,1.21885,13473.8799
1.21885,1.21996,1.21865,1.21937,9893.1797
1.21938,1.21984,1.21779,1.21797,12428.7998
1.21798,1.21976,1.21792,1.21913,11423.3701
1.21913,1.21944,1.21805,1.21823,9706.7402
1.21822,1.21866,1.21602,1.21762,14096.3203
1.21761,1.2221,1.21736,1.22069,17913.8906
1.22068,1.22185,1.21799,1.21842,17353.2207
1.21842,1.22034,1.21842,1.21932,10789.0498
1.21932,1.21972,1.21804,1.21867,6568.6699
1.21868,1.21885,1.21798,1.21815,5572.5898
1.21815,1.21844,1.21725,1.21804,3560.1499
1.21805,1.21963,1.21731,1.21953,4736.9502
1.21952,1.21957,1.2181,1.2185,2900.7275
1.21845,1.21904,1.21845,1.21902,322.52
1.21902,1.21939,1.21838,1.21939,1086.29
1.2194,1.22044,1.21928,1.22022,5401.96
1.2202,1.22121,1.22015,1.22081,6135.2202
1.22081,1.22156,1.22072,1.2211,3408.26
1.2211,1.22154,1.22052,1.22092,4299.9199
1.22092,1.22092,1.22017,1.22043,4553.98
1.22043,1.22081,1.22021,1.2205,3526.1399
1.22051,1.22077,1.22027,1.22071,3125.0701
1.2207,1.22096,1.22026,1.22053,6599.6299
1.22052,1.22097,1.21937,1.22011,7908.4902
1.22011,1.22028,1.21869,1.21913,7322.3999
1.21912,1.22003,1.2188,1.21987,6901.4702
1.21988,1.22034,1.21936,1.21953,5589.23
1.21952,1.21988,1.21877,1.21883,6392.7998
1.21883,1.21947,1.21855,1.21881,5985.9399
1.21879,1.21973,1.21773,1.21887,8648.04
1.21887,1.21978,1.21781,1.21822,10596.1104
1.21822,1.21891,1.21811,1.21815,4668.2402
1.21816,1.21891,1.21802,1.2183,3156.8799
1.21831,1.21857,1.21774,1.21807,4816.9038
1.21807,1.21813,1.21789,1.21797,2479.73
1.21798,1.21857,1.21795,1.21838,30401.8809
1.21838,1.21855,1.21821,1.21844,6135.6152
1.21861,1.21861,1.21809,1.21809,161.12
1.2183,1.21831,1.21806,1.2182,1849.33
1.21816,1.21828,1.21709,1.21753,645.52
1.21752,1.21913,1.21752,1.21901,477.8
1.21902,1.21932,1.21884,1.2193,892.31
1.21932,1.22006,1.21909,1.22002,227.89
1.22006,1.22006,1.21966,1.21983,745.42
1.21983,1.22012,1.2193,1.2193,203.02
1.21933,1.22031,1.21925,1.21957,252.75
1.21939,1.2198,1.21863,1.21922,477.28
1.2186,1.2193,1.21811,1.21901,1630.5319
1.21901,1.22072,1.21848,1.22038,4516.2554
1.22039,1.22081,1.21811,1.21923,5659.1699
1.21925,1.22063,1.2191,1.22048,4696.8301
1.22049,1.22137,1.22043,1.22086,4342.6001
1.22087,1.22159,1.22087,1.22126,3316.3601
1.22127,1.22138,1.22091,1.22102,2373.6899
1.22102,1.22236,1.22092,1.22234,4986.0801
1.22234,1.22269,1.22197,1.22249,5101.2002
1.22249,1.22329,1.22195,1.22308,4707.2598
1.2231,1.22403,1.22257,1.2239,8037.5
1.22388,1.22501,1.22347,1.22488,8699.2002
1.22488,1.22502,1.22074,1.22133,11685.4004
1.22132,1.22154,1.21926,1.21947,8333.2803
1.21947,1.22085,1.21913,1.22082,7747.3301
1.22083,1.22222,1.22067,1.22128,7518.54
1.22127,1.22399,1.22084,1.22317,8221.5596
1.22317,1.22347,1.22073,1.22148,9147.6699
1.22148,1.22289,1.22122,1.22129,7471.6001
1.22129,1.22162,1.2205,1.2206,6281.5601
1.2206,1.22129,1.22025,1.22084,4952.8999
1.22083,1.22113,1.22033,1.22066,4536.6401
1.22065,1.22139,1.2203,1.22132,4143.6001
1.22133,1.22162,1.22062,1.2216,2228.53
1.2216,1.2216,1.22073,1.22084,901.795
1.22081,1.22208,1.22081,1.22196,2181.3
1.22196,1.22345,1.22193,1.22254,4920.0298
1.22257,1.22306,1.22255,1.22272,4399.5801
1.22271,1.22376,1.22243,1.22339,5116.6699
1.22339,1.2243,1.22315,1.22417,3974.5701
1.22418,1.22428,1.22375,1.22396,4174.98
1.22398,1.22407,1.2235,1.2236,3438.7
1.22359,1.22427,1.22355,1.22422,3777.54
1.22422,1.22514,1.2239,1.22402,6157.48
1.22403,1.2258,1.22392,1.22452,8493.9902
1.22452,1.22522,1.22364,1.22495,10148.9502
1.22496,1.22569,1.22455,1.22491,9590.46
1.22491,1.22528,1.22389,1.22486,7896.6201
1.22487,1.22614,1.22464,1.22559,8522.6104
1.22561,1.22592,1.22482,1.22534,9641.5
1.22535,1.2275,1.225,1.22671,10842.5996
1.2267,1.22677,1.22402,1.22438,15101.0703
1.22437,1.22557,1.22379,1.22516,8625.5195
1.22517,1.22546,1.22369,1.22416,6516.4702
1.22415,1.22476,1.22359,1.22458,5077.1401
1.22457,1.22586,1.2244,1.22512,5196.3398
1.2251,1.22561,1.22466,1.22498,5130.9175
1.22498,1.22525,1.22468,1.22478,2238.0349
1.22455,1.22533,1.22453,1.22528,604.535
1.22527,1.22589,1.22515,1.22519,2522.72
1.2252,1.22779,1.22511,1.22684,4776.9702
1.22682,1.22948,1.22663,1.22906,8655.0498
1.22907,1.22919,1.22845,1.22869,4133.6899
1.2287,1.22887,1.22818,1.22828,3356.1001
1.22829,1.22896,1.22817,1.22848,2504.99
1.22849,1.22905,1.22838,1.22849,3333.3799
1.22847,1.22864,1.22761,1.22816,4018.72
1.22816,1.22851,1.22651,1.22672,6977.2002
1.22671,1.227,1.22527,1.22587,12016.1797
1.22589,1.2272,1.2255,1.22682,8642.96
1.22682,1.22846,1.22668,1.2279,8425
1.2279,1.22801,1.22663,1.22731,9201.5996
1.2273,1.22935,1.22705,1.22895,8169.8799
1.22898,1.22914,1.22765,1.22911,9416.96
1.22913,1.23101,1.22711,1.22966,18796
1.22967,1.23058,1.22808,1.23005,14243.9404
1.23007,1.23022,1.22784,1.2279,9747.4805
1.2279,1.22888,1.22762,1.22885,5038.1602
1.22885,1.22913,1.22854,1.22908,2979.3899
1.2291,1.22926,1.22804,1.22884,4430.0298
1.22884,1.22948,1.22884,1.22917,4246.1802
1.22918,1.23019,1.22909,1.22952,2502.9399
1.22955,1.22997,1.22925,1.22962,841.5237
1.22963,1.23042,1.22963,1.22984,1181.4
1.22986,1.23081,1.22948,1.23065,3338.78
1.23064,1.23092,1.22989,1.23065,5996.1899
1.23063,1.2309,1.22853,1.22896,4146.3901
1.22895,1.22938,1.22862,1.2291,4438.4302
1.22909,1.22911,1.2285,1.22865,2832.9199
1.22864,1.2297,1.22851,1.22896,3051.75
1.22896,1.22926,1.2286,1.22913,3281.5
1.22914,1.23031,1.22909,1.22963,6678.3799
1.22963,1.23041,1.22871,1.2301,12483.7305
1.23012,1.23012,1.22768,1.2279,15611.9697
1.22789,1.22884,1.22746,1.22795,13608.96
1.22794,1.22878,1.22665,1.22748,9361.5303
1.22748,1.22813,1.22595,1.22716,9589.4297
1.22716,1.2287,1.2264,1.22843,10511.1104
1.22844,1.22851,1.2265,1.22692,9498.5596
1.22692,1.22704,1.22247,1.22386,14876.29
1.22384,1.22402,1.22208,1.22299,12576.9199
1.22298,1.22346,1.22217,1.2225,5631.9399
1.22251,1.22279,1.22149,1.22166,4320.5601
1.22166,1.22228,1.22091,1.22098,3658.3401
1.22096,1.22192,1.22096,1.22158,2118.1399
1.22159,1.22279,1.22135,1.22141,4817.8901
1.22396,1.2242,1.22296,1.22333,1705.192
1.22331,1.22527,1.22304,1.225,5284.27
1.22499,1.22499,1.22385,1.22407,7339.5698
1.22408,1.22556,1.22397,1.22525,9449.9805
1.22524,1.22584,1.22494,1.22538,7680.4102
1.2254,1.22577,1.22485,1.22549,6843.4102
1.2255,1.2255,1.22436,1.22488,5499.1099
1.22489,1.22593,1.22413,1.22551,5951.1001
1.22553,1.22577,1.2242,1.22562,8112.8599
1.22562,1.22688,1.22538,1.22637,10517.9297
1.22637,1.22861,1.2262,1.2281,11921.4805
1.22811,1.23005,1.2279,1.22933,11447.4502
1.22934,1.22997,1.22897,1.22922,10943.3799
1.22922,1.22994,1.22912,1.2293,9543.4902
1.2293,1.2306,1.2287,1.23032,10203.8096
1.23032,1.23051,1.22862,1.22986,13642.6104
1.22988,1.23096,1.22836,1.22892,20412.1992
1.22892,1.22908,1.22602,1.22716,23141.4902
1.22716,1.22773,1.22524,1.22535,21008.6094
1.22535,1.22611,1.225,1.2253,15549.4199
1.2253,1.22566,1.22424,1.22509,12468.4004
1.22507,1.22523,1.22437,1.2252,7416.2798
1.22519,1.22521,1.22413,1.2249,8287.9404
1.22491,1.22522,1.22416,1.22473,3497.8701
1.22463,1.22526,1.22432,1.22504,956.6437
1.22503,1.22534,1.2247,1.22525,2770.8899
1.22525,1.22569,1.2247,1.22555,4991.7798
1.22555,1.22629,1.22548,1.22569,5583.2798
1.2257,1.22729,1.22569,1.22704,4958.8198
1.22704,1.22767,1.22675,1.22729,6002.71
1.22727,1.22727,1.22659,1.22689,5584.1699
1.22689,1.22733,1.22671,1.22724,4781.6602
1.22724,1.22743,1.22665,1.22694,5906.3701
1.22694,1.2271,1.22552,1.22581,10244.1504
1.22581,1.22787,1.22581,1.22742,13317.7002
1.22741,1.22839,1.22684,1.22722,9543.1396
1.22722,1.22842,1.22714,1.22771,8227.2598
1.2277,1.22906,1.22766,1.2283,7670
1.22828,1.22846,1.22658,1.22724,10628.6396
1.22723,1.22759,1.22603,1.22625,11700.5596
1.22625,1.22784,1.2259,1.2264,14044.9297
1.22643,1.22825,1.22538,1.22754,19397.5
1.22754,1.22966,1.2273,1.22946,15158.9902
1.22945,1.23052,1.22926,1.22993,10969.7695
1.22993,1.23048,1.22925,1.22932,7757.8999
1.22934,1.23038,1.22897,1.23035,6297.7598
1.23032,1.23056,1.22927,1.22936,5427.4751
1.22937,1.22991,1.22894,1.22957,1650.035
1.22946,1.23018,1.22925,1.22962,702.13
1.22963,1.23016,1.22946,1.22984,3021.5801
1.22985,1.23261,1.22919,1.23088,9950.1602
1.23089,1.23152,1.2281,1.22891,19321.6895
1.22892,1.22936,1.22766,1.22787,9267.6602
1.22786,1.22952,1.22755,1.22857,9191.6904
1.22856,1.23064,1.22835,1.22917,10345.7803
1.22915,1.23057,1.22915,1.22965,6872.3301
1.22965,1.23218,1.22965,1.23164,7200.9302
1.23163,1.23452,1.23123,1.23394,16277.2695
1.23398,1.23403,1.2322,1.23245,16465.8398
1.23245,1.23389,1.23206,1.23382,15038.8096
1.23381,1.23442,1.2333,1.23381,11723.2695
1.23381,1.23491,1.23334,1.23374,10040.9297
1.23373,1.23494,1.23298,1.23401,10813.9502
1.23397,1.23448,1.23166,1.23194,13698.0801
1.23194,1.23206,1.22923,1.23094,24677.1191
1.23093,1.23176,1.22752,1.22822,17904.3301
1.22821,1.22925,1.22655,1.22896,15327.5996
1.22897,1.23041,1.22852,1.22988,6733.4399
1.22985,1.23174,1.22963,1.23099,6189.02
1.23101,1.2316,1.22976,1.23068,13330.8096
1.23067,1.23398,1.23067,1.23237,12752.0801
1.23238,1.23312,1.23217,1.23239,3669.4451
1.23247,1.23306,1.23226,1.23276,570.8715
1.23275,1.23398,1.23266,1.23382,2467.3899
1.23384,1.23443,1.23299,1.23324,6092.5498
1.23324,1.2337,1.23282,1.23303,6419.6899
1.23305,1.23323,1.23187,1.23245,6459.1802
1.23246,1.23286,1.23236,1.23274,3395.26
1.23275,1.23313,1.2324,1.23246,3037.03
1.23246,1.23254,1.23107,1.23125,4655.7402
1.23126,1.23247,1.23072,1.23203,6088.6699
1.23203,1.23255,1.2308,1.23111,9835.1201
1.2311,1.2317,1.22927,1.22943,15972.2197
1.22943,1.22956,1.22638,1.22689,15198.5596
1.22686,1.22742,1.2245,1.22494,13427.7695
1.22495,1.22662,1.22478,1.22567,7895.5698
1.22569,1.22732,1.22508,1.22675,7860.2002
1.22675,1.22784,1.22618,1.22685,11264.7598
1.22685,1.22825,1.22532,1.2259,18595.7598
1.2259,1.22676,1.22461,1.22592,18613.2695
1.22593,1.22772,1.22589,1.22638,10823
1.22636,1.22713,1.22547,1.22656,7404.6699
1.22657,1.2279,1.22628,1.22741,5741.3301
1.22742,1.22756,1.2264,1.22676,5205.7798
1.22675,1.22719,1.2263,1.22654,4510.5098
1.22654,1.2277,1.22627,1.2271,2759.3301
1.22713,1.22731,1.22622,1.22654,894.4319
1.22654,1.22718,1.2265,1.22691,2934.05
1.2269,1.22724,1.22566,1.22575,6044.2598
1.22576,1.22598,1.22349,1.2248,10343.2197
1.22481,1.22604,1.22455,1.22598,5938.2998
1.22599,1.22647,1.22587,1.22618,4930.6602
1.22618,1.22633,1.22561,1.22632,4154.2202
1.2263,1.22681,1.22568,1.22577,5077.5
1.22576,1.22681,1.22575,1.22633,4203.48
1.22633,1.22691,1.22323,1.2239,10535.2402
1.22389,1.22389,1.22132,1.22236,17769.8105
1.22237,1.22407,1.22174,1.22399,12805.3701
1.22404,1.22447,1.22359,1.22392,6898.3999
1.22393,1.22537,1.22323,1.22505,7563.3501
1.22505,1.22526,1.22453,1.22486,8691.7998
1.22484,1.22845,1.22341,1.22715,24207.5
1.22711,1.22834,1.22434,1.22501,21132.0605
1.22498,1.22581,1.2222,1.22549,23494.6406
1.22551,1.22633,1.22364,1.22514,21186.6895
1.22519,1.22531,1.22242,1.22287,10082.0596
1.22286,1.22286,1.21929,1.2195,10449.1602
1.2195,1.22175,1.2195,1.22146,6987.8701
1.22146,1.22265,1.22116,1.2226,4140.8799
1.22261,1.22272,1.2216,1.22174,9328.1631
1.22175,1.22284,1.22118,1.22157,6928.332
1.22163,1.22178,1.21821,1.2187,9060.6025
1.21869,1.21962,1.21812,1.21886,6717.1899
1.21887,1.21907,1.21711,1.21776,6147.9102
1.21776,1.21799,1.21667,1.21798,5631.77
1.21801,1.21803,1.21707,1.21731,4613.7998
1.21734,1.21766,1.21666,1.21738,4326.73
1.21739,1.21818,1.217,1.21815,5584.1602
1.21814,1.21907,1.21771,1.21899,6488.2002
1.21897,1.21933,1.21767,1.21783,9624.54
1.21782,1.21998,1.21781,1.21901,14694.4805
1.21902,1.21937,1.21599,1.21605,13355.2998
1.21605,1.21673,1.21544,1.2167,9052.7998
1.2167,1.21688,1.21583,1.21662,8524.5801
1.21663,1.21719,1.21553,1.21656,9974.8203
1.21656,1.21682,1.21393,1.21444,12147.4502
1.21447,1.21579,1.21337,1.21374,19354.0391
1.21373,1.21557,1.21321,1.21503,15389.3398
1.21501,1.21716,1.21471,1.21687,11946.4199
1.21686,1.21742,1.21657,1.21669,5561.2402
1.21669,1.21715,1.21632,1.21654,4180.8901
1.21656,1.21691,1.21612,1.21622,3532.53
1.21622,1.2165,1.21527,1.21533,4474.1348
1.21534,1.21577,1.21486,1.21496,1736.957
1.21497,1.21572,1.21491,1.21529,351.28
1.21527,1.21612,1.21512,1.21605,2094.3501
1.21605,1.21619,1.21511,1.21592,4006.78
1.21592,1.21619,1.21404,1.2149,5906.48
1.21492,1.21492,1.21413,1.21439,3615.45
1.2144,1.21499,1.21424,1.21484,2701.1799
1.21483,1.21484,1.21386,1.21427,3109.3201
1.21427,1.21552,1.21399,1.21531,3706.3401
1.21533,1.21613,1.21486,1.21608,4331.6802
1.21608,1.21752,1.21553,1.21633,8408.21
1.21633,1.2167,1.21505,1.21519,9101.2002
1.21518,1.21789,1.21502,1.21617,12253.9004
1.21617,1.21666,1.21442,1.21452,7197.9302
1.21453,1.21582,1.21406,1.21514,5946.0298
1.21516,1.21598,1.21493,1.21551,8325.75
1.21551,1.21645,1.21403,1.21461,10131.0303
1.21465,1.21587,1.21371,1.21511,14620.6201
1.21509,1.21664,1.21489,1.21557,11539.5596
1.21555,1.21682,1.21548,1.2168,9791.5195
1.2168,1.21778,1.21624,1.21744,7397.98
1.21744,1.2193,1.2172,1.21871,6098.29
1.21871,1.22067,1.21865,1.21995,7712.5498
1.21996,1.2208,1.21979,1.22055,4753.6201
1.22059,1.22097,1.22024,1.22062,2216.5461
1.22064,1.22079,1.22013,1.22049,1691.6375
1.22051,1.22091,1.22017,1.22085,3048.8301
1.22087,1.22159,1.22074,1.22079,4767.7998
1.22079,1.22181,1.22048,1.22174,6033.4102
1.22174,1.22191,1.2212,1.22126,3642.8101
1.22127,1.22201,1.22126,1.22158,2905.5701
1.22156,1.22156,1.22085,1.22085,2965.1499
1.22085,1.2214,1.22073,1.22089,3892.1599
1.22089,1.22172,1.22079,1.22138,4078.98
1.22139,1.22227,1.22026,1.22031,8064.3198
1.22032,1.22077,1.21855,1.2191,10088.8301
1.21909,1.21927,1.21822,1.21892,10530.7402
1.21897,1.21918,1.21725,1.21774,9911.9697
1.21775,1.21788,1.21606,1.21627,8823.8896
1.21626,1.21757,1.21625,1.21726,9360.4805
1.21727,1.21786,1.21546,1.21611,11368.0596
1.21613,1.21748,1.21536,1.21639,16505.6309
1.21638,1.21805,1.21572,1.21595,16846.6094
1.21593,1.21655,1.21518,1.21578,11410.6201
1.21579,1.21694,1.21399,1.21652,9797.96
1.21654,1.21747,1.216,1.21611,6735.6499
1.21611,1.21627,1.21527,1.21537,5030.5898
1.21537,1.2158,1.21483,1.21543,4542.1748
1.21543,1.21583,1.21534,1.21568,2026.9895
1.21568,1.21628,1.21537,1.21563,1593.996
1.21559,1.21636,1.21547,1.21619,1834.74
1.21618,1.21706,1.21599,1.21645,2759.5801
1.21642,1.21718,1.21636,1.21658,4345.9199
1.21659,1.21689,1.21355,1.2152,9336.6299
1.2152,1.21537,1.21387,1.21451,5602.5298
1.2145,1.21502,1.2143,1.21496,3354.3799
1.21495,1.21553,1.2145,1.21552,7064.3301
1.2155,1.21552,1.21496,1.21498,5088.21
1.21499,1.21505,1.21361,1.21431,8557.46
1.2143,1.21627,1.21411,1.21585,13237.7695
1.21584,1.21674,1.21493,1.21661,10784.4502
1.2166,1.2167,1.21567,1.21656,8621.8701
1.21656,1.21662,1.21481,1.21514,7915.9399
1.21515,1.21557,1.21248,1.21294,9194.9102
1.21298,1.2132,1.2111,1.21198,17640.1992
1.21197,1.21285,1.21138,1.2117,16064.7803
1.2117,1.21391,1.21119,1.21354,15254.7695
1.21354,1.21586,1.21323,1.21545,12380.1104
1.21545,1.21784,1.21495,1.21654,8657.3096
1.21657,1.21774,1.21501,1.21506,10479.4902
1.21506,1.21578,1.21466,1.21549,5969.4102
1.2155,1.21652,1.21547,1.21639,5463.1548
1.21639,1.21644,1.21527,1.2153,2866.3201
1.2153,1.21565,1.21518,1.21524,1385.038
1.2152,1.21561,1.215,1.21506,2273.8101
1.21505,1.21624,1.21504,1.21542,3397.1899
1.21542,1.21573,1.21484,1.21506,4808.7402
1.21506,1.21515,1.21432,1.21515,2602.04
1.21515,1.21546,1.21493,1.21494,3198.9399
1.21493,1.21509,1.21434,1.21468,3799.3
1.21468,1.21469,1.21353,1.21397,5184.3901
1.21397,1.21439,1.21338,1.21374,3815.0601
1.21372,1.21466,1.21343,1.21348,7266.3701
1.21348,1.21411,1.21177,1.2131,10875.8301
1.21308,1.21415,1.21279,1.2139,8294.4697
1.21388,1.21443,1.21267,1.21315,8177.6802
1.21316,1.2137,1.2122,1.21233,7732.5298
1.21231,1.21252,1.21154,1.21217,9827.4697
1.21213,1.21329,1.21138,1.21159,11872.9004
1.21159,1.21177,1.20937,1.20974,17716.6699
1.20973,1.2102,1.20816,1.20932,18009.5
1.20932,1.21003,1.20875,1.20974,12177.4102
1.20978,1.21,1.2088,1.20936,7190.52
1.20936,1.20936,1.20775,1.20805,7076.1401
1.20807,1.20847,1.20766,1.20767,4007.97
1.20766,1.20816,1.20763,1.20783,3484.885
1.20782,1.20799,1.20747,1.20748,4213.6851
1.20838,1.20838,1.20761,1.20774,563.9672
1.20774,1.20865,1.2066,1.20662,5275.73
1.20661,1.2078,1.20649,1.20755,5441.8501
1.20756,1.20811,1.20707,1.20785,5429.9399
1.20784,1.20844,1.20753,1.20827,4534.75
1.20826,1.20828,1.207,1.2074,4347.2002
1.20741,1.20745,1.20654,1.207,3479.6699
1.20701,1.20776,1.20655,1.20775,4477.46
1.20775,1.20817,1.20737,1.20809,2867.5
1.20808,1.20867,1.20673,1.20675,8054.8101
1.20673,1.20796,1.20669,1.20693,8710.3203
1.20694,1.20754,1.2059,1.2062,9299.6504
1.2062,1.20697,1.2056,1.20672,7722.0801
1.20673,1.20756,1.20624,1.20652,8654.4697
1.20655,1.20669,1.20535,1.2056,6673.0098
1.20561,1.20692,1.20546,1.20658,7270.27
1.20659,1.20729,1.20627,1.20716,7416.8999
1.20717,1.20767,1.2068,1.20746,6444.46
1.20746,1.20808,1.20736,1.20765,4229.5498
1.20766,1.20766,1.20708,1.20747,2647.1201
1.20747,1.20777,1.20716,1.20737,1764.13
1.20738,1.20821,1.20737,1.20789,4351.0698
1.20788,1.20807,1.20766,1.20766,1865.915
1.20766,1.20809,1.20748,1.20749,2126.2749
1.20748,1.20786,1.20748,1.20772,122.31
1.2077,1.20779,1.20739,1.20776,1491.54
1.20775,1.20926,1.20772,1.20862,4324.0498
1.20859,1.20968,1.20859,1.20932,4477.3901
1.20932,1.20978,1.20906,1.20944,3853.77
1.20946,1.20986,1.20922,1.20969,3676.1799
1.20971,1.20973,1.20938,1.20953,1907
1.20953,1.20969,1.20909,1.20969,2513.6299
1.20969,1.20979,1.20925,1.20978,3355.22
1.20979,1.21076,1.20852,1.2104,8881.3896
1.21041,1.21186,1.21031,1.21093,11755.1504
1.21093,1.21226,1.21026,1.21181,10444.1201
1.21182,1.21342,1.21181,1.21282,10578.7803
1.21281,1.21375,1.2127,1.21271,6714.7402
1.21271,1.21335,1.21241,1.21258,9342.9004
1.21259,1.2141,1.21233,1.21358,13743.9805
1.21357,1.21448,1.21222,1.21261,19507.3398
1.21261,1.2135,1.21187,1.21281,17681.8809
1.21277,1.21338,1.21154,1.21246,12737.8896
1.21246,1.2126,1.21164,1.21213,7657.6201
1.21211,1.21247,1.21187,1.21217,6003.1099
1.21215,1.21296,1.21195,1.21251,5376.98
1.21252,1.21277,1.21232,1.21268,4777.395
1.21267,1.2129,1.21244,1.21284,2646.48
1.21281,1.21287,1.21228,1.21276,1738.0925
1.21278,1.21396,1.21264,1.21391,4533.6001
1.21392,1.21463,1.21269,1.21422,9761.8096
1.21422,1.21447,1.21351,1.21407,7124.27
1.21407,1.21492,1.21396,1.21433,6556.9102
1.21433,1.21469,1.21421,1.21442,6450.8301
1.21442,1.21445,1.21396,1.21403,4731.7598
1.21403,1.21443,1.21403,1.21441,4045.8999
1.21442,1.21577,1.21421,1.21486,5078.6401
1.21483,1.21576,1.21475,1.21556,5625.2798
1.21556,1.21581,1.21306,1.2135,13355.4805
1.21352,1.21366,1.21179,1.21273,13013.8398
1.21271,1.21277,1.21133,1.21211,10046.3398
1.21211,1.21226,1.21112,1.2112,7148.3701
1.21119,1.21147,1.20961,1.20982,8421.9004
1.20981,1.21089,1.20954,1.2107,7761.6602
1.21071,1.21134,1.20767,1.20804,13367.9004
1.20805,1.21177,1.20805,1.21052,14362.5996
1.21052,1.2115,1.20923,1.21102,7720.8101
1.21102,1.21137,1.2101,1.21067,5343.46
1.21067,1.21099,1.21032,1.21092,4597.3198
1.21092,1.21092,1.21029,1.2107,4954.3501
1.21072,1.21074,1.20988,1.2107,4289.2598
1.21069,1.21075,1.21043,1.21044,2058.2849
1.21044,1.21102,1.21032,1.21094,241.6175
1.21096,1.21186,1.21093,1.21144,2121.3201
1.21145,1.21176,1.21093,1.21173,2812.54
1.21173,1.21305,1.21153,1.21237,5092.04
1.21238,1.21337,1.21229,1.21252,3258.48
1.21255,1.21321,1.21254,1.21296,2885.3799
1.21297,1.21315,1.2127,1.21294,2320.6101
1.21295,1.2138,1.2128,1.21344,3069.6001
1.21348,1.21369,1.21285,1.2131,4075.0801
1.21309,1.21352,1.21177,1.21195,8212.3096
1.21194,1.21374,1.21148,1.2132,10713.2695
1.21319,1.21457,1.21274,1.21424,9000.5996
1.21421,1.21469,1.21349,1.21389,8113.21
1.2139,1.21461,1.21324,1.21431,7002.25
1.21431,1.21549,1.21415,1.21433,9384.6504
1.21432,1.2173,1.21405,1.21512,18911.0996
1.21512,1.21573,1.21363,1.21499,17412.5391
1.21499,1.21701,1.21484,1.21512,14647.0195
1.21513,1.21545,1.21368,1.21424,12086.3896
1.21423,1.21499,1.21356,1.21485,8490.8096
1.21485,1.21565,1.21481,1.21552,4794.8501
1.21551,1.21612,1.21541,1.21599,3597.76
1.21597,1.21697,1.21566,1.21687,4073.8999
1.21687,1.21699,1.21627,1.2164,1646.205
1.21564,1.21676,1.21564,1.21674,318.2575
1.21675,1.21702,1.21646,1.21654,2754.8101
1.21654,1.21777,1.21646,1.21688,4722.6899
1.21692,1.21734,1.21613,1.21729,4888.1602
1.21729,1.21762,1.217,1.2174,3671.9399
1.21741,1.21755,1.21711,1.21736,2266.6899
1.21736,1.21766,1.21713,1.21735,1791.6801
1.21736,1.21744,1.21708,1.2172,2458.72
1.2172,1.2172,1.21628,1.21653,3554.46
1.21652,1.21652,1.21532,1.21567,7436.1299
1.21566,1.21835,1.21515,1.21795,14442.0996
1.21796,1.21894,1.21597,1.21737,13990.3301
1.21736,1.21776,1.21664,1.21681,7708.73
1.21682,1.21875,1.2168,1.21762,7358.5
1.21764,1.21812,1.21593,1.21637,7338.25
1.21638,1.21708,1.21552,1.21653,7423.1699
1.21655,1.21745,1.21541,1.2174,9691.3398
1.21739,1.21847,1.21619,1.21721,12683.8496
1.21721,1.21816,1.21705,1.21775,7733.0698
1.21776,1.21791,1.21629,1.21673,6095.3101
1.21672,1.21707,1.21653,1.21688,3489.53
1.21689,1.2173,1.21662,1.21663,2900.8301
1.21663,1.2172,1.21652,1.21681,2478.0349
1.21681,1.21717,1.2166,1.21667,4950.7476
1.21688,1.21716,1.21622,1.21662,1575.7441
1.21663,1.21706,1.21641,1.21668,3202.77
1.2167,1.21733,1.21661,1.21676,4222.54
1.21677,1.21686,1.21601,1.21641,5087.9902
1.21642,1.21754,1.21642,1.21702,4403.23
1.21702,1.21777,1.21702,1.21749,2944.8701
1.21751,1.21802,1.21751,1.2176,1797.86
1.2176,1.21808,1.21748,1.21806,3728.53
1.21805,1.21832,1.21738,1.21769,5118.6201
1.2177,1.21827,1.21716,1.21795,9139.2402
1.21796,1.21799,1.21684,1.21731,13160.3301
1.2173,1.21745,1.2144,1.21475,14438.5898
1.21475,1.2159,1.214,1.21572,10161.6904
1.21572,1.21625,1.21543,1.21567,6924.3901
1.21566,1.21594,1.21498,1.21533,7453.1299
1.21532,1.21535,1.21434,1.21469,10762.8496
1.2147,1.21524,1.21195,1.21207,12004.9004
1.21205,1.21313,1.21158,1.21301,15175.6104
1.21301,1.2138,1.21194,1.21367,12839.1201
1.21365,1.21477,1.21362,1.21445,7098.3301
1.21444,1.21465,1.21401,1.2143,3878.0801
1.21429,1.21444,1.21367,1.21386,3221.1599
1.21387,1.21415,1.2136,1.21413,3071.0601
1.21413,1.21434,1.21362,1.21363,1911.87
1.21363,1.21447,1.2134,1.21425,2474.0261
1.21426,1.21442,1.21402,1.21426,1013.36
1.21427,1.21428,1.21331,1.21341,2178.6399
1.21342,1.21455,1.21332,1.21454,3804.21
1.21452,1.21461,1.21423,1.21423,4108.6899
1.21425,1.21442,1.21377,1.21396,3896.74
1.21396,1.21399,1.21274,1.21301,3317.8401
1.21301,1.21318,1.21269,1.2131,3938.4099
1.21309,1.21312,1.21232,1.21271,4985.7402
1.21271,1.21311,1.21076,1.21112,10280.4297
1.21113,1.21414,1.21113,1.21382,14576.2695
1.21384,1.21386,1.21208,1.21288,11503.1201
1.21289,1.21348,1.2123,1.21267,8311.0498
1.21266,1.21425,1.2125,1.21377,8209.4297
1.21375,1.21489,1.2136,1.21442,7675.0698
1.21441,1.21618,1.21405,1.21567,8007.2402
1.21571,1.21642,1.2154,1.21592,11484.7598
1.21592,1.21758,1.21574,1.21677,11815.7803
1.21676,1.2169,1.21397,1.21462,9316.3203
1.2146,1.21582,1.21459,1.21572,6369.02
1.21571,1.2165,1.21562,1.21636,3993.0901
1.21637,1.21681,1.21595,1.21647,2337.5901
1.21648,1.21676,1.21639,1.21673,2351.3049
1.21672,1.21684,1.21589,1.21597,1984.9625
1.21598,1.21658,1.21592,1.21608,229.1975
1.21611,1.21636,1.21599,1.21632,1555.5
1.21632,1.21696,1.21604,1.21623,3352.04
1.21622,1.2167,1.21582,1.21608,4212.52
1.21609,1.2161,1.21553,1.21591,3100.1499
1.2159,1.21592,1.21547,1.21566,2089.4299
1.21569,1.21578,1.2153,1.21572,2091.8401
1.21572,1.2165,1.21559,1.21628,2143.1799
1.21628,1.21659,1.21586,1.21629,2799.4399
1.2163,1.2163,1.21517,1.21549,6508.1401
1.21551,1.21584,1.21437,1.2148,12941
1.21479,1.21487,1.21194,1.21225,15722.0098
1.21224,1.21327,1.21187,1.2131,6919.25
1.21309,1.21309,1.21133,1.21165,9383.79
1.21164,1.21196,1.21055,1.21078,11330.9297
1.21077,1.2117,1.20981,1.21112,12038.9404
1.21112,1.21124,1.20585,1.20682,23174.9492
1.20682,1.20982,1.20677,1.2091,21738.6797
1.20912,1.21095,1.20892,1.21002,10899.7695
1.21004,1.21193,1.20971,1.21177,9069.9902
1.21178,1.21204,1.21103,1.21199,6233.6802
1.21199,1.21287,1.20979,1.21,14892.5498
1.20999,1.2108,1.20932,1.21048,13369.9746
1.21051,1.21141,1.21017,1.21096,3508.895
1.21083,1.21118,1.21051,1.21082,649.81
1.21085,1.21112,1.20947,1.21027,4520.5098
1.21028,1.21049,1.20824,1.20879,8199
1.20876,1.21059,1.20859,1.21014,5797.9502
1.21014,1.21051,1.20906,1.20943,4877.79
1.20943,1.20943,1.20875,1.20911,5535.5898
1.20911,1.20939,1.2087,1.20936,3210.5801
1.20934,1.21055,1.20914,1.21053,4142.6201
1.21052,1.21052,1.20931,1.21034,4855.5601
1.21032,1.21032,1.20807,1.20938,12590.9404
1.2094,1.21136,1.20889,1.20908,15640.9199
1.20909,1.21111,1.20905,1.21088,13510.5195
1.21087,1.21173,1.21033,1.21086,12382.0996
1.21087,1.21115,1.20959,1.2102,11583.4199
1.21021,1.21117,1.20979,1.2099,7971.21
1.2099,1.21306,1.2088,1.21285,14257.0498
1.21284,1.21424,1.21219,1.21294,18561.4004
1.21295,1.21417,1.21214,1.21218,16334.5898
1.21217,1.21294,1.21186,1.21215,10003.8701
1.21216,1.21304,1.2121,1.21251,6845.2402
1.2125,1.21373,1.2124,1.21346,6188.02
1.21347,1.21399,1.21312,1.21314,4721.4399
1.21315,1.21376,1.21247,1.21259,6012.1152
1.21258,1.21269,1.21184,1.21201,2366.2849
1.21199,1.21276,1.21176,1.21215,1047.0551
1.21215,1.21244,1.21183,1.21209,1952.8101
1.21209,1.21219,1.21036,1.21072,5404.2998
1.21072,1.2116,1.21062,1.21083,4259.23
1.21085,1.21091,1.2102,1.21043,3817.8899
1.21043,1.21063,1.20971,1.20971,3370.8201
1.20971,1.21018,1.2095,1.20995,3403.53
1.20995,1.21016,1.20944,1.20995,3485.6599
1.20994,1.21068,1.20978,1.21053,3851.6201
1.21052,1.21087,1.20996,1.21044,10228.3301
1.21043,1.21195,1.20972,1.2117,17269.7598
1.2117,1.21211,1.21057,1.21165,14087.8799
1.21164,1.21344,1.21069,1.21343,12730.0195
1.21342,1.21387,1.21267,1.21267,7735.2998
1.21268,1.21484,1.21266,1.21336,8669.8096
1.21335,1.21522,1.21265,1.21461,17638.7891
1.21463,1.2156,1.21395,1.21467,12660.7695
1.21467,1.21551,1.2125,1.2149,16258.9502
1.21491,1.21533,1.21297,1.21351,15255.96
1.21352,1.21437,1.21293,1.21323,8331.4805
1.21322,1.21364,1.21274,1.21296,6381.4302
1.21295,1.21347,1.21284,1.21306,5601.8799
1.21306,1.21392,1.21303,1.21347,4093.7051
1.21348,1.21388,1.21298,1.21298,6793.7202
1.21297,1.21326,1.21277,1.21283,984.4794
1.21281,1.21318,1.21204,1.21227,5888.0698
1.21225,1.21299,1.21201,1.21297,4126.4399
1.21296,1.21363,1.21256,1.21271,4838.8501
1.21272,1.21295,1.21246,1.2127,3354.01
1.2127,1.21317,1.21258,1.21295,3003.53
1.21295,1.21329,1.21273,1.21275,3585.02
1.21276,1.21323,1.21258,1.21299,3515.28
1.21299,1.21326,1.21277,1.21292,3084.9099
1.21293,1.21308,1.21216,1.21283,7352
1.21283,1.21307,1.20881,1.20888,14069.3096
1.20888,1.21042,1.20835,1.20936,12591.0195
1.20936,1.2094,1.20693,1.20797,11162.8896
1.20797,1.20842,1.20725,1.20816,7751.3799
1.20816,1.20886,1.20721,1.20755,9948.3701
1.20755,1.20928,1.20729,1.20848,12443.9902
1.20848,1.20994,1.20835,1.20869,14815.1299
1.20867,1.20983,1.20798,1.20845,11549.0996
1.20845,1.20871,1.20682,1.20685,8984.8203
1.20685,1.20701,1.20625,1.20696,7014.3501
1.20696,1.20782,1.20615,1.20676,5798.9302
1.20676,1.20771,1.20654,1.20664,4462.77
1.20662,1.2071,1.2056,1.20565,6313.1948
1.20564,1.20617,1.2056,1.20594,2678.7151
1.20594,1.20637,1.20593,1.20618,675.16
1.20619,1.20684,1.20612,1.20676,2450.6499
1.20676,1.20685,1.20622,1.20679,3557.49
1.20678,1.20861,1.20671,1.20838,4367.7402
1.20839,1.20877,1.20817,1.20833,3448.8301
1.20833,1.20845,1.20796,1.20816,4084.47
1.20817,1.20828,1.2075,1.20756,2660.1101
1.20755,1.20793,1.20745,1.20791,2717.75
1.2079,1.20795,1.20659,1.20708,2834.1399
1.20707,1.2076,1.2064,1.20686,7838.25
1.20686,1.20871,1.20672,1.20866,10837.6104
1.20866,1.20866,1.20639,1.20668,7990.3101
1.20669,1.20696,1.2032,1.20352,13632.3604
1.20352,1.20406,1.20263,1.20277,7220.4102
1.20278,1.20399,1.20261,1.20386,6303.8999
1.20387,1.20497,1.20346,1.20481,10133.75
1.2048,1.20492,1.20202,1.20231,13183.6797
1.20234,1.20338,1.20207,1.20273,11776.5801
1.20273,1.20326,1.20186,1.2019,9018.3096
1.20188,1.20254,1.20115,1.20188,6913.73
1.20189,1.20247,1.20175,1.20179,4595.2402
1.2018,1.20255,1.20172,1.20199,3481.6699
1.20198,1.20402,1.20171,1.20368,4681.27
1.20367,1.20458,1.20341,1.20428,3196.6699
1.20423,1.20448,1.20416,1.20431,440.96
1.20436,1.20441,1.20361,1.20365,3001.23
1.20365,1.2046,1.20357,1.20442,3774.74
1.20441,1.205,1.20418,1.20468,4597.1602
1.20469,1.20479,1.20445,1.20463,2728.3501
1.20465,1.20479,1.20416,1.20417,2426.3501
1.20419,1.20436,1.20392,1.20432,2361
1.20434,1.20456,1.20414,1.20439,2226.9199
1.20439,1.20441,1.20347,1.20377,2626.55
1.20374,1.20404,1.20276,1.20374,7063.3999
1.20374,1.20423,1.20309,1.20312,9410.1396
1.20314,1.20316,1.20095,1.20227,10145.8896
1.20231,1.20303,1.2012,1.2021,7237.1001
1.20209,1.20242,1.20161,1.20162,3244.23
1.20161,1.20229,1.20049,1.20105,7191.8501
1.20106,1.20233,1.20082,1.2017,8538.8096
1.20167,1.20325,1.20155,1.20265,9998.8096
1.20265,1.20298,1.2004,1.20105,9993.0898
1.20106,1.20265,1.20106,1.20236,6653.8398
1.20238,1.20307,1.20227,1.20266,4728.3301
1.20268,1.20281,1.20211,1.20272,3464.8701
1.20273,1.20288,1.20254,1.20254,2729.1101
1.20256,1.20362,1.2024,1.20331,3853.5701
1.20332,1.20373,1.20321,1.20351,1683.39
1.20349,1.2036,1.20301,1.20328,372.335
1.20331,1.20418,1.20331,1.20412,2347.28
1.20413,1.20427,1.20349,1.20359,3658.8701
1.20359,1.20388,1.20333,1.20348,4304.3398
1.20349,1.20383,1.20312,1.20322,2470.3799
1.20323,1.20333,1.20165,1.20184,4786.5898
1.20183,1.20207,1.20157,1.20197,2607.5901
1.20196,1.20196,1.20125,1.20169,4200.1499
1.20169,1.20169,1.2007,1.20113,3828.76
1.20113,1.20132,1.19996,1.20081,8356.7695
1.2008,1.20136,1.19911,1.19931,11830.5703
1.19931,1.19959,1.1983,1.19857,8941.9297
1.19856,1.19969,1.19835,1.19876,6228.7598
1.19876,1.1996,1.19836,1.19875,5092.8101
1.19876,1.19942,1.19828,1.19928,9965.75
1.19929,1.19979,1.19834,1.19838,8159.9702
1.19839,1.19892,1.19759,1.19808,7711.27
1.19808,1.19843,1.19665,1.19786,7639.75
1.19785,1.19796,1.19719,1.19742,4447.77
1.19742,1.19742,1.19574,1.19603,4172.04
1.19602,1.19668,1.19587,1.19629,3768.53
1.1963,1.1968,1.19575,1.19659,2663.8999
1.19659,1.19677,1.19636,1.19658,2198.825
1.1966,1.19678,1.19602,1.1962,2053.145
1.19618,1.19665,1.19587,1.19647,797.4772
1.19645,1.19688,1.19627,1.19662,3872.49
1.19659,1.19718,1.19631,1.19688,2888.0901
1.19686,1.19692,1.19621,1.19658,3882.26
1.19659,1.1968,1.19534,1.19541,3468.99
1.19541,1.19573,1.19522,1.19545,2490.3601
1.19544,1.19571,1.19536,1.1956,1646.3101
1.19561,1.19631,1.19552,1.19628,2231.75
1.1963,1.19662,1.19594,1.19654,1993.92
1.19653,1.19667,1.19595,1.19632,3653.98
1.19634,1.19874,1.19634,1.19842,12861.6201
1.19842,1.19878,1.19763,1.19767,6536.7598
1.19766,1.19828,1.19737,1.19737,5379.1201
1.19737,1.19815,1.19686,1.19798,5027.6499
1.19798,1.1993,1.19772,1.19894,5848.1001
1.19894,1.20238,1.1981,1.20039,16497.7793
1.20038,1.20224,1.20006,1.20213,14172.3496
1.20212,1.20338,1.20178,1.20237,8281.2998
1.20239,1.20401,1.20239,1.20347,6494.3799
1.20346,1.20417,1.20334,1.20378,4523.1802
1.20377,1.20475,1.20371,1.20424,3516.97
1.20425,1.2044,1.20391,1.20426,2351.72
1.20426,1.20496,1.20405,1.20489,2382.3301
1.20489,1.20498,1.20459,1.20481,4760.9976
1.20375,1.20438,1.20356,1.20427,2798.158
1.20429,1.2055,1.20428,1.20483,12900.8496
1.20484,1.20525,1.20304,1.20322,6279.9199
1.20325,1.20384,1.20296,1.20382,3441.8899
1.20382,1.20382,1.20312,1.20362,2651.3
1.2036,1.2039,1.20349,1.20382,1522.08
1.20382,1.20398,1.20342,1.20345,1515.3199
1.20346,1.20426,1.20346,1.20365,2131.8999
1.20366,1.20398,1.20332,1.2039,2071.55
1.20389,1.20486,1.2032,1.20407,4439.8999
1.20406,1.20476,1.20252,1.20307,6842.7002
1.20308,1.20351,1.20239,1.2028,4829.8599
1.20279,1.20347,1.20231,1.20322,4994.21
1.20322,1.20391,1.20291,1.20295,4919.2002
1.20297,1.20323,1.20196,1.20262,6690.1499
1.20265,1.2044,1.202,1.20376,8338.4502
1.20374,1.20637,1.20371,1.20563,10631.2002
1.20564,1.2066,1.20463,1.20465,9536.2998
1.20466,1.20519,1.20331,1.20446,7064.6201
1.20445,1.20514,1.20422,1.2047,4051.72
1.20467,1.2051,1.20437,1.20499,2962.9399
1.205,1.20572,1.20487,1.20553,2480.6201
1.20552,1.20575,1.20501,1.20518,2943.27
1.20518,1.2052,1.20482,1.20482,1587.87
1.20479,1.20524,1.20469,1.20517,513.27
1.20514,1.20535,1.20471,1.20522,1758.8101
1.20522,1.20599,1.20491,1.20578,2540.6599
1.20578,1.2064,1.20561,1.20593,3770.8501
1.20594,1.2082,1.20594,1.20796,5322.2402
1.20797,1.20813,1.2076,1.20769,2760.45
1.2077,1.208,1.20755,1.20756,1807.63
1.20757,1.20805,1.20757,1.2078,1852.77
1.20779,1.20824,1.20744,1.2077,3411.2
1.2077,1.20868,1.20766,1.20811,6045.96
1.2081,1.20976,1.20672,1.20976,9171.8301
1.20976,1.21164,1.20948,1.21095,11006.4297
1.21094,1.21132,1.21029,1.2104,7507.27
1.21039,1.21072,1.20977,1.2105,5618
1.21049,1.21065,1.20979,1.2099,5734.4102
1.20991,1.21058,1.20902,1.21016,9585.8096
1.21016,1.21035,1.20901,1.20912,13786.5303
1.20913,1.21034,1.20884,1.20976,13091.04
1.20976,1.21063,1.20922,1.21047,6467.48
1.21046,1.21093,1.21031,1.21053,5896.73
1.21052,1.21078,1.21021,1.21052,3796.9299
1.21052,1.21207,1.21052,1.21184,6209.6299
1.21185,1.21201,1.21156,1.21165,3800.96
1.21168,1.21218,1.21144,1.21172,2240.1499
1.21168,1.21202,1.21164,1.21185,517.03
1.21192,1.21192,1.21156,1.21161,1557.04
1.21162,1.21169,1.2112,1.21145,2596.75
1.21147,1.21183,1.21088,1.21159,3623.9399
1.21159,1.21263,1.21157,1.21243,2881.74
1.21245,1.21296,1.21242,1.21271,2356.98
1.21271,1.21297,1.21261,1.21288,1142.6801
1.21287,1.21289,1.21242,1.21242,1657.48
1.21241,1.21273,1.2123,1.21271,1650.59
1.2127,1.21337,1.21228,1.21305,5744.8701
1.21306,1.2144,1.21229,1.21392,10637.4004
1.21391,1.21391,1.21141,1.21193,10902.3896
1.21192,1.21279,1.21171,1.21246,6618.3999
1.21248,1.21307,1.21221,1.2124,4733.6602
1.21241,1.21241,1.21131,1.21165,6973.71
1.21166,1.21395,1.21143,1.21285,12491.4004
1.21286,1.21393,1.21241,1.21242,11787.75
1.21244,1.21394,1.21231,1.21309,16753.8008
1.21309,1.21364,1.2129,1.21311,7572.8101
1.21312,1.21385,1.21259,1.2138,6348.5498
1.2138,1.2138,1.21281,1.21299,3097.1799
1.21295,1.21319,1.21244,1.2129,3618.51
1.21291,1.21291,1.21186,1.21197,3632.4351
1.21198,1.21219,1.21164,1.21172,1704.83
1.21172,1.21199,1.21162,1.2119,233.5312
1.21189,1.21197,1.21163,1.2119,1228.39
1.21189,1.21199,1.21134,1.2114,2507.3501
1.21141,1.21176,1.21138,1.21172,1394.1801
1.21171,1.21206,1.21168,1.212,1443.52
1.21202,1.2122,1.21179,1.21207,1929.61
1.21208,1.2125,1.21208,1.21215,1045.39
1.21215,1.21276,1.21215,1.21263,1572.22
1.21263,1.21299,1.2126,1.21294,1781.05
1.21294,1.21327,1.21215,1.21233,4378.9399
1.21231,1.21262,1.21179,1.21233,6914.2798
1.21231,1.21359,1.21219,1.21301,5086.4702
1.21302,1.21304,1.21232,1.21236,3768.3999
1.21238,1.21311,1.21208,1.21271,3645.53
1.21271,1.2135,1.21269,1.2135,4100.71
1.21351,1.21494,1.21338,1.21436,6770.1001
1.21436,1.21448,1.21315,1.21348,10054.0703
1.21349,1.21432,1.21278,1.21294,7574.25
1.21296,1.21327,1.21214,1.21262,5943.73
1.21261,1.21292,1.21217,1.2127,6193.71
1.21271,1.2133,1.21232,1.21309,4095.3
1.21307,1.21316,1.21264,1.21308,3157.6001
1.21307,1.21373,1.21295,1.21324,2177.8601
1.21325,1.2133,1.21276,1.21303,1254.3575
1.21303,1.2135,1.21285,1.21322,287.105
1.21323,1.21328,1.21276,1.21304,1120.5699
1.21306,1.21332,1.21247,1.21287,1738.3
1.21287,1.21301,1.2125,1.21271,1302.36
1.21269,1.21269,1.21185,1.21197,1655.47
1.21196,1.21213,1.21188,1.21191,1367.59
1.21192,1.21237,1.21191,1.21224,1183.27
1.21225,1.21316,1.21219,1.21313,1585.85
1.21313,1.21313,1.21237,1.21254,2099.49
1.21254,1.21269,1.21123,1.21152,4578.7402
1.21153,1.21188,1.21024,1.21029,7573.4302
1.21031,1.21115,1.21002,1.21081,6207.0098
1.21081,1.21138,1.21044,1.21088,4592.4199
1.21088,1.2109,1.20967,1.2107,4218.29
1.21068,1.21148,1.21026,1.21125,3423.55
1.21125,1.21145,1.20841,1.20871,6766.3701
1.20873,1.20962,1.20815,1.20921,8162.0098
1.20919,1.21206,1.20916,1.21193,7699.6299
1.21194,1.21282,1.2115,1.21249,6265.6099
1.2125,1.21287,1.2123,1.21232,2825.3301
1.21231,1.21262,1.2119,1.21213,2556.8601
1.21214,1.21234,1.21155,1.21156,1748.97
1.21156,1.21189,1.21131,1.21183,2111.1899
1.21183,1.2121,1.21169,1.21177,2008.015
1.21244,1.21248,1.21191,1.21231,820.57
1.2123,1.21251,1.21202,1.21204,2420.1284
1.21206,1.21232,1.21167,1.2121,1604.77
1.2121,1.21284,1.21174,1.21267,2378.77
1.21266,1.21329,1.21255,1.21325,2586.0701
1.21325,1.21376,1.21298,1.2134,2055.8501
1.21341,1.21368,1.21311,1.21321,1487.4399
1.2132,1.21402,1.2132,1.21379,1870.5
1.21378,1.21404,1.21343,1.21346,1947.72
1.21348,1.21378,1.21307,1.2133,3423.8601
1.21329,1.21451,1.21309,1.21397,8339.3701
1.21398,1.21447,1.21329,1.21345,7014.9902
1.21344,1.21375,1.21311,1.21335,4072.8701
1.21335,1.21403,1.21296,1.21327,2898.7
1.21326,1.21334,1.21238,1.21302,4105.4902
1.21303,1.21335,1.21253,1.21267,3469.55
1.21268,1.21277,1.21207,1.21239,4151.3501
1.21239,1.21324,1.21228,1.21314,3748.3401
1.21314,1.21374,1.21267,1.21367,3176.21
1.21366,1.21381,1.21297,1.21309,2487.79
1.2131,1.21347,1.21294,1.21311,1181.1801
1.21311,1.21321,1.21296,1.21305,1399.71
1.21306,1.21316,1.21301,1.21306,835.085
1.21311,1.21342,1.21257,1.21274,1076.3051
1.21269,1.21314,1.21248,1.21284,468.16
1.21293,1.21327,1.21268,1.2132,1550.42
1.21319,1.21406,1.21313,1.21371,2298.52
1.2137,1.21468,1.21343,1.21426,3089.3401
1.21427,1.21458,1.21409,1.21454,1924.3199
1.21455,1.21501,1.21446,1.21465,1907.2
1.21464,1.21467,1.2138,1.21395,2379.52
1.21396,1.2141,1.21327,1.21365,3165.2
1.21364,1.214,1.21337,1.21394,1999.4
1.21397,1.2142,1.21283,1.21308,5011.7202
1.21307,1.21572,1.21299,1.2155,8220.21
1.21551,1.21553,1.21448,1.21524,5765.8301
1.21524,1.21671,1.21522,1.21636,5087.0698
1.21637,1.21679,1.21618,1.21652,3657.6499
1.21652,1.21693,1.21485,1.21503,6527.5601
1.21503,1.21518,1.21063,1.21081,13287.0098
1.21082,1.21131,1.20949,1.20972,15337.6504
1.20973,1.21202,1.20972,1.21192,13000.3604
1.21193,1.21238,1.21051,1.21069,9501.2998
1.21068,1.21095,1.21036,1.21087,5791.79
1.21088,1.21155,1.21083,1.21123,2559.76
1.21124,1.21158,1.21095,1.21152,2505.27
1.21153,1.21176,1.21106,1.21115,2264.1399
1.21115,1.21122,1.21033,1.21053,1570.535
1.21047,1.2109,1.21013,1.21025,811.53
1.21024,1.21043,1.20859,1.2088,4812.1699
1.20879,1.20942,1.20864,1.20888,4538.8901
1.20889,1.2095,1.20832,1.20928,3777.55
1.20928,1.20982,1.20905,1.20945,3866.22
1.20945,1.20956,1.20859,1.20898,2637.28
1.20896,1.20931,1.20886,1.20917,2269.9199
1.20919,1.20951,1.20906,1.2093,2929.3301
1.20932,1.20933,1.20845,1.2086,3596.99
1.2086,1.20866,1.20706,1.2074,7956.75
1.20738,1.20822,1.20648,1.20769,9313.7305
1.20771,1.20831,1.20596,1.20679,8455.5996
1.20677,1.20692,1.20592,1.20685,6012.1802
1.20686,1.20693,1.20577,1.2062,5356.6699
1.2062,1.20659,1.20569,1.20632,4991.2998
1.20634,1.20657,1.20304,1.20336,12343.3301
1.20335,1.20476,1.20304,1.20395,13831.4902
1.20394,1.20405,1.20232,1.20327,10063.1699
1.20325,1.20423,1.20247,1.20409,8583.7695
1.2041,1.2047,1.20381,1.20451,4706.8101
1.20453,1.20455,1.20349,1.20374,3845.6101
1.20376,1.20398,1.20343,1.20368,3141.4299
1.20369,1.20436,1.20363,1.2042,2528.74
1.20421,1.20431,1.20372,1.20372,1117.875
1.20333,1.20456,1.2033,1.20445,659.855
1.20446,1.20455,1.20419,1.20455,1224.16
1.20454,1.20499,1.20432,1.20486,2824.1001
1.20486,1.205,1.20413,1.20446,3594.45
1.20445,1.20451,1.20385,1.20436,2523.9399
1.20437,1.20449,1.20355,1.20367,1981.9
1.20366,1.20403,1.20356,1.20371,1176.75
1.20372,1.20465,1.2037,1.20458,1825.1899
1.20457,1.20473,1.20424,1.20458,2007.87
1.20458,1.20524,1.20363,1.20473,6929.6802
1.20474,1.20706,1.20448,1.20686,8667.0498
1.2069,1.20752,1.20622,1.20735,7649.21
1.20735,1.20735,1.20625,1.20666,6888.1602
1.20666,1.20737,1.20645,1.2072,7438.3501
1.20719,1.20848,1.20624,1.20776,8846.04
1.20776,1.20898,1.20759,1.20846,9960.46
1.20847,1.20864,1.20675,1.20703,13186.7402
1.20703,1.2084,1.2062,1.20722,12598.3701
1.20722,1.20827,1.20705,1.20772,5628.6802
1.20773,1.20841,1.20758,1.20818,4078.26
1.20818,1.2086,1.20796,1.20804,2913.5601
1.20806,1.2089,1.20806,1.20851,2399.4299
1.20849,1.2093,1.20846,1.20914,2061.1101
1.20914,1.20945,1.20904,1.20908,1324.66
1.20908,1.20928,1.20856,1.20903,692.08
1.20909,1.20958,1.20903,1.20917,1303.29
1.20917,1.20985,1.20876,1.20972,2225.0601
1.20973,1.20981,1.20862,1.20877,3488.02
1.20878,1.20882,1.20823,1.20861,3134.73
1.20862,1.20868,1.20834,1.20847,1877.65
1.20846,1.20939,1.20839,1.20929,1823.73
1.20929,1.20962,1.20911,1.20942,2163.52
1.2094,1.20995,1.20938,1.20952,2462.29
1.20952,1.21136,1.20904,1.21094,6197.9102
1.21093,1.21336,1.21086,1.21324,10934.7695
1.21324,1.21413,1.21273,1.21338,8251.8096
1.21337,1.21438,1.21286,1.2143,8264.2305
1.21432,1.21444,1.21332,1.21379,6929.5
1.21379,1.21417,1.21319,1.21362,8753.8896
1.21365,1.21425,1.2126,1.21305,11689.3896
1.21305,1.21322,1.21172,1.21259,9850.4404
1.21259,1.21336,1.21188,1.21281,7437.5498
1.21279,1.214,1.21226,1.21359,5461.4502
1.21358,1.21375,1.21221,1.21269,4561.1802
1.21269,1.21276,1.21077,1.21111,4363.4199
1.2111,1.21167,1.21105,1.21154,2990.6299
1.21154,1.21195,1.21146,1.21166,2384.4451
1.21166,1.21186,1.2114,1.21167,3321.3799
1.21151,1.21256,1.21141,1.21212,2087.3201
1.21212,1.21292,1.21148,1.21247,3402.3
1.21246,1.2131,1.21204,1.21235,2657.6799
1.21233,1.21355,1.21233,1.21264,4199.46
1.21263,1.21291,1.21124,1.212,4702.1899
1.212,1.21206,1.21159,1.21196,2828.8701
1.21199,1.21236,1.21193,1.21205,1712.49
1.21206,1.21231,1.21184,1.21202,2149.3899
1.21204,1.21242,1.21188,1.21195,1953.72
1.21193,1.21193,1.21052,1.21096,8739.6104
1.21095,1.21236,1.20911,1.21001,13653.5801
1.21001,1.2117,1.20976,1.21081,9687.7402
1.2108,1.21349,1.21077,1.21291,4787.2402
1.21292,1.21443,1.2126,1.21366,7228.9102
1.21365,1.21407,1.21314,1.21363,6481.4199
1.21366,1.21542,1.21293,1.21473,10177.2002
1.21472,1.21493,1.2129,1.21459,12120.4297
1.21457,1.21541,1.21337,1.21387,13312.6104
1.21389,1.21563,1.21352,1.21546,8395.5195
1.21548,1.21676,1.21532,1.21652,5576.29
1.21651,1.21693,1.21634,1.21654,3074.6899
1.21655,1.2169,1.21646,1.21674,2598.5
1.21674,1.21674,1.21512,1.21513,3206.575
1.21512,1.21588,1.21505,1.21551,1358.8101
1.21551,1.21607,1.21551,1.21593,607.05
1.21593,1.21669,1.21577,1.21638,2178.4299
1.21637,1.21727,1.21621,1.21704,2205.55
1.21707,1.2177,1.21638,1.21756,3853.3
1.21757,1.21771,1.21688,1.21699,2824.6599
1.21699,1.21706,1.21646,1.21668,1895.65
1.21668,1.21719,1.21659,1.21718,1207.47
1.21718,1.21727,1.21691,1.21701,1918.12
1.217,1.21716,1.21626,1.21704,2252.6299
1.21706,1.21801,1.21681,1.21701,5474.27
1.217,1.21738,1.21538,1.21588,8126.46
1.21588,1.21589,1.21452,1.2149,9058.5195
1.2149,1.21545,1.21435,1.21468,9077.9102
1.21468,1.21557,1.21433,1.21538,6066.9302
1.21538,1.2158,1.21353,1.21425,6518.1899
1.21424,1.21508,1.21399,1.21492,7512.75
1.21492,1.21538,1.21353,1.21421,10208.5703
1.2142,1.21664,1.21366,1.21593,15186.7998
1.21592,1.21663,1.21415,1.21415,8160.0898
1.21414,1.21503,1.21412,1.21459,6457.4902
1.21458,1.2155,1.2145,1.21534,4362.8301
1.21531,1.21574,1.21426,1.21441,4151.23
1.21442,1.21505,1.21416,1.2147,2796.45
1.21471,1.21501,1.21431,1.21493,1495.1949
1.21493,1.21538,1.21479,1.21491,879.99
1.21488,1.21549,1.21428,1.21506,1614.5699
1.21506,1.21579,1.2149,1.21548,3402.95
1.21548,1.21662,1.21473,1.21584,8204.8301
1.21584,1.21621,1.21512,1.21556,4666.52
1.21556,1.21569,1.21503,1.21519,4095.1201
1.2152,1.21523,1.21475,1.21486,2512.5801
1.21485,1.21487,1.21453,1.2148,3029.72
1.21478,1.21574,1.2144,1.21567,3702.6799
1.21568,1.21607,1.21528,1.21554,5924
1.21555,1.21745,1.21522,1.21683,12978.1396
1.21682,1.21745,1.21588,1.21627,9252.0098
1.21625,1.21651,1.21498,1.21581,6562.1499
1.21579,1.21696,1.21561,1.21632,5614.54
1.21631,1.21723,1.2154,1.21558,8009.6201
1.21557,1.21575,1.21232,1.21333,15751.9004
1.21331,1.21387,1.21289,1.2132,14056.6104
1.21319,1.21348,1.21092,1.21221,15897.6396
1.21221,1.21429,1.21211,1.21415,9880.71
1.21417,1.21467,1.21398,1.21417,5671.0801
1.21416,1.21493,1.21391,1.21447,5885.2002
1.21446,1.21506,1.21428,1.21479,4651.98
1.21476,1.2169,1.21473,1.21662,5143.1099
1.21665,1.21743,1.2162,1.21664,2660.8999
1.2163,1.21722,1.21603,1.21647,1272.4351
1.21649,1.2171,1.21637,1.21693,2353.71
1.21696,1.21696,1.21596,1.21623,2628.3501
1.21624,1.21645,1.21566,1.21573,4220.6802
1.21572,1.21631,1.21559,1.21599,3134.8401
1.21599,1.21696,1.21599,1.21687,2045.37
1.2169,1.21773,1.21674,1.21764,2638.53
1.21767,1.21828,1.21761,1.21778,3516.2
1.2178,1.21817,1.21739,1.21811,3441.8601
1.2181,1.21886,1.21676,1.21871,8067.5498
1.21871,1.22083,1.21871,1.22083,13399.96
1.22082,1.22227,1.22038,1.22197,15873.6699
1.22197,1.22357,1.22179,1.2228,14407.9902
1.22279,1.22377,1.2223,1.22294,9396.5195
1.22295,1.22369,1.22241,1.22256,9093.7197
1.22257,1.2234,1.22113,1.22122,12137.8203
1.22122,1.22428,1.22088,1.22411,16384.1309
1.22411,1.22433,1.22179,1.2223,21068.9102
1.22231,1.22331,1.22162,1.2229,12960.6104
1.22288,1.22386,1.22115,1.22124,16920.6504
1.22126,1.22137,1.21602,1.21801,30566.7695
1.21799,1.21931,1.21745,1.21856,12263.25
1.21856,1.21873,1.21626,1.21631,11442.0547
1.21631,1.21781,1.21631,1.2174,3316.78
1.21718,1.21841,1.21699,1.21821,508.7585
1.21826,1.21828,1.21577,1.21577,5953.7798
1.21579,1.21671,1.21372,1.21574,10920.1299
1.21573,1.21651,1.2151,1.21637,7697.9399
1.21636,1.21826,1.2162,1.21723,5660.46
1.21724,1.21756,1.21594,1.21595,5169.48
1.21597,1.21612,1.2145,1.21548,5358.4399
1.21549,1.21595,1.21491,1.21536,6028.6401
1.21536,1.21594,1.2147,1.21545,7452.1001
1.21543,1.21552,1.21288,1.21347,16322.1104
1.21346,1.21594,1.21333,1.21494,14184.21
1.21492,1.21507,1.21227,1.21251,12249.5703
1.21252,1.21291,1.21137,1.21138,17696.0195
1.21139,1.21239,1.20925,1.21068,21785.5
1.21069,1.2122,1.2103,1.21146,17863.6797
1.21145,1.2125,1.21056,1.21233,21092.8008
1.21234,1.21377,1.21159,1.21245,24829.3594
1.21248,1.21413,1.21091,1.21388,34508.7891
1.21384,1.21399,1.20902,1.20916,24235.9004
1.20914,1.20939,1.20735,1.208,12907.5996
1.20799,1.20863,1.20717,1.20831,11280.8398
1.2083,1.20899,1.20764,1.20777,9237.1504
1.20779,1.20792,1.2065,1.20654,8520.29
1.20655,1.20746,1.20621,1.20704,10264.7949
1.20702,1.20778,1.20699,1.20748,1696.41
1.20751,1.20919,1.20715,1.20903,6563.96
1.20905,1.21011,1.2086,1.20916,6433.1299
1.20917,1.20956,1.20828,1.20841,5488.0601
1.2084,1.20886,1.20793,1.20837,4902.5801
1.20837,1.20874,1.20807,1.20819,4056.49
1.20818,1.20837,1.20747,1.20774,2924.1599
1.20776,1.2085,1.20776,1.20847,3983.76
1.20848,1.20928,1.20816,1.20903,4759.8398
1.20904,1.20925,1.20746,1.20761,8984.0596
1.20761,1.20789,1.20499,1.20549,10605.2598
1.20549,1.20555,1.20283,1.20386,8009.8101
1.20385,1.20547,1.20373,1.2044,6060.0098
1.2044,1.20556,1.20376,1.20437,8745.1699
1.20435,1.20473,1.20405,1.20446,6486.6401
1.20447,1.20541,1.204,1.20529,8573.5703
1.2053,1.20696,1.20401,1.20407,15533.9502
1.20407,1.20534,1.20276,1.20494,14859.2803
1.20495,1.20591,1.20478,1.20533,7613.9302
1.20534,1.2061,1.20403,1.20407,6530
1.20408,1.20471,1.20326,1.20442,4994.23
1.20443,1.20514,1.20421,1.2046,3863.73
1.20461,1.20483,1.20415,1.20444,4832.4751
1.20446,1.20497,1.20428,1.20488,1761.87
1.20488,1.20506,1.20435,1.20501,553.74
1.20498,1.20504,1.2045,1.20484,2722.4099
1.20485,1.2049,1.20378,1.20387,3034.4099
1.20386,1.20407,1.2027,1.20312,6429.5801
1.20312,1.20357,1.20151,1.20212,5448.0298
1.20211,1.20277,1.20179,1.20267,6165.1899
1.20267,1.20276,1.20187,1.20207,2842.02
1.20209,1.20241,1.20164,1.20215,4358.9102
1.20217,1.20268,1.20201,1.20226,4482.98
1.20225,1.20232,1.2003,1.20072,11869.2402
1.20072,1.20163,1.19991,1.20022,10227.21
1.2002,1.20147,1.19916,1.20061,11778.5098
1.20062,1.20273,1.20061,1.20236,10152.8398
1.20236,1.20368,1.20203,1.20313,8095.6299
1.20313,1.20375,1.20241,1.20336,7655.6099
1.20332,1.20341,1.20198,1.2029,8988.6904
1.20289,1.20461,1.20279,1.20426,12409.8096
1.20425,1.20637,1.20349,1.20623,12355.2002
1.20623,1.20805,1.20589,1.20784,12945.1104
1.20783,1.20846,1.20769,1.20795,5360.3901
1.20797,1.20892,1.20793,1.20856,5288.3799
1.20855,1.20874,1.20819,1.20838,4134.4199
1.20839,1.20943,1.20837,1.20891,3812.4399
1.20892,1.20905,1.20856,1.20898,2103.9651
1.20893,1.20913,1.20825,1.20842,987.554
1.2084,1.20886,1.20837,1.20848,1695.77
1.2085,1.20898,1.20837,1.20861,2287.76
1.20862,1.20934,1.20846,1.20914,3526.4199
1.20915,1.20919,1.20832,1.20835,2339.47
1.20834,1.20862,1.20825,1.20828,1943.4
1.20828,1.20895,1.20826,1.20885,1828.98
1.20884,1.20892,1.20839,1.20839,2537.1699
1.20841,1.20858,1.2079,1.20822,2873.1299
1.20821,1.21077,1.20806,1.20936,8566.75
1.20936,1.2094,1.20741,1.20754,11304.29
1.20754,1.21132,1.20749,1.21014,15395.1602
1.21013,1.21031,1.20821,1.20836,9692.1396
1.20835,1.20845,1.20596,1.20621,10073.1504
1.20623,1.20682,1.20581,1.20631,8089.6299
1.20632,1.20651,1.20432,1.20545,17914.1699
1.20546,1.20626,1.20427,1.20535,17406.7402
1.20541,1.20752,1.20468,1.20728,22339.0508
1.20728,1.20805,1.20714,1.20733,11212.2998
1.20731,1.20731,1.20653,1.20703,8204.9199
1.20701,1.20785,1.20685,1.20727,6502.8701
1.20727,1.20728,1.20642,1.20652,6421.3901
1.20651,1.2073,1.20612,1.20622,6312.1499
1.20621,1.20662,1.20614,1.20627,2404.4299
1.20627,1.20666,1.20617,1.20628,191.37
1.20628,1.20664,1.20435,1.20464,3125.8701
1.20463,1.20617,1.20463,1.20596,4544.9102
1.20597,1.2062,1.20467,1.2062,4826.1899
1.20618,1.2063,1.20491,1.20539,4172.6602
1.2054,1.20552,1.20486,1.20486,3513.6201
1.20488,1.20552,1.20435,1.20552,4755.3799
1.20553,1.20596,1.2052,1.20563,4571.8198
1.2056,1.20613,1.2055,1.20613,4766.02
1.20612,1.20624,1.20515,1.20521,7516.5
1.2052,1.20578,1.20361,1.20405,13009.6104
1.20406,1.20418,1.20266,1.20322,10373.6797
1.20325,1.20489,1.20313,1.20489,11811.7695
1.2049,1.2049,1.20339,1.20345,10580.0703
1.20345,1.20402,1.20275,1.20322,9207.7695
1.20322,1.20383,1.20279,1.20356,9047.8398
1.20356,1.20425,1.2033,1.20381,10174.8701
1.20378,1.20444,1.20222,1.20398,17843.6406
1.20396,1.20536,1.20388,1.20438,10743.7598
1.20438,1.20498,1.19901,1.19938,23821.5703
1.19937,1.19998,1.19655,1.19682,18885.8691
1.19683,1.1979,1.19644,1.19659,12313.6201
1.19658,1.19724,1.19615,1.19704,11838.835
1.19701,1.19747,1.19678,1.19692,2905.875
1.19679,1.19777,1.19657,1.19751,593.735
1.19751,1.19754,1.19605,1.19672,4135.02
1.19671,1.19687,1.19561,1.19664,4966.3198
1.19665,1.19665,1.19529,1.19605,6343.4199
1.19606,1.19638,1.19515,1.19632,5146.52
1.19632,1.19647,1.19583,1.19625,4250.7598
1.19625,1.19634,1.19552,1.19561,3269.55
1.19562,1.19618,1.19561,1.19595,3514.5801
1.19594,1.19598,1.19528,1.19534,4660.3398
1.19531,1.19608,1.19486,1.19502,13780.8896
1.195,1.19526,1.19141,1.19268,14249.1396
1.19267,1.19383,1.19207,1.19276,16632.5801
1.19275,1.19424,1.19271,1.19303,10458.25
1.19303,1.19393,1.19227,1.19317,10491.4805
1.19316,1.19432,1.19299,1.19352,11467.4902
1.19353,1.19412,1.18932,1.19178,26861.2695
1.19179,1.19463,1.19087,1.19158,24560.5996
1.19156,1.19288,1.1906,1.19066,30262.5098
1.19066,1.19173,1.1906,1.19135,17901.7891
1.19134,1.19194,1.19053,1.19119,9754.0303
1.19119,1.19182,1.19051,1.1913,7174.5098
1.19132,1.19179,1.19075,1.19124,4721.7798
1.19122,1.19227,1.19106,1.1916,4380.98
1.19158,1.19196,1.19085,1.19128,7432.6152
1.19177,1.19213,1.19168,1.19188,922.8975
1.19189,1.19319,1.19174,1.19263,5748.1699
1.19262,1.19321,1.19181,1.1926,5573.6802
1.19257,1.19287,1.19197,1.19272,5734.7798
1.19272,1.19284,1.19007,1.19055,5830.79
1.19056,1.19061,1.18987,1.19016,5587.52
1.19014,1.19061,1.18991,1.19057,3871.5601
1.19056,1.19131,1.19056,1.19121,5633.8398
1.1912,1.19145,1.18887,1.18922,5777.5601
1.18922,1.18978,1.18786,1.18861,9860.9805
1.1886,1.18964,1.18754,1.18775,11600.7998
1.18775,1.18794,1.18652,1.1872,10954.2695
1.18721,1.18806,1.18669,1.18782,7850.7798
1.18783,1.18805,1.18669,1.18675,7920.46
1.18675,1.18732,1.18584,1.18617,9220.9902
1.18616,1.18749,1.18565,1.18711,13173.1904
1.18711,1.18871,1.18706,1.18791,17134.8105
1.18791,1.18869,1.18576,1.18576,19732.7891
1.18575,1.18632,1.18457,1.18483,10325.0195
1.18485,1.186,1.18461,1.18565,7191.5601
1.18566,1.18648,1.18524,1.18535,7015.73
1.18535,1.18586,1.18518,1.1858,5469.1699
1.1858,1.18583,1.18449,1.1845,4847.5449
1.18451,1.18473,1.18442,1.1846,1964.755
1.1846,1.18499,1.18456,1.18481,415.2
1.18477,1.18527,1.18465,1.18508,2156.4099
1.18509,1.18523,1.18355,1.18441,4969.8501
1.18437,1.18489,1.18355,1.18382,8046.3198
1.18383,1.18561,1.1838,1.18547,7306.0601
1.18548,1.1867,1.18535,1.18648,6197.2002
1.18651,1.18664,1.18552,1.18574,4269.2998
1.18574,1.18595,1.18535,1.18538,4159.0498
1.1854,1.18626,1.18531,1.18575,4476.3398
1.18576,1.18882,1.18511,1.18805,11088.7598
1.18808,1.18985,1.18763,1.1896,10181.9102
1.18959,1.19088,1.18919,1.19054,10106.54
1.19055,1.19097,1.18976,1.19008,9058.3701
1.19008,1.19156,1.19001,1.1904,8564.8203
1.19039,1.19044,1.18867,1.18876,8110.21
1.18878,1.18977,1.18822,1.18916,10425.4102
1.18917,1.19075,1.18832,1.19014,16154.8301
1.19014,1.1909,1.18818,1.18856,12958.5098
1.18855,1.18932,1.18813,1.1885,8568.6396
1.18849,1.18912,1.18832,1.18861,5305
1.18862,1.18955,1.18847,1.18941,6525.0498
1.1894,1.19043,1.18939,1.19001,3211.3999
1.19003,1.19049,1.18991,1.19015,3652.3899
1.19015,1.19028,1.18983,1.19001,1922.84
1.19001,1.19028,1.18925,1.19019,871.8403
1.19018,1.19024,1.18963,1.18967,1578.09
1.18967,1.18967,1.18876,1.18934,3556.4199
1.18935,1.18976,1.18838,1.1885,5301.6201
1.18851,1.18855,1.1877,1.18811,3974.53
1.18813,1.18831,1.18787,1.18801,3097.0701
1.18803,1.18821,1.18771,1.18795,2037.85
1.18796,1.188,1.18704,1.1875,3685.8201
1.18749,1.18789,1.18688,1.18774,3884.5701
1.18778,1.18862,1.18745,1.18841,6160.2202
1.18842,1.18967,1.18718,1.1896,8351.46
1.1896,1.19016,1.18927,1.18998,5401.98
1.18997,1.19046,1.1893,1.18951,5605.8198
1.18954,1.18973,1.1885,1.18909,5905.0898
1.18907,1.18962,1.18822,1.18852,7410.4399
1.18851,1.19128,1.18817,1.19105,19030.2891
1.19106,1.19247,1.19058,1.19132,14866.0098
1.19131,1.19163,1.1886,1.18958,14177.3301
1.18958,1.18997,1.18882,1.18987,10388.4805
1.18988,1.19121,1.1897,1.19081,6131.3198
1.19083,1.19222,1.19014,1.19143,11847.7002
1.19144,1.19236,1.19126,1.19206,5330.8301
1.19211,1.19273,1.19189,1.19268,4020.2051
1.19266,1.19296,1.19238,1.19284,1671.4354
1.19283,1.19288,1.19213,1.19259,732.93
1.19259,1.19285,1.19242,1.19242,1314.0601
1.19242,1.19289,1.19156,1.1919,3305.99
1.1919,1.19241,1.19172,1.19216,3332.96
1.19217,1.19345,1.19217,1.19284,3956.1201
1.19287,1.19331,1.19276,1.19315,3244.0601
1.19316,1.19318,1.19248,1.19273,3141.6201
1.19274,1.19289,1.19254,1.19272,3499.1001
1.19272,1.19319,1.19189,1.19299,4197.1401
1.19301,1.19462,1.19244,1.19382,7496.6602
1.19382,1.19687,1.19365,1.19646,10886.04
1.19648,1.19687,1.19568,1.19636,6507.7402
1.19637,1.19664,1.19608,1.19632,4254.6899
1.19631,1.19678,1.19614,1.19642,5737.1299
1.19641,1.19648,1.19423,1.19542,10673.0596
1.19543,1.19738,1.19435,1.19569,20388.0391
1.19568,1.19655,1.19312,1.19366,14698.8701
1.19367,1.1966,1.19279,1.19583,13414.3496
1.19586,1.19788,1.19556,1.1977,7339.4502
1.19771,1.19781,1.19653,1.19722,5775.2998
1.19721,1.19898,1.19714,1.19856,9407.8604
1.19858,1.19899,1.19808,1.19817,4235.0098
1.19817,1.19898,1.1981,1.19891,4175.8652
1.19891,1.19898,1.19833,1.19844,1962.752
1.19842,1.19858,1.19786,1.19824,307.26
1.19825,1.19873,1.19806,1.19808,1610.72
1.19809,1.19844,1.198,1.19828,3655.1001
1.19832,1.19884,1.19828,1.19841,3593.6799
1.19841,1.19845,1.19596,1.19622,5788.1899
1.19625,1.1966,1.196,1.19615,2945.8799
1.19616,1.19675,1.19607,1.1966,1848.98
1.19659,1.1967,1.19615,1.19633,3160.4099
1.19632,1.19633,1.19458,1.19489,6749.3398
1.19489,1.19508,1.19374,1.19452,9473.6396
1.19451,1.19478,1.19283,1.1933,12368.8301
1.19327,1.19368,1.19109,1.19177,9616.3604
1.19178,1.19227,1.19099,1.19206,6168.2402
1.19208,1.19231,1.19135,1.19168,7945.27
1.19169,1.19357,1.19159,1.19346,7548.5698
1.19345,1.19402,1.19214,1.19264,11168.5801
1.19264,1.1935,1.19201,1.19315,15878.4902
1.19314,1.19391,1.19115,1.19367,14541.1797
1.19368,1.19551,1.19332,1.19521,10009.1201
1.19521,1.19566,1.19477,1.19478,6058.1401
1.19477,1.19552,1.19444,1.19522,4451.8701
1.19523,1.19544,1.19486,1.19488,3453.24
1.19487,1.19614,1.19476,1.19604,2928.28
1.19603,1.19611,1.19476,1.19476,3384.6001
1.19451,1.19511,1.19439,1.19489,2178.6201
1.19483,1.19542,1.19433,1.1948,2425.8
1.1948,1.19528,1.19447,1.195,1972.5601
1.19501,1.19561,1.19497,1.19511,3725.52
1.1951,1.19674,1.19503,1.19576,4929.2202
1.19576,1.19615,1.1943,1.19476,6003.0098
1.19475,1.19542,1.19472,1.19539,3310.01
1.1954,1.19543,1.19425,1.19431,2879.8101
1.19429,1.19435,1.19299,1.19327,4582.6602
1.19327,1.19356,1.19255,1.1935,4298.71
1.19349,1.19375,1.19178,1.19197,7331.2598
1.19201,1.19398,1.19196,1.19367,7854.1602
1.19367,1.19401,1.19222,1.19257,6699.54
1.19258,1.19304,1.19192,1.19303,4813.9102
1.19302,1.19341,1.1921,1.19226,6656.4199
1.19225,1.19338,1.19207,1.19247,8175.1201
1.19249,1.19307,1.1916,1.19204,8885.3701
1.19205,1.19303,1.19151,1.19277,8592.9697
1.19275,1.19338,1.1911,1.19153,8452.0801
1.19152,1.19372,1.19151,1.19229,7177.3999
1.19228,1.19314,1.19194,1.19278,4149.9102
1.19277,1.19322,1.1925,1.19256,3751.73
1.19256,1.19299,1.19211,1.19297,3476.01
1.19296,1.19336,1.19264,1.19286,1987.12
1.19277,1.19327,1.19239,1.19275,1345.405
1.19278,1.19297,1.19243,1.19245,1242.1915
1.19245,1.19269,1.19242,1.19263,1476.58
1.19263,1.19316,1.19222,1.19227,2727.3101
1.19226,1.19319,1.19223,1.19276,3153.97
1.19277,1.19282,1.1922,1.19262,3126.6799
1.19261,1.19371,1.1925,1.19336,3729.23
1.19335,1.19385,1.19327,1.19377,2180.8999
1.19375,1.19387,1.19343,1.19348,2973.49
1.19348,1.19352,1.19273,1.19294,4452.2798
1.19295,1.19298,1.19154,1.19163,6672.3501
1.19163,1.19288,1.19136,1.19266,6704.4902
1.19266,1.19353,1.19224,1.19287,6263.6499
1.19286,1.19455,1.1927,1.19441,6654.6802
1.19439,1.19518,1.19429,1.1947,5474.1499
1.19471,1.19498,1.19203,1.19228,11479.3896
1.19228,1.19274,1.18971,1.19025,14542.1104
1.19024,1.19137,1.18997,1.19091,9492.71
1.19094,1.19098,1.18819,1.18942,10451.4004
1.18941,1.18986,1.18899,1.18931,6884.5098
1.1893,1.19095,1.18924,1.19026,8563.7002
1.19026,1.19088,1.19017,1.19035,4910.4702
1.19035,1.191,1.19027,1.19051,2950.6001
1.19051,1.19068,1.19008,1.19017,1425.34
1.19016,1.19052,1.18987,1.19008,1133.87
1.19011,1.1904,1.19011,1.19017,601.255
1.19017,1.19045,1.19001,1.1902,1426.0601
1.19018,1.19061,1.18999,1.19012,3967.5601
1.19011,1.1902,1.18926,1.18968,3945.05
1.18968,1.19016,1.18959,1.19016,2489.1899
1.19016,1.19041,1.18993,1.19011,2012.63
1.19011,1.19037,1.18993,1.19035,2028.1801
1.19033,1.19042,1.18978,1.18979,2474.9399
1.1898,1.1908,1.18971,1.19076,2921.8201
1.19076,1.1908,1.1891,1.18911,5255.0098
1.18909,1.18998,1.18861,1.1898,4847.5298
1.18987,1.19165,1.18968,1.19106,5870.0898
1.19104,1.19154,1.19066,1.19112,3941.05
1.19111,1.19118,1.18926,1.18934,6485.02
1.18935,1.19138,1.18912,1.19115,8046.5098
1.19116,1.19125,1.19007,1.19011,7035.02
1.1901,1.19151,1.19008,1.19078,8129.3901
1.19077,1.19131,1.19028,1.19039,7542.5098
1.19039,1.1904,1.18969,1.19014,6078.0298
1.19015,1.191,1.18976,1.19079,4860.3301
1.1909,1.19853,1.1909,1.19771,29466.8809
1.1977,1.19828,1.19611,1.19772,12098
1.19771,1.19855,1.19746,1.19779,2865.3301
1.19774,1.19824,1.19749,1.198,261.94
1.198,1.19873,1.19776,1.19784,2058.7676
1.19784,1.19839,1.19779,1.19825,2684.8201
1.19827,1.19877,1.19783,1.19854,4915.6602
1.19854,1.19865,1.1967,1.1969,6087.8599
1.19691,1.1971,1.19653,1.19706,4406.4399
1.19707,1.19749,1.19586,1.19589,6506.4902
1.1959,1.19639,1.19552,1.19613,3158.3601
1.19613,1.19685,1.19587,1.19646,3990.6899
1.19647,1.19797,1.19647,1.19793,3939.45
1.19793,1.19888,1.19427,1.19472,14367.2197
1.19473,1.19555,1.19349,1.19473,11853.79
1.19472,1.19502,1.1937,1.19421,10575.6797
1.19422,1.19439,1.1934,1.19398,7354.7002
1.19398,1.19497,1.19365,1.1941,10678.9502
1.19412,1.19475,1.19217,1.19281,14654.04
1.1928,1.19292,1.19101,1.19165,13840.0303
1.19164,1.19251,1.19084,1.19198,14592.9004
1.19197,1.19282,1.19154,1.1926,11493.4805
1.1926,1.19387,1.19169,1.19204,9796.4404
1.19204,1.19316,1.19153,1.19291,6051.9902
1.19292,1.193,1.19086,1.19134,7040.96
1.19133,1.19169,1.19061,1.19101,7213.1899
1.19102,1.19184,1.19101,1.19132,2601.8101
1.19134,1.19184,1.19103,1.19135,693.05
1.19135,1.19205,1.19135,1.1917,1208.79
1.19173,1.19191,1.1914,1.19174,1318.11
1.19175,1.19185,1.19041,1.19072,3841.1201
1.19072,1.19129,1.19028,1.19097,4279.7002
1.19097,1.19108,1.1902,1.19087,2995.75
1.19086,1.19164,1.19047,1.19142,4497.0801
1.1914,1.19196,1.19123,1.19186,3278.3201
1.19186,1.1919,1.19108,1.19179,2885.74
1.19176,1.19275,1.19133,1.19253,4239.8301
1.19255,1.19371,1.19197,1.19322,7470.1802
1.19322,1.1937,1.19209,1.19228,9165.8604
1.19227,1.19232,1.18925,1.18933,7161.27
1.18932,1.18984,1.18905,1.18978,6420.1099
1.18978,1.19092,1.18947,1.18991,5493.1201
1.18992,1.19052,1.1894,1.18997,8839.5098
1.18996,1.19043,1.18738,1.18811,22250.6699
1.18811,1.18871,1.18762,1.18861,10004.96
1.18862,1.19118,1.18842,1.19089,10454.2002
1.19087,1.19117,1.18999,1.19074,8391.1396
1.19072,1.19109,1.19048,1.19091,3290.3899
1.19093,1.19124,1.19057,1.19081,2955.0801
1.19083,1.19097,1.19051,1.19051,3748.21
1.19051,1.1907,1.1902,1.19031,3644.04
1.18712,1.18822,1.18708,1.18797,1358.3335
1.18804,1.18886,1.1877,1.18845,4970.9565
1.18844,1.189,1.18817,1.18835,1350.21
1.18837,1.18924,1.18835,1.1885,3016.28
1.18851,1.18867,1.18751,1.18844,4110.3398
1.18843,1.1893,1.18843,1.18925,2320.6799
1.18924,1.18982,1.18915,1.18949,2869.3799
1.18952,1.18989,1.18928,1.18934,2056.74
1.18933,1.18996,1.18913,1.18938,2462.76
1.18936,1.18955,1.18821,1.18827,5566.29
1.18827,1.18888,1.18744,1.18841,9731.9102
1.1884,1.1906,1.18757,1.19021,10071.6201
1.19021,1.19056,1.18932,1.19,6686.1299
1.19003,1.19108,1.18993,1.19105,5000.4902
1.19104,1.19304,1.19097,1.19276,7392.71
1.19277,1.19313,1.19165,1.1923,7732.1099
1.19229,1.19281,1.19105,1.19166,8697.5303
1.19167,1.19273,1.19133,1.19215,7934.96
1.19216,1.19394,1.19203,1.19318,7109.5298
1.19319,1.19392,1.19284,1.19392,5520.8501
1.19391,1.19468,1.1935,1.19414,4248.52
1.19412,1.19441,1.19399,1.19418,2499.97
1.19416,1.19419,1.19355,1.19361,2734.51
1.19361,1.19375,1.19321,1.19323,2229.26
1.19323,1.19363,1.19304,1.19348,1195.09
1.19348,1.19356,1.19316,1.19335,908.7025
1.19336,1.19357,1.19286,1.19322,1416.28
1.19323,1.19407,1.19283,1.19334,2924.6001
1.19335,1.19369,1.19262,1.19293,4750.9399
1.19296,1.1933,1.19229,1.19256,3572.1599
1.19256,1.1932,1.19242,1.19317,1667.53
1.19316,1.19332,1.19229,1.19231,2648.79
1.19231,1.19256,1.19193,1.19247,2707.46
1.19248,1.19287,1.19214,1.19273,3373.02
1.19275,1.19318,1.19026,1.19051,6662.8101
1.19052,1.19078,1.18858,1.18987,9777.0303
1.18987,1.19001,1.18909,1.18911,6546.7998
1.18912,1.18998,1.18825,1.18844,9641.5098
1.18845,1.18855,1.18771,1.18806,7591.3599
1.18806,1.18949,1.18786,1.18891,7476.6099
1.1889,1.18914,1.18704,1.18728,8560.9502
1.18725,1.18758,1.18615,1.18736,9096.4805
1.18736,1.18764,1.18635,1.18722,7255.7798
1.18722,1.18725,1.18582,1.18634,7445.2402
1.18635,1.18661,1.18556,1.1857,5073.9502
1.18569,1.18575,1.18486,1.18516,4355.1602
1.18517,1.1856,1.18477,1.18478,4206.7798
1.18477,1.18507,1.18421,1.18492,3108.0701
1.18492,1.1853,1.18465,1.18505,1156.2595
1.18501,1.18517,1.1847,1.18471,1006.57
1.18472,1.18477,1.1836,1.18396,2740.6101
1.18399,1.1848,1.18396,1.18425,3039.51
1.18426,1.18508,1.18396,1.18482,4008.23
1.18481,1.18492,1.1842,1.18451,3908.79
1.18452,1.18496,1.18438,1.18489,2364.8501
1.18487,1.18489,1.18425,1.18464,2394.4199
1.18463,1.18463,1.18387,1.18403,3173.1899
1.18403,1.18473,1.18337,1.18468,4062.24
1.18468,1.18472,1.18176,1.18206,8582.21
1.18205,1.18325,1.18123,1.18265,13269.9902
1.18268,1.18446,1.18225,1.18348,9953.3896
1.18348,1.1835,1.18187,1.18225,7235.1699
1.18225,1.18357,1.18221,1.18336,5481.6201
1.18334,1.18365,1.18239,1.18337,6703.3501
1.18335,1.18337,1.18144,1.18227,9946.54
1.18228,1.18301,1.18171,1.18284,8292.8096
1.18286,1.1839,1.18241,1.18305,7316.25
1.18304,1.18368,1.18228,1.18235,6132.8501
1.18234,1.18289,1.18197,1.18271,4982.7598
1.18272,1.18305,1.18209,1.1821,5200.02
1.1821,1.18231,1.18124,1.18124,4651.23
1.18122,1.18163,1.18095,1.1812,2812.5
1.18122,1.18147,1.18108,1.18126,569.53
1.18127,1.1815,1.18089,1.18117,896.81
1.18117,1.18144,1.18105,1.18127,1117.11
1.18128,1.18176,1.18112,1.18175,2685.77
1.18175,1.18175,1.18041,1.18119,4735.4199
1.1812,1.18251,1.18117,1.18239,3994.1899
1.18239,1.18277,1.18221,1.18228,2849.6799
1.18229,1.18239,1.18185,1.18206,3456.6699
1.18205,1.18261,1.18195,1.18199,2696.77
1.18199,1.18214,1.1814,1.18161,4589.7998
1.1816,1.18183,1.18047,1.1806,6491.8198
1.18058,1.18163,1.18012,1.18051,8352.7803
1.1805,1.18136,1.18036,1.18105,5573.4502
1.18103,1.1818,1.18081,1.1814,5528.6299
1.18139,1.18177,1.18037,1.18049,5804.5698
1.18048,1.18097,1.1791,1.17972,9722.9102
1.17971,1.18154,1.17963,1.18077,12755.4297
1.18078,1.18123,1.1792,1.17995,12057.0098
1.17995,1.17997,1.17732,1.17758,11040.1396
1.17758,1.17808,1.17625,1.17627,8368.9199
1.17627,1.17761,1.17617,1.17745,8832.4102
1.17744,1.17817,1.17696,1.17768,5293.1602
1.17771,1.17789,1.17648,1.17672,6432.5
1.17674,1.17694,1.1762,1.17635,2157.9099
1.17636,1.17741,1.17633,1.17679,1588.1309
1.17686,1.17736,1.17679,1.17734,966.8257
1.17733,1.17771,1.1771,1.17756,1268.4399
1.17756,1.17837,1.17716,1.17819,3617.1299
1.17818,1.17845,1.17795,1.17833,2678.6799
1.17834,1.17843,1.17763,1.17796,2478.01
1.17799,1.17819,1.17791,1.17811,1433.33
1.17808,1.17808,1.17746,1.17763,1447.17
1.17764,1.17843,1.17764,1.17833,1091.96
1.17831,1.17868,1.17805,1.17833,2637.0701
1.17832,1.1789,1.1776,1.17867,4688.7202
1.17864,1.17883,1.17752,1.17873,6829.4702
1.17873,1.17973,1.1783,1.17923,6263.7402
1.17922,1.17935,1.17775,1.1782,5332.8301
1.17821,1.17827,1.17717,1.17738,5619.5498
1.17739,1.17846,1.17727,1.17761,7395.4302
1.1776,1.17883,1.1776,1.17836,9326.3799
1.17836,1.17913,1.17781,1.17901,7983.7202
1.17902,1.18049,1.17852,1.17966,9229.5
1.17965,1.17992,1.17924,1.17987,5027.6602
1.17986,1.17997,1.17861,1.17903,3271.73
1.17903,1.17921,1.17841,1.17892,3722.8301
1.17893,1.17991,1.17884,1.17976,2917.3501
1.17977,1.17999,1.1791,1.17918,1777.98
1.17917,1.17923,1.17897,1.17898,288.18
1.17898,1.17935,1.17888,1.17908,1926.665
1.17908,1.17908,1.17855,1.17874,1517.1899
1.17874,1.17896,1.17778,1.17803,2690.1499
1.17804,1.17871,1.1775,1.17854,2620.1299
1.17854,1.17911,1.17831,1.17907,1895.74
1.17907,1.17907,1.17846,1.17862,1556.8
1.17861,1.17878,1.17781,1.17787,1317.22
1.17785,1.17794,1.17734,1.17757,2644.97
1.17755,1.17841,1.17728,1.17806,4783.8901
1.17807,1.17939,1.17785,1.17865,6432.52
1.17865,1.17873,1.17629,1.17663,10383.9902
1.17664,1.17808,1.17655,1.17747,6010.29
1.17747,1.17797,1.17677,1.17711,4656.5801
1.17712,1.17823,1.17646,1.17805,4886
1.17803,1.17884,1.17774,1.17855,6825.9302
1.17854,1.17925,1.17736,1.17775,9039.9697
1.17776,1.17853,1.17628,1.17633,12864.0703
1.17634,1.17839,1.17606,1.17779,9701.4004
1.17781,1.17811,1.1773,1.17735,4399.6699
1.17735,1.17784,1.17698,1.17701,3350.05
1.17701,1.17726,1.17633,1.17634,4225.98
1.17633,1.1771,1.17633,1.17678,3403.73
1.17676,1.17678,1.17629,1.17642,1318.5601
1.1764,1.17717,1.17632,1.17664,523.42
1.17664,1.17725,1.17649,1.17674,1379.3051
1.17674,1.17693,1.17659,1.17685,911.92
1.17684,1.17711,1.17641,1.17702,2385
1.17702,1.17737,1.17646,1.17725,2380.79
1.17722,1.17723,1.17638,1.1765,2198.95
1.17649,1.17706,1.17649,1.17666,1799.67
1.17667,1.17677,1.17603,1.1764,1457.6
1.17639,1.17655,1.17605,1.17611,1404.4399
1.17611,1.17653,1.17409,1.17471,7496.1699
1.17472,1.17551,1.1733,1.17353,10580.5703
1.17354,1.17476,1.17333,1.17463,5794.8901
1.17462,1.17497,1.17356,1.17391,4341.3999
1.17389,1.17435,1.17305,1.1732,4264.8398
1.17322,1.17402,1.17288,1.17348,7001.5698
1.17349,1.17431,1.17273,1.17312,10049.5801
1.17311,1.17376,1.17112,1.17193,10053.0996
1.17191,1.1731,1.1716,1.17251,9977.3799
1.17251,1.1733,1.17209,1.17237,6104.3301
1.17239,1.1726,1.17158,1.17184,3762.3899
1.17184,1.17197,1.17137,1.17144,2809.79
1.17145,1.17177,1.17142,1.1717,2062.8
1.17169,1.17229,1.1716,1.17197,1792.38
1.17197,1.17204,1.1715,1.17169,1214.87
1.17168,1.17183,1.17152,1.17179,469.56
1.17179,1.17197,1.17165,1.17176,1195.09
1.17178,1.17243,1.17149,1.17231,1130.63
1.1723,1.17258,1.17196,1.17225,3129.5801
1.17225,1.17239,1.17106,1.17137,2626.5701
1.17138,1.17138,1.17069,1.17069,2310.02
1.17068,1.17091,1.17044,1.17071,2413.3799
1.17071,1.1708,1.1704,1.17075,1982.12
1.17076,1.17129,1.17057,1.17082,2067.8301
1.17082,1.17274,1.17046,1.1727,7600.9199
1.17271,1.17376,1.17215,1.17315,6293.3901
1.17316,1.17478,1.17301,1.17462,7363.6602
1.17459,1.17459,1.17289,1.17289,5594.4199
1.1729,1.17353,1.17215,1.17347,4411.2798
1.17349,1.17396,1.1727,1.17313,4795.27
1.17313,1.17325,1.17209,1.17255,7423.8701
1.17256,1.17395,1.1721,1.17351,6828.4502
1.17353,1.17598,1.17353,1.17517,11767.1904
1.17516,1.1753,1.17287,1.17421,9437.6504
1.17421,1.17528,1.17421,1.17498,4674.77
1.17497,1.17552,1.17388,1.17391,3873.45
1.17391,1.17398,1.17237,1.17255,4232.6299
1.17254,1.173,1.17194,1.17263,4605.9199
1.17263,1.17303,1.17231,1.17298,1800.0699
1.17298,1.17308,1.17257,1.17275,1454.345
1.17275,1.17288,1.17208,1.17255,1282.7292
1.17258,1.17275,1.17221,1.1727,1019.12
