date,open,Volume
1.60678E+12,1.19372,9066.2803
1.60678E+12,1.19433,9224.9004
1.60679E+12,1.19493,10732.79
1.60679E+12,1.19559,10343.0596
1.6068E+12,1.19575,6689.5
1.6068E+12,1.19575,6301.5098
1.6068E+12,1.19571,8484.3701
1.60681E+12,1.19571,17300.2109
1.60681E+12,1.19684,21756.3906
1.60681E+12,1.19802,22694.0098
1.60682E+12,1.19805,12743.2002
1.60682E+12,1.19686,19773.4199
1.60682E+12,1.19698,16170.1904
1.60683E+12,1.19671,19598.3691
1.60683E+12,1.1992,21419.4395
1.60683E+12,1.19942,34870.6094
1.60684E+12,1.20314,27363.4199
1.60684E+12,1.20377,15078.4102
1.60685E+12,1.20452,13176.6602
1.60685E+12,1.20434,8504.6104
1.60685E+12,1.20476,9623.2646
1.60686E+12,1.20717,4060.3
1.60686E+12,1.20691,552.6175
1.60686E+12,1.20723,4397.3101
1.60687E+12,1.20707,7189.04
1.60687E+12,1.20666,9087.8096
1.60687E+12,1.20684,10909.96
1.60688E+12,1.20733,6487.4702
1.60688E+12,1.20822,7047.3599
1.60689E+12,1.2075,9403.1602
1.60689E+12,1.20682,8726.9404
1.60689E+12,1.20649,18933.6406
1.6069E+12,1.20686,26053.7598
1.6069E+12,1.20481,23156.1191
1.6069E+12,1.20536,15358.7305
1.60691E+12,1.20493,18181.0391
1.60691E+12,1.20516,25083.1602
1.60691E+12,1.20593,33221.1211
1.60692E+12,1.2066,32302.1602
1.60692E+12,1.20824,34512.9219
1.60692E+12,1.20781,21247.4707
1.60693E+12,1.20928,12075.4805
1.60693E+12,1.20933,7173.4502
1.60694E+12,1.2093,12886.7002
1.60694E+12,1.20995,5903.1499
1.60694E+12,1.21018,5451.7002
1.60695E+12,1.21151,578.68
1.60695E+12,1.21125,5305.7402
1.60695E+12,1.21137,9476.9297
1.60696E+12,1.21055,11616.3701
1.60696E+12,1.21132,8663.2598
1.60696E+12,1.21201,9068.1201
1.60697E+12,1.21238,7180.3701
1.60697E+12,1.21174,8097.2998
1.60698E+12,1.21193,9769.79
1.60698E+12,1.21178,18387.6094
1.60698E+12,1.21227,22521.0703
1.60699E+12,1.21213,23906.2109
1.60699E+12,1.21112,20470.2891
1.60699E+12,1.21156,22885.6191
1.607E+12,1.2129,27436.5996
1.607E+12,1.21554,25184.0391
1.607E+12,1.21512,26490.9492
1.60701E+12,1.21597,37640.6602
1.60701E+12,1.2161,22751.3301
1.60701E+12,1.2151,14938.1797
1.60702E+12,1.21461,10744.9805
1.60702E+12,1.21393,11106.9404
1.60703E+12,1.21424,12513.8848
1.60703E+12,1.21456,4133.7349
1.60703E+12,1.21454,382.88
1.60704E+12,1.21432,4973.9502
1.60704E+12,1.21449,10281.29
1.60704E+12,1.21497,16502.4492
1.60705E+12,1.21439,10093.2598
1.60705E+12,1.21446,8496.8096
1.60705E+12,1.21453,9056.5898
1.60706E+12,1.21419,10601.79
1.60706E+12,1.215,12276.8896
1.60707E+12,1.21553,17216.25
1.60707E+12,1.21531,27651.9199
1.60707E+12,1.21604,30662.6191
1.60708E+12,1.21667,29143.0996
1.60708E+12,1.2175,24554.75
1.60708E+12,1.21685,26714.4004
1.60709E+12,1.21584,39458.7813
1.60709E+12,1.21456,32591.8809
1.60709E+12,1.21564,35527.5703
1.6071E+12,1.21399,20251
1.6071E+12,1.2141,13682.7695
1.6071E+12,1.21435,10341.5801
1.60711E+12,1.21418,14167.04
1.60711E+12,1.21372,11255.125
1.60712E+12,1.21272,8703.6709
1.60729E+12,1.21308,1201.4692
1.6073E+12,1.21269,5897.3101
1.6073E+12,1.21199,18211.2109
1.6073E+12,1.21276,14630.9004
1.60731E+12,1.21349,11491.1104
1.60731E+12,1.21365,7031.5098
1.60731E+12,1.21343,4647.3101
1.60732E+12,1.21326,6971.2402
1.60732E+12,1.21316,10900.7305
1.60732E+12,1.21291,21230.9609
1.60733E+12,1.21211,36598.4805
1.60733E+12,1.2097,30323.1699
1.60734E+12,1.2093,21449.2305
1.60734E+12,1.21084,21040.1309
1.60734E+12,1.21129,18060.7402
1.60735E+12,1.21183,29022.8301
1.60735E+12,1.21371,27909.8301
1.60735E+12,1.21507,26432.4609
1.60736E+12,1.21325,21442.2598
1.60736E+12,1.21381,16807
1.60736E+12,1.2133,19088.7793
1.60737E+12,1.21248,16172.1797
1.60737E+12,1.21194,16311.7803
1.60737E+12,1.21082,3267.1599
1.60738E+12,1.21091,294.6425
1.60738E+12,1.211,2664.24
1.60739E+12,1.21091,7415.3501
1.60739E+12,1.21075,14287.1299
1.60739E+12,1.21069,6440.3198
1.6074E+12,1.21117,7287.1699
1.6074E+12,1.21141,7836.8198
1.6074E+12,1.21143,8116.3101
1.60741E+12,1.21182,11128.4404
1.60741E+12,1.21157,15964.1504
1.60741E+12,1.2113,31787.4902
1.60742E+12,1.21251,28069.7305
1.60742E+12,1.21288,19616.3301
1.60743E+12,1.21135,21641.2891
1.60743E+12,1.21073,22881.7793
1.60743E+12,1.21145,26239.1797
1.60744E+12,1.21182,31976.9004
1.60744E+12,1.21244,29905.6797
1.60744E+12,1.21135,14194.3604
1.60745E+12,1.21108,10215.3604
1.60745E+12,1.21151,7532.3398
1.60745E+12,1.21021,6886.79
1.60746E+12,1.21037,6379.02
1.60746E+12,1.21067,2689.21
1.60746E+12,1.21022,428.2857
1.60747E+12,1.21057,3880.48
1.60747E+12,1.21095,6936.0298
1.60748E+12,1.21116,5762.4102
1.60748E+12,1.21113,6106.1201
1.60748E+12,1.21198,8191.6299
1.60749E+12,1.2121,6676.27
1.60749E+12,1.21287,7719.8599
1.60749E+12,1.21309,8828.7598
1.6075E+12,1.21385,12686.96
1.6075E+12,1.21292,19716.1797
1.6075E+12,1.21364,15041.9199
1.60751E+12,1.21253,19085.9395
1.60751E+12,1.21209,14810.4502
1.60752E+12,1.21129,14886.8701
1.60752E+12,1.21097,8842.3799
1.60752E+12,1.21205,15896.9102
1.60753E+12,1.2099,18978.4492
1.60753E+12,1.2083,12823.25
1.60753E+12,1.20798,10227.1104
1.60754E+12,1.20724,8772.7998
1.60754E+12,1.20617,6202.9302
1.60754E+12,1.20727,6470.9351
1.60755E+12,1.20797,2155.3049
1.60755E+12,1.20779,715.2425
1.60755E+12,1.208,1780.98
1.60756E+12,1.20784,6090.46
1.60756E+12,1.20815,5569.8599
1.60757E+12,1.20817,5451.0801
1.60757E+12,1.20891,5228.8198
1.60757E+12,1.20933,3602.4199
1.60758E+12,1.20991,3776.72
1.60758E+12,1.20959,4329.29
1.60758E+12,1.20876,9476.0498
1.60759E+12,1.20902,13909.0703
1.60759E+12,1.20904,12358.6904
1.60759E+12,1.21062,8937.4297
1.6076E+12,1.20969,8675.4902
1.6076E+12,1.20896,17966.9902
1.60761E+12,1.2111,24737
1.60761E+12,1.21257,29298.5098
1.60761E+12,1.21522,23950.9004
1.60762E+12,1.21328,15856.6504
1.60762E+12,1.21168,10870.8896
1.60762E+12,1.21201,8056.71
1.60763E+12,1.21252,6878.8599
1.60763E+12,1.21338,5601.9648
1.60763E+12,1.21427,3199.5249
1.60764E+12,1.2136,397.19
1.60764E+12,1.21407,1793.39
1.60764E+12,1.21434,5104.3901
1.60765E+12,1.21446,7103.7598
1.60765E+12,1.21556,5229.1899
1.60766E+12,1.21573,4155.75
1.60766E+12,1.21578,3088.48
1.60766E+12,1.21553,3313.95
1.60767E+12,1.21553,4343.4702
1.60767E+12,1.21567,9952.9697
1.60767E+12,1.21306,16595.3105
1.60768E+12,1.21256,12463.0303
1.60768E+12,1.21175,13923.0898
1.60768E+12,1.21191,12435.2002
1.60769E+12,1.21218,10851.0303
1.60769E+12,1.21263,14892.7598
1.6077E+12,1.21155,15943.9805
1.6077E+12,1.2117,17061.2109
1.6077E+12,1.21069,9957.8701
1.60771E+12,1.21122,5804.54
1.60771E+12,1.21165,3347.8999
1.60771E+12,1.21161,4296.5498
1.60772E+12,1.2113,3596.5701
1.60772E+12,1.21175,9467.9541
1.6079E+12,1.21367,2263.209
1.6079E+12,1.21333,2782.7727
1.6079E+12,1.21331,6686.1401
1.60791E+12,1.21208,5102.3198
1.60791E+12,1.2129,4388.2598
1.60791E+12,1.21317,3019.71
1.60792E+12,1.21324,2325.26
1.60792E+12,1.21331,4123.5898
1.60793E+12,1.21405,5078.6802
1.60793E+12,1.21433,8871.3896
1.60793E+12,1.21531,12743.2803
1.60794E+12,1.21436,9486.5898
1.60794E+12,1.21575,9618.0596
1.60794E+12,1.21505,8847.29
1.60795E+12,1.21551,9977.7598
1.60795E+12,1.21576,10958.1797
1.60795E+12,1.21712,13945.7695
1.60796E+12,1.21642,20136.1992
1.60796E+12,1.21248,6962.6699
1.60797E+12,1.21444,5258.3701
1.60797E+12,1.21575,3813.6599
1.60797E+12,1.21504,3023.96
1.60798E+12,1.21468,2390.3601
1.60798E+12,1.21473,2149.29
1.60798E+12,1.21432,190.83
1.60799E+12,1.21454,1530.17
1.60799E+12,1.21485,3426.25
1.60799E+12,1.21571,5533.7798
1.608E+12,1.21598,4343.3198
1.608E+12,1.21589,4577.9102
1.608E+12,1.21519,2328.05
1.60801E+12,1.21466,3928.4199
1.60801E+12,1.21545,3081.6201
1.60802E+12,1.21483,6983.6299
1.60802E+12,1.21368,10134.3203
1.60802E+12,1.2143,9403.0996
1.60803E+12,1.21579,7877.5
1.60803E+12,1.21585,8362.2305
1.60803E+12,1.21601,9344.7002
1.60804E+12,1.2125,12275.1299
1.60804E+12,1.21394,13078.9297
1.60804E+12,1.21435,9601.4404
1.60805E+12,1.21531,7953.02
1.60805E+12,1.21575,4279.2002
1.60806E+12,1.21608,5019.0298
1.60806E+12,1.21512,4582.21
1.60806E+12,1.21566,3105.845
1.60807E+12,1.21605,2414.5825
1.60807E+12,1.21489,326.53
1.60807E+12,1.21512,1346.41
1.60808E+12,1.21543,2659.04
1.60808E+12,1.215,2503.97
1.60808E+12,1.21509,2308.3401
1.60809E+12,1.21561,2488.95
1.60809E+12,1.21614,1961.37
1.60809E+12,1.21647,2691.49
1.6081E+12,1.21621,3145.75
1.6081E+12,1.2163,8040.9502
1.60811E+12,1.21544,18636.4609
1.60811E+12,1.22087,9833.1201
1.60811E+12,1.22061,7861.77
1.60812E+12,1.21967,7963.4502
1.60812E+12,1.21951,6947.0898
1.60812E+12,1.21944,11415.2598
1.60813E+12,1.21876,13020.5498
1.60813E+12,1.21959,12828.5996
1.60813E+12,1.21872,8508.71
1.60814E+12,1.21746,5212.71
1.60814E+12,1.21686,4534.7202
1.60815E+12,1.2172,22113.6602
1.60815E+12,1.21621,11856.3203
1.60815E+12,1.21836,4678.3701
1.60816E+12,1.21983,783.975
1.60816E+12,1.21972,1032.3
1.60816E+12,1.21961,4848.1001
1.60817E+12,1.21942,6595.5698
1.60817E+12,1.22022,4465.7798
1.60817E+12,1.22119,3587.6101
1.60818E+12,1.22105,6180.3198
1.60818E+12,1.22251,3540.3701
1.60818E+12,1.22256,4355.2798
1.60819E+12,1.22306,9769.6797
1.60819E+12,1.22331,12031.54
1.6082E+12,1.22347,10221.9297
1.6082E+12,1.22324,8791.4199
1.6082E+12,1.22281,9021.8896
1.60821E+12,1.22379,10438.5996
1.60821E+12,1.22481,13216.5801
1.60821E+12,1.22418,11169.54
1.60822E+12,1.22508,13038.7197
1.60822E+12,1.22452,9359.7598
1.60822E+12,1.22584,6747.1899
1.60823E+12,1.22606,5349.4102
1.60823E+12,1.22671,6027.29
1.60824E+12,1.22623,4630.73
1.60824E+12,1.2263,3431.5249
1.60824E+12,1.22676,815.91
1.60825E+12,1.22677,1990.75
1.60825E+12,1.22613,4622.3501
1.60825E+12,1.22547,5109.6001
1.60826E+12,1.22563,4498.23
1.60826E+12,1.22463,3990.6101
1.60826E+12,1.22463,3203.78
1.60827E+12,1.22406,4043.6599
1.60827E+12,1.22432,4964.9102
1.60827E+12,1.22529,7620.7402
1.60828E+12,1.22475,11867.9102
1.60828E+12,1.22574,11863.8701
1.60829E+12,1.22492,8549.3496
1.60829E+12,1.22544,8056.54
1.60829E+12,1.22557,11328.9805
1.6083E+12,1.22548,12178.3398
1.6083E+12,1.22485,13872.1104
1.6083E+12,1.22377,12933.54
1.60831E+12,1.22349,9992.4805
1.60831E+12,1.22352,4592.6899
1.60831E+12,1.22367,2899.71
1.60832E+12,1.22421,2766.5701
1.60832E+12,1.22421,4461.4302
1.60833E+12,1.22459,5811.4058
1.6085E+12,1.2221,1148.1949
1.60851E+12,1.22295,4661.7451
1.60851E+12,1.22118,6326.5298
1.60851E+12,1.2219,7022
1.60852E+12,1.22084,8153.5298
1.60852E+12,1.21893,4238.1499
1.60852E+12,1.21845,2647.3701
1.60853E+12,1.21908,5747.4702
1.60853E+12,1.21911,5661.5601
1.60853E+12,1.21988,11339.2197
1.60854E+12,1.21759,18627.5898
1.60854E+12,1.22173,16691.5898
1.60854E+12,1.21753,22024.3691
1.60855E+12,1.21476,16458.1094
1.60855E+12,1.21623,13734.5996
1.60856E+12,1.21635,17495.7695
1.60856E+12,1.21914,15336.3301
1.60856E+12,1.22088,13059.4404
1.60857E+12,1.22111,10782.6299
1.60857E+12,1.2231,8330.7002
1.60857E+12,1.22361,6211.7002
1.60858E+12,1.22438,8932.1396
1.60858E+12,1.22486,6613.7002
1.60858E+12,1.22318,2920.53
1.60859E+12,1.22432,564.7806
1.60859E+12,1.22392,3308.8301
1.6086E+12,1.22347,3781.8799
1.6086E+12,1.22308,5084.2598
1.6086E+12,1.2231,4685.46
1.60861E+12,1.22326,4059.96
1.60861E+12,1.2229,3081.97
1.60861E+12,1.2223,4352.02
1.60862E+12,1.22183,5867.2598
1.60862E+12,1.22171,12260.0195
1.60862E+12,1.22167,13515.9004
1.60863E+12,1.22217,13445.2998
1.60863E+12,1.22071,14593.5996
1.60863E+12,1.22301,9831.1904
1.60864E+12,1.22436,12811.25
1.60864E+12,1.22393,11786.1201
1.60865E+12,1.22302,15090.9697
1.60865E+12,1.22072,21937.6406
1.60865E+12,1.21735,18707.1094
1.60866E+12,1.21721,7386.4902
1.60866E+12,1.21743,6294.73
1.60866E+12,1.21628,4231.7402
1.60867E+12,1.21606,4760.5049
1.60867E+12,1.21567,2838.3257
1.60867E+12,1.2161,358.03
1.60868E+12,1.21637,2289.24
1.60868E+12,1.21871,7967.8398
1.60869E+12,1.21633,6596.6602
1.60869E+12,1.21771,6180.2402
1.60869E+12,1.21756,5591.3599
1.6087E+12,1.219,3111.46
1.6087E+12,1.21878,3461.1299
1.6087E+12,1.21888,3434.29
1.60871E+12,1.21839,8304.9697
1.60871E+12,1.21971,13473.8799
1.60871E+12,1.21885,9893.1797
1.60872E+12,1.21938,12428.7998
1.60872E+12,1.21798,11423.3701
1.60872E+12,1.21913,9706.7402
1.60873E+12,1.21822,14096.3203
1.60873E+12,1.21761,17913.8906
1.60874E+12,1.22068,17353.2207
1.60874E+12,1.21842,10789.0498
1.60874E+12,1.21932,6568.6699
1.60875E+12,1.21868,5572.5898
1.60875E+12,1.21815,3560.1499
1.60875E+12,1.21805,4736.9502
1.60876E+12,1.21952,2900.7275
1.60876E+12,1.21845,322.52
1.60876E+12,1.21902,1086.29
1.60877E+12,1.2194,5401.96
1.60877E+12,1.2202,6135.2202
1.60878E+12,1.22081,3408.26
1.60878E+12,1.2211,4299.9199
1.60878E+12,1.22092,4553.98
1.60879E+12,1.22043,3526.1399
1.60879E+12,1.22051,3125.0701
1.60879E+12,1.2207,6599.6299
1.6088E+12,1.22052,7908.4902
1.6088E+12,1.22011,7322.3999
1.6088E+12,1.21912,6901.4702
1.60881E+12,1.21988,5589.23
1.60881E+12,1.21952,6392.7998
1.60881E+12,1.21883,5985.9399
1.60882E+12,1.21879,8648.04
1.60882E+12,1.21887,10596.1104
1.60883E+12,1.21822,4668.2402
1.60883E+12,1.21816,3156.8799
1.60883E+12,1.21831,4816.9038
1.60884E+12,1.21807,2479.73
1.60884E+12,1.21798,30401.8809
1.60884E+12,1.21838,6135.6152
1.60885E+12,1.21861,161.12
1.60885E+12,1.2183,1849.33
1.60885E+12,1.21816,645.52
1.60886E+12,1.21752,477.8
1.60886E+12,1.21902,892.31
1.60887E+12,1.21932,227.89
1.60887E+12,1.22006,745.42
1.60887E+12,1.21983,203.02
1.60888E+12,1.21933,252.75
1.60888E+12,1.21939,477.28
1.60911E+12,1.2186,1630.5319
1.60911E+12,1.21901,4516.2554
1.60911E+12,1.22039,5659.1699
1.60912E+12,1.21925,4696.8301
1.60912E+12,1.22049,4342.6001
1.60912E+12,1.22087,3316.3601
1.60913E+12,1.22127,2373.6899
1.60913E+12,1.22102,4986.0801
1.60914E+12,1.22234,5101.2002
1.60914E+12,1.22249,4707.2598
1.60914E+12,1.2231,8037.5
1.60915E+12,1.22388,8699.2002
1.60915E+12,1.22488,11685.4004
1.60915E+12,1.22132,8333.2803
1.60916E+12,1.21947,7747.3301
1.60916E+12,1.22083,7518.54
1.60916E+12,1.22127,8221.5596
1.60917E+12,1.22317,9147.6699
1.60917E+12,1.22148,7471.6001
1.60917E+12,1.22129,6281.5601
1.60918E+12,1.2206,4952.8999
1.60918E+12,1.22083,4536.6401
1.60919E+12,1.22065,4143.6001
1.60919E+12,1.22133,2228.53
1.60919E+12,1.2216,901.795
1.6092E+12,1.22081,2181.3
1.6092E+12,1.22196,4920.0298
1.6092E+12,1.22257,4399.5801
1.60921E+12,1.22271,5116.6699
1.60921E+12,1.22339,3974.5701
1.60921E+12,1.22418,4174.98
1.60922E+12,1.22398,3438.7
1.60922E+12,1.22359,3777.54
1.60923E+12,1.22422,6157.48
1.60923E+12,1.22403,8493.9902
1.60923E+12,1.22452,10148.9502
1.60924E+12,1.22496,9590.46
1.60924E+12,1.22491,7896.6201
1.60924E+12,1.22487,8522.6104
1.60925E+12,1.22561,9641.5
1.60925E+12,1.22535,10842.5996
1.60925E+12,1.2267,15101.0703
1.60926E+12,1.22437,8625.5195
1.60926E+12,1.22517,6516.4702
1.60926E+12,1.22415,5077.1401
1.60927E+12,1.22457,5196.3398
1.60927E+12,1.2251,5130.9175
1.60928E+12,1.22498,2238.0349
1.60928E+12,1.22455,604.535
1.60928E+12,1.22527,2522.72
1.60929E+12,1.2252,4776.9702
1.60929E+12,1.22682,8655.0498
1.60929E+12,1.22907,4133.6899
1.6093E+12,1.2287,3356.1001
1.6093E+12,1.22829,2504.99
1.6093E+12,1.22849,3333.3799
1.60931E+12,1.22847,4018.72
1.60931E+12,1.22816,6977.2002
1.60932E+12,1.22671,12016.1797
1.60932E+12,1.22589,8642.96
1.60932E+12,1.22682,8425
1.60933E+12,1.2279,9201.5996
1.60933E+12,1.2273,8169.8799
1.60933E+12,1.22898,9416.96
1.60934E+12,1.22913,18796
1.60934E+12,1.22967,14243.9404
1.60934E+12,1.23007,9747.4805
1.60935E+12,1.2279,5038.1602
1.60935E+12,1.22885,2979.3899
1.60935E+12,1.2291,4430.0298
1.60936E+12,1.22884,4246.1802
1.60936E+12,1.22918,2502.9399
1.60937E+12,1.22955,841.5237
1.60937E+12,1.22963,1181.4
1.60937E+12,1.22986,3338.78
1.60938E+12,1.23064,5996.1899
1.60938E+12,1.23063,4146.3901
1.60938E+12,1.22895,4438.4302
1.60939E+12,1.22909,2832.9199
1.60939E+12,1.22864,3051.75
1.60939E+12,1.22896,3281.5
1.6094E+12,1.22914,6678.3799
1.6094E+12,1.22963,12483.7305
1.60941E+12,1.23012,15611.9697
1.60941E+12,1.22789,13608.96
1.60941E+12,1.22794,9361.5303
1.60942E+12,1.22748,9589.4297
1.60942E+12,1.22716,10511.1104
1.60942E+12,1.22844,9498.5596
1.60943E+12,1.22692,14876.29
1.60943E+12,1.22384,12576.9199
1.60943E+12,1.22298,5631.9399
1.60944E+12,1.22251,4320.5601
1.60944E+12,1.22166,3658.3401
1.60944E+12,1.22096,2118.1399
1.60945E+12,1.22159,4817.8901
1.60971E+12,1.22396,1705.192
1.60971E+12,1.22331,5284.27
1.60972E+12,1.22499,7339.5698
1.60972E+12,1.22408,9449.9805
1.60973E+12,1.22524,7680.4102
1.60973E+12,1.2254,6843.4102
1.60973E+12,1.2255,5499.1099
1.60974E+12,1.22489,5951.1001
1.60974E+12,1.22553,8112.8599
1.60974E+12,1.22562,10517.9297
1.60975E+12,1.22637,11921.4805
1.60975E+12,1.22811,11447.4502
1.60975E+12,1.22934,10943.3799
1.60976E+12,1.22922,9543.4902
1.60976E+12,1.2293,10203.8096
1.60977E+12,1.23032,13642.6104
1.60977E+12,1.22988,20412.1992
1.60977E+12,1.22892,23141.4902
1.60978E+12,1.22716,21008.6094
1.60978E+12,1.22535,15549.4199
1.60978E+12,1.2253,12468.4004
1.60979E+12,1.22507,7416.2798
1.60979E+12,1.22519,8287.9404
1.60979E+12,1.22491,3497.8701
1.6098E+12,1.22463,956.6437
1.6098E+12,1.22503,2770.8899
1.6098E+12,1.22525,4991.7798
1.60981E+12,1.22555,5583.2798
1.60981E+12,1.2257,4958.8198
1.60982E+12,1.22704,6002.71
1.60982E+12,1.22727,5584.1699
1.60982E+12,1.22689,4781.6602
1.60983E+12,1.22724,5906.3701
1.60983E+12,1.22694,10244.1504
1.60983E+12,1.22581,13317.7002
1.60984E+12,1.22741,9543.1396
1.60984E+12,1.22722,8227.2598
1.60984E+12,1.2277,7670
1.60985E+12,1.22828,10628.6396
1.60985E+12,1.22723,11700.5596
1.60986E+12,1.22625,14044.9297
1.60986E+12,1.22643,19397.5
1.60986E+12,1.22754,15158.9902
1.60987E+12,1.22945,10969.7695
1.60987E+12,1.22993,7757.8999
1.60987E+12,1.22934,6297.7598
1.60988E+12,1.23032,5427.4751
1.60988E+12,1.22937,1650.035
1.60988E+12,1.22946,702.13
1.60989E+12,1.22963,3021.5801
1.60989E+12,1.22985,9950.1602
1.60989E+12,1.23089,19321.6895
1.6099E+12,1.22892,9267.6602
1.6099E+12,1.22786,9191.6904
1.60991E+12,1.22856,10345.7803
1.60991E+12,1.22915,6872.3301
1.60991E+12,1.22965,7200.9302
1.60992E+12,1.23163,16277.2695
1.60992E+12,1.23398,16465.8398
1.60992E+12,1.23245,15038.8096
1.60993E+12,1.23381,11723.2695
1.60993E+12,1.23381,10040.9297
1.60993E+12,1.23373,10813.9502
1.60994E+12,1.23397,13698.0801
1.60994E+12,1.23194,24677.1191
1.60995E+12,1.23093,17904.3301
1.60995E+12,1.22821,15327.5996
1.60995E+12,1.22897,6733.4399
1.60996E+12,1.22985,6189.02
1.60996E+12,1.23101,13330.8096
1.60996E+12,1.23067,12752.0801
1.60997E+12,1.23238,3669.4451
1.60997E+12,1.23247,570.8715
1.60997E+12,1.23275,2467.3899
1.60998E+12,1.23384,6092.5498
1.60998E+12,1.23324,6419.6899
1.60998E+12,1.23305,6459.1802
1.60999E+12,1.23246,3395.26
1.60999E+12,1.23275,3037.03
1.61E+12,1.23246,4655.7402
1.61E+12,1.23126,6088.6699
1.61E+12,1.23203,9835.1201
1.61001E+12,1.2311,15972.2197
1.61001E+12,1.22943,15198.5596
1.61001E+12,1.22686,13427.7695
1.61002E+12,1.22495,7895.5698
1.61002E+12,1.22569,7860.2002
1.61002E+12,1.22675,11264.7598
1.61003E+12,1.22685,18595.7598
1.61003E+12,1.2259,18613.2695
1.61004E+12,1.22593,10823
1.61004E+12,1.22636,7404.6699
1.61004E+12,1.22657,5741.3301
1.61005E+12,1.22742,5205.7798
1.61005E+12,1.22675,4510.5098
1.61005E+12,1.22654,2759.3301
1.61006E+12,1.22713,894.4319
1.61006E+12,1.22654,2934.05
1.61006E+12,1.2269,6044.2598
1.61007E+12,1.22576,10343.2197
1.61007E+12,1.22481,5938.2998
1.61007E+12,1.22599,4930.6602
1.61008E+12,1.22618,4154.2202
1.61008E+12,1.2263,5077.5
1.61009E+12,1.22576,4203.48
1.61009E+12,1.22633,10535.2402
1.61009E+12,1.22389,17769.8105
1.6101E+12,1.22237,12805.3701
1.6101E+12,1.22404,6898.3999
1.6101E+12,1.22393,7563.3501
1.61011E+12,1.22505,8691.7998
1.61011E+12,1.22484,24207.5
1.61011E+12,1.22711,21132.0605
1.61012E+12,1.22498,23494.6406
1.61012E+12,1.22551,21186.6895
1.61013E+12,1.22519,10082.0596
1.61013E+12,1.22286,10449.1602
1.61013E+12,1.2195,6987.8701
1.61014E+12,1.22146,4140.8799
1.61014E+12,1.22261,9328.1631
1.61032E+12,1.22175,6928.332
1.61032E+12,1.22163,9060.6025
1.61032E+12,1.21869,6717.1899
1.61033E+12,1.21887,6147.9102
1.61033E+12,1.21776,5631.77
1.61033E+12,1.21801,4613.7998
1.61034E+12,1.21734,4326.73
1.61034E+12,1.21739,5584.1602
1.61034E+12,1.21814,6488.2002
1.61035E+12,1.21897,9624.54
1.61035E+12,1.21782,14694.4805
1.61036E+12,1.21902,13355.2998
1.61036E+12,1.21605,9052.7998
1.61036E+12,1.2167,8524.5801
1.61037E+12,1.21663,9974.8203
1.61037E+12,1.21656,12147.4502
1.61037E+12,1.21447,19354.0391
1.61038E+12,1.21373,15389.3398
1.61038E+12,1.21501,11946.4199
1.61038E+12,1.21686,5561.2402
1.61039E+12,1.21669,4180.8901
1.61039E+12,1.21656,3532.53
1.6104E+12,1.21622,4474.1348
1.6104E+12,1.21534,1736.957
1.6104E+12,1.21497,351.28
1.61041E+12,1.21527,2094.3501
1.61041E+12,1.21605,4006.78
1.61041E+12,1.21592,5906.48
1.61042E+12,1.21492,3615.45
1.61042E+12,1.2144,2701.1799
1.61042E+12,1.21483,3109.3201
1.61043E+12,1.21427,3706.3401
1.61043E+12,1.21533,4331.6802
1.61043E+12,1.21608,8408.21
1.61044E+12,1.21633,9101.2002
1.61044E+12,1.21518,12253.9004
1.61045E+12,1.21617,7197.9302
1.61045E+12,1.21453,5946.0298
1.61045E+12,1.21516,8325.75
1.61046E+12,1.21551,10131.0303
1.61046E+12,1.21465,14620.6201
1.61046E+12,1.21509,11539.5596
1.61047E+12,1.21555,9791.5195
1.61047E+12,1.2168,7397.98
1.61047E+12,1.21744,6098.29
1.61048E+12,1.21871,7712.5498
1.61048E+12,1.21996,4753.6201
1.61049E+12,1.22059,2216.5461
1.61049E+12,1.22064,1691.6375
1.61049E+12,1.22051,3048.8301
1.6105E+12,1.22087,4767.7998
1.6105E+12,1.22079,6033.4102
1.6105E+12,1.22174,3642.8101
1.61051E+12,1.22127,2905.5701
1.61051E+12,1.22156,2965.1499
1.61051E+12,1.22085,3892.1599
1.61052E+12,1.22089,4078.98
1.61052E+12,1.22139,8064.3198
1.61052E+12,1.22032,10088.8301
1.61053E+12,1.21909,10530.7402
1.61053E+12,1.21897,9911.9697
1.61054E+12,1.21775,8823.8896
1.61054E+12,1.21626,9360.4805
1.61054E+12,1.21727,11368.0596
1.61055E+12,1.21613,16505.6309
1.61055E+12,1.21638,16846.6094
1.61055E+12,1.21593,11410.6201
1.61056E+12,1.21579,9797.96
1.61056E+12,1.21654,6735.6499
1.61056E+12,1.21611,5030.5898
1.61057E+12,1.21537,4542.1748
1.61057E+12,1.21543,2026.9895
1.61058E+12,1.21568,1593.996
1.61058E+12,1.21559,1834.74
1.61058E+12,1.21618,2759.5801
1.61059E+12,1.21642,4345.9199
1.61059E+12,1.21659,9336.6299
1.61059E+12,1.2152,5602.5298
1.6106E+12,1.2145,3354.3799
1.6106E+12,1.21495,7064.3301
1.6106E+12,1.2155,5088.21
1.61061E+12,1.21499,8557.46
1.61061E+12,1.2143,13237.7695
1.61061E+12,1.21584,10784.4502
1.61062E+12,1.2166,8621.8701
1.61062E+12,1.21656,7915.9399
1.61063E+12,1.21515,9194.9102
1.61063E+12,1.21298,17640.1992
1.61063E+12,1.21197,16064.7803
1.61064E+12,1.2117,15254.7695
1.61064E+12,1.21354,12380.1104
1.61064E+12,1.21545,8657.3096
1.61065E+12,1.21657,10479.4902
1.61065E+12,1.21506,5969.4102
1.61065E+12,1.2155,5463.1548
1.61066E+12,1.21639,2866.3201
1.61066E+12,1.2153,1385.038
1.61067E+12,1.2152,2273.8101
1.61067E+12,1.21505,3397.1899
1.61067E+12,1.21542,4808.7402
1.61068E+12,1.21506,2602.04
1.61068E+12,1.21515,3198.9399
1.61068E+12,1.21493,3799.3
1.61069E+12,1.21468,5184.3901
1.61069E+12,1.21397,3815.0601
1.61069E+12,1.21372,7266.3701
1.6107E+12,1.21348,10875.8301
1.6107E+12,1.21308,8294.4697
1.6107E+12,1.21388,8177.6802
1.61071E+12,1.21316,7732.5298
1.61071E+12,1.21231,9827.4697
1.61072E+12,1.21213,11872.9004
1.61072E+12,1.21159,17716.6699
1.61072E+12,1.20973,18009.5
1.61073E+12,1.20932,12177.4102
1.61073E+12,1.20978,7190.52
1.61073E+12,1.20936,7076.1401
1.61074E+12,1.20807,4007.97
1.61074E+12,1.20766,3484.885
1.61074E+12,1.20782,4213.6851
1.61092E+12,1.20838,563.9672
1.61092E+12,1.20774,5275.73
1.61093E+12,1.20661,5441.8501
1.61093E+12,1.20756,5429.9399
1.61094E+12,1.20784,4534.75
1.61094E+12,1.20826,4347.2002
1.61094E+12,1.20741,3479.6699
1.61095E+12,1.20701,4477.46
1.61095E+12,1.20775,2867.5
1.61095E+12,1.20808,8054.8101
1.61096E+12,1.20673,8710.3203
1.61096E+12,1.20694,9299.6504
1.61096E+12,1.2062,7722.0801
1.61097E+12,1.20673,8654.4697
1.61097E+12,1.20655,6673.0098
1.61097E+12,1.20561,7270.27
1.61098E+12,1.20659,7416.8999
1.61098E+12,1.20717,6444.46
1.61099E+12,1.20746,4229.5498
1.61099E+12,1.20766,2647.1201
1.61099E+12,1.20747,1764.13
1.611E+12,1.20738,4351.0698
1.611E+12,1.20788,1865.915
1.611E+12,1.20766,2126.2749
1.61101E+12,1.20748,122.31
1.61101E+12,1.2077,1491.54
1.61101E+12,1.20775,4324.0498
1.61102E+12,1.20859,4477.3901
1.61102E+12,1.20932,3853.77
1.61103E+12,1.20946,3676.1799
1.61103E+12,1.20971,1907
1.61103E+12,1.20953,2513.6299
1.61104E+12,1.20969,3355.22
1.61104E+12,1.20979,8881.3896
1.61104E+12,1.21041,11755.1504
1.61105E+12,1.21093,10444.1201
1.61105E+12,1.21182,10578.7803
1.61105E+12,1.21281,6714.7402
1.61106E+12,1.21271,9342.9004
1.61106E+12,1.21259,13743.9805
1.61106E+12,1.21357,19507.3398
1.61107E+12,1.21261,17681.8809
1.61107E+12,1.21277,12737.8896
1.61108E+12,1.21246,7657.6201
1.61108E+12,1.21211,6003.1099
1.61108E+12,1.21215,5376.98
1.61109E+12,1.21252,4777.395
1.61109E+12,1.21267,2646.48
1.61109E+12,1.21281,1738.0925
1.6111E+12,1.21278,4533.6001
1.6111E+12,1.21392,9761.8096
1.6111E+12,1.21422,7124.27
1.61111E+12,1.21407,6556.9102
1.61111E+12,1.21433,6450.8301
1.61112E+12,1.21442,4731.7598
1.61112E+12,1.21403,4045.8999
1.61112E+12,1.21442,5078.6401
1.61113E+12,1.21483,5625.2798
1.61113E+12,1.21556,13355.4805
1.61113E+12,1.21352,13013.8398
1.61114E+12,1.21271,10046.3398
1.61114E+12,1.21211,7148.3701
1.61114E+12,1.21119,8421.9004
1.61115E+12,1.20981,7761.6602
1.61115E+12,1.21071,13367.9004
1.61115E+12,1.20805,14362.5996
1.61116E+12,1.21052,7720.8101
1.61116E+12,1.21102,5343.46
1.61117E+12,1.21067,4597.3198
1.61117E+12,1.21092,4954.3501
1.61117E+12,1.21072,4289.2598
1.61118E+12,1.21069,2058.2849
1.61118E+12,1.21044,241.6175
1.61118E+12,1.21096,2121.3201
1.61119E+12,1.21145,2812.54
1.61119E+12,1.21173,5092.04
1.61119E+12,1.21238,3258.48
1.6112E+12,1.21255,2885.3799
1.6112E+12,1.21297,2320.6101
1.61121E+12,1.21295,3069.6001
1.61121E+12,1.21348,4075.0801
1.61121E+12,1.21309,8212.3096
1.61122E+12,1.21194,10713.2695
1.61122E+12,1.21319,9000.5996
1.61122E+12,1.21421,8113.21
1.61123E+12,1.2139,7002.25
1.61123E+12,1.21431,9384.6504
1.61123E+12,1.21432,18911.0996
1.61124E+12,1.21512,17412.5391
1.61124E+12,1.21499,14647.0195
1.61124E+12,1.21513,12086.3896
1.61125E+12,1.21423,8490.8096
1.61125E+12,1.21485,4794.8501
1.61126E+12,1.21551,3597.76
1.61126E+12,1.21597,4073.8999
1.61126E+12,1.21687,1646.205
1.61127E+12,1.21564,318.2575
1.61127E+12,1.21675,2754.8101
1.61127E+12,1.21654,4722.6899
1.61128E+12,1.21692,4888.1602
1.61128E+12,1.21729,3671.9399
1.61128E+12,1.21741,2266.6899
1.61129E+12,1.21736,1791.6801
1.61129E+12,1.21736,2458.72
1.6113E+12,1.2172,3554.46
1.6113E+12,1.21652,7436.1299
1.6113E+12,1.21566,14442.0996
1.61131E+12,1.21796,13990.3301
1.61131E+12,1.21736,7708.73
1.61131E+12,1.21682,7358.5
1.61132E+12,1.21764,7338.25
1.61132E+12,1.21638,7423.1699
1.61132E+12,1.21655,9691.3398
1.61133E+12,1.21739,12683.8496
1.61133E+12,1.21721,7733.0698
1.61133E+12,1.21776,6095.3101
1.61134E+12,1.21672,3489.53
1.61134E+12,1.21689,2900.8301
1.61135E+12,1.21663,2478.0349
1.61135E+12,1.21681,4950.7476
1.61153E+12,1.21688,1575.7441
1.61153E+12,1.21663,3202.77
1.61153E+12,1.2167,4222.54
1.61154E+12,1.21677,5087.9902
1.61154E+12,1.21642,4403.23
1.61154E+12,1.21702,2944.8701
1.61155E+12,1.21751,1797.86
1.61155E+12,1.2176,3728.53
1.61155E+12,1.21805,5118.6201
1.61156E+12,1.2177,9139.2402
1.61156E+12,1.21796,13160.3301
1.61157E+12,1.2173,14438.5898
1.61157E+12,1.21475,10161.6904
1.61157E+12,1.21572,6924.3901
1.61158E+12,1.21566,7453.1299
1.61158E+12,1.21532,10762.8496
1.61158E+12,1.2147,12004.9004
1.61159E+12,1.21205,15175.6104
1.61159E+12,1.21301,12839.1201
1.61159E+12,1.21365,7098.3301
1.6116E+12,1.21444,3878.0801
1.6116E+12,1.21429,3221.1599
1.6116E+12,1.21387,3071.0601
1.61161E+12,1.21413,1911.87
1.61161E+12,1.21363,2474.0261
1.61162E+12,1.21426,1013.36
1.61162E+12,1.21427,2178.6399
1.61162E+12,1.21342,3804.21
1.61163E+12,1.21452,4108.6899
1.61163E+12,1.21425,3896.74
1.61163E+12,1.21396,3317.8401
1.61164E+12,1.21301,3938.4099
1.61164E+12,1.21309,4985.7402
1.61164E+12,1.21271,10280.4297
1.61165E+12,1.21113,14576.2695
1.61165E+12,1.21384,11503.1201
1.61166E+12,1.21289,8311.0498
1.61166E+12,1.21266,8209.4297
1.61166E+12,1.21375,7675.0698
1.61167E+12,1.21441,8007.2402
1.61167E+12,1.21571,11484.7598
1.61167E+12,1.21592,11815.7803
1.61168E+12,1.21676,9316.3203
1.61168E+12,1.2146,6369.02
1.61168E+12,1.21571,3993.0901
1.61169E+12,1.21637,2337.5901
1.61169E+12,1.21648,2351.3049
1.61169E+12,1.21672,1984.9625
1.6117E+12,1.21598,229.1975
1.6117E+12,1.21611,1555.5
1.61171E+12,1.21632,3352.04
1.61171E+12,1.21622,4212.52
1.61171E+12,1.21609,3100.1499
1.61172E+12,1.2159,2089.4299
1.61172E+12,1.21569,2091.8401
1.61172E+12,1.21572,2143.1799
1.61173E+12,1.21628,2799.4399
1.61173E+12,1.2163,6508.1401
1.61173E+12,1.21551,12941
1.61174E+12,1.21479,15722.0098
1.61174E+12,1.21224,6919.25
1.61175E+12,1.21309,9383.79
1.61175E+12,1.21164,11330.9297
1.61175E+12,1.21077,12038.9404
1.61176E+12,1.21112,23174.9492
1.61176E+12,1.20682,21738.6797
1.61176E+12,1.20912,10899.7695
1.61177E+12,1.21004,9069.9902
1.61177E+12,1.21178,6233.6802
1.61177E+12,1.21199,14892.5498
1.61178E+12,1.20999,13369.9746
1.61178E+12,1.21051,3508.895
1.61178E+12,1.21083,649.81
1.61179E+12,1.21085,4520.5098
1.61179E+12,1.21028,8199
1.6118E+12,1.20876,5797.9502
1.6118E+12,1.21014,4877.79
1.6118E+12,1.20943,5535.5898
1.61181E+12,1.20911,3210.5801
1.61181E+12,1.20934,4142.6201
1.61181E+12,1.21052,4855.5601
1.61182E+12,1.21032,12590.9404
1.61182E+12,1.2094,15640.9199
1.61182E+12,1.20909,13510.5195
1.61183E+12,1.21087,12382.0996
1.61183E+12,1.21087,11583.4199
1.61184E+12,1.21021,7971.21
1.61184E+12,1.2099,14257.0498
1.61184E+12,1.21284,18561.4004
1.61185E+12,1.21295,16334.5898
1.61185E+12,1.21217,10003.8701
1.61185E+12,1.21216,6845.2402
1.61186E+12,1.2125,6188.02
1.61186E+12,1.21347,4721.4399
1.61186E+12,1.21315,6012.1152
1.61187E+12,1.21258,2366.2849
1.61187E+12,1.21199,1047.0551
1.61187E+12,1.21215,1952.8101
1.61188E+12,1.21209,5404.2998
1.61188E+12,1.21072,4259.23
1.61189E+12,1.21085,3817.8899
1.61189E+12,1.21043,3370.8201
1.61189E+12,1.20971,3403.53
1.6119E+12,1.20995,3485.6599
1.6119E+12,1.20994,3851.6201
1.6119E+12,1.21052,10228.3301
1.61191E+12,1.21043,17269.7598
1.61191E+12,1.2117,14087.8799
1.61191E+12,1.21164,12730.0195
1.61192E+12,1.21342,7735.2998
1.61192E+12,1.21268,8669.8096
1.61193E+12,1.21335,17638.7891
1.61193E+12,1.21463,12660.7695
1.61193E+12,1.21467,16258.9502
1.61194E+12,1.21491,15255.96
1.61194E+12,1.21352,8331.4805
1.61194E+12,1.21322,6381.4302
1.61195E+12,1.21295,5601.8799
1.61195E+12,1.21306,4093.7051
1.61195E+12,1.21348,6793.7202
1.61213E+12,1.21297,984.4794
1.61213E+12,1.21281,5888.0698
1.61214E+12,1.21225,4126.4399
1.61214E+12,1.21296,4838.8501
1.61214E+12,1.21272,3354.01
1.61215E+12,1.2127,3003.53
1.61215E+12,1.21295,3585.02
1.61216E+12,1.21276,3515.28
1.61216E+12,1.21299,3084.9099
1.61216E+12,1.21293,7352
1.61217E+12,1.21283,14069.3096
1.61217E+12,1.20888,12591.0195
1.61217E+12,1.20936,11162.8896
1.61218E+12,1.20797,7751.3799
1.61218E+12,1.20816,9948.3701
1.61218E+12,1.20755,12443.9902
1.61219E+12,1.20848,14815.1299
1.61219E+12,1.20867,11549.0996
1.6122E+12,1.20845,8984.8203
1.6122E+12,1.20685,7014.3501
1.6122E+12,1.20696,5798.9302
1.61221E+12,1.20676,4462.77
1.61221E+12,1.20662,6313.1948
1.61221E+12,1.20564,2678.7151
1.61222E+12,1.20594,675.16
1.61222E+12,1.20619,2450.6499
1.61222E+12,1.20676,3557.49
1.61223E+12,1.20678,4367.7402
1.61223E+12,1.20839,3448.8301
1.61223E+12,1.20833,4084.47
1.61224E+12,1.20817,2660.1101
1.61224E+12,1.20755,2717.75
1.61225E+12,1.2079,2834.1399
1.61225E+12,1.20707,7838.25
1.61225E+12,1.20686,10837.6104
1.61226E+12,1.20866,7990.3101
1.61226E+12,1.20669,13632.3604
1.61226E+12,1.20352,7220.4102
1.61227E+12,1.20278,6303.8999
1.61227E+12,1.20387,10133.75
1.61227E+12,1.2048,13183.6797
1.61228E+12,1.20234,11776.5801
1.61228E+12,1.20273,9018.3096
1.61229E+12,1.20188,6913.73
1.61229E+12,1.20189,4595.2402
1.61229E+12,1.2018,3481.6699
1.6123E+12,1.20198,4681.27
1.6123E+12,1.20367,3196.6699
1.6123E+12,1.20423,440.96
1.61231E+12,1.20436,3001.23
1.61231E+12,1.20365,3774.74
1.61231E+12,1.20441,4597.1602
1.61232E+12,1.20469,2728.3501
1.61232E+12,1.20465,2426.3501
1.61232E+12,1.20419,2361
1.61233E+12,1.20434,2226.9199
1.61233E+12,1.20439,2626.55
1.61234E+12,1.20374,7063.3999
1.61234E+12,1.20374,9410.1396
1.61234E+12,1.20314,10145.8896
1.61235E+12,1.20231,7237.1001
1.61235E+12,1.20209,3244.23
1.61235E+12,1.20161,7191.8501
1.61236E+12,1.20106,8538.8096
1.61236E+12,1.20167,9998.8096
1.61236E+12,1.20265,9993.0898
1.61237E+12,1.20106,6653.8398
1.61237E+12,1.20238,4728.3301
1.61238E+12,1.20268,3464.8701
1.61238E+12,1.20273,2729.1101
1.61238E+12,1.20256,3853.5701
1.61239E+12,1.20332,1683.39
1.61239E+12,1.20349,372.335
1.61239E+12,1.20331,2347.28
1.6124E+12,1.20413,3658.8701
1.6124E+12,1.20359,4304.3398
1.6124E+12,1.20349,2470.3799
1.61241E+12,1.20323,4786.5898
1.61241E+12,1.20183,2607.5901
1.61241E+12,1.20196,4200.1499
1.61242E+12,1.20169,3828.76
1.61242E+12,1.20113,8356.7695
1.61243E+12,1.2008,11830.5703
1.61243E+12,1.19931,8941.9297
1.61243E+12,1.19856,6228.7598
1.61244E+12,1.19876,5092.8101
1.61244E+12,1.19876,9965.75
1.61244E+12,1.19929,8159.9702
1.61245E+12,1.19839,7711.27
1.61245E+12,1.19808,7639.75
1.61245E+12,1.19785,4447.77
1.61246E+12,1.19742,4172.04
1.61246E+12,1.19602,3768.53
1.61247E+12,1.1963,2663.8999
1.61247E+12,1.19659,2198.825
1.61247E+12,1.1966,2053.145
1.61248E+12,1.19618,797.4772
1.61248E+12,1.19645,3872.49
1.61248E+12,1.19659,2888.0901
1.61249E+12,1.19686,3882.26
1.61249E+12,1.19659,3468.99
1.61249E+12,1.19541,2490.3601
1.6125E+12,1.19544,1646.3101
1.6125E+12,1.19561,2231.75
1.6125E+12,1.1963,1993.92
1.61251E+12,1.19653,3653.98
1.61251E+12,1.19634,12861.6201
1.61252E+12,1.19842,6536.7598
1.61252E+12,1.19766,5379.1201
1.61252E+12,1.19737,5027.6499
1.61253E+12,1.19798,5848.1001
1.61253E+12,1.19894,16497.7793
1.61253E+12,1.20038,14172.3496
1.61254E+12,1.20212,8281.2998
1.61254E+12,1.20239,6494.3799
1.61254E+12,1.20346,4523.1802
1.61255E+12,1.20377,3516.97
1.61255E+12,1.20425,2351.72
1.61256E+12,1.20426,2382.3301
1.61256E+12,1.20489,4760.9976
1.61274E+12,1.20375,2798.158
1.61274E+12,1.20429,12900.8496
1.61274E+12,1.20484,6279.9199
1.61275E+12,1.20325,3441.8899
1.61275E+12,1.20382,2651.3
1.61275E+12,1.2036,1522.08
1.61276E+12,1.20382,1515.3199
1.61276E+12,1.20346,2131.8999
1.61276E+12,1.20366,2071.55
1.61277E+12,1.20389,4439.8999
1.61277E+12,1.20406,6842.7002
1.61277E+12,1.20308,4829.8599
1.61278E+12,1.20279,4994.21
1.61278E+12,1.20322,4919.2002
1.61279E+12,1.20297,6690.1499
1.61279E+12,1.20265,8338.4502
1.61279E+12,1.20374,10631.2002
1.6128E+12,1.20564,9536.2998
1.6128E+12,1.20466,7064.6201
1.6128E+12,1.20445,4051.72
1.61281E+12,1.20467,2962.9399
1.61281E+12,1.205,2480.6201
1.61281E+12,1.20552,2943.27
1.61282E+12,1.20518,1587.87
1.61282E+12,1.20479,513.27
1.61283E+12,1.20514,1758.8101
1.61283E+12,1.20522,2540.6599
1.61283E+12,1.20578,3770.8501
1.61284E+12,1.20594,5322.2402
1.61284E+12,1.20797,2760.45
1.61284E+12,1.2077,1807.63
1.61285E+12,1.20757,1852.77
1.61285E+12,1.20779,3411.2
1.61285E+12,1.2077,6045.96
1.61286E+12,1.2081,9171.8301
1.61286E+12,1.20976,11006.4297
1.61286E+12,1.21094,7507.27
1.61287E+12,1.21039,5618
1.61287E+12,1.21049,5734.4102
1.61288E+12,1.20991,9585.8096
1.61288E+12,1.21016,13786.5303
1.61288E+12,1.20913,13091.04
1.61289E+12,1.20976,6467.48
1.61289E+12,1.21046,5896.73
1.61289E+12,1.21052,3796.9299
1.6129E+12,1.21052,6209.6299
1.6129E+12,1.21185,3800.96
1.6129E+12,1.21168,2240.1499
1.61291E+12,1.21168,517.03
1.61291E+12,1.21192,1557.04
1.61292E+12,1.21162,2596.75
1.61292E+12,1.21147,3623.9399
1.61292E+12,1.21159,2881.74
1.61293E+12,1.21245,2356.98
1.61293E+12,1.21271,1142.6801
1.61293E+12,1.21287,1657.48
1.61294E+12,1.21241,1650.59
1.61294E+12,1.2127,5744.8701
1.61294E+12,1.21306,10637.4004
1.61295E+12,1.21391,10902.3896
1.61295E+12,1.21192,6618.3999
1.61295E+12,1.21248,4733.6602
1.61296E+12,1.21241,6973.71
1.61296E+12,1.21166,12491.4004
1.61297E+12,1.21286,11787.75
1.61297E+12,1.21244,16753.8008
1.61297E+12,1.21309,7572.8101
1.61298E+12,1.21312,6348.5498
1.61298E+12,1.2138,3097.1799
1.61298E+12,1.21295,3618.51
1.61299E+12,1.21291,3632.4351
1.61299E+12,1.21198,1704.83
1.61299E+12,1.21172,233.5312
1.613E+12,1.21189,1228.39
1.613E+12,1.21189,2507.3501
1.61301E+12,1.21141,1394.1801
1.61301E+12,1.21171,1443.52
1.61301E+12,1.21202,1929.61
1.61302E+12,1.21208,1045.39
1.61302E+12,1.21215,1572.22
1.61302E+12,1.21263,1781.05
1.61303E+12,1.21294,4378.9399
1.61303E+12,1.21231,6914.2798
1.61303E+12,1.21231,5086.4702
1.61304E+12,1.21302,3768.3999
1.61304E+12,1.21238,3645.53
1.61304E+12,1.21271,4100.71
1.61305E+12,1.21351,6770.1001
1.61305E+12,1.21436,10054.0703
1.61306E+12,1.21349,7574.25
1.61306E+12,1.21296,5943.73
1.61306E+12,1.21261,6193.71
1.61307E+12,1.21271,4095.3
1.61307E+12,1.21307,3157.6001
1.61307E+12,1.21307,2177.8601
1.61308E+12,1.21325,1254.3575
1.61308E+12,1.21303,287.105
1.61308E+12,1.21323,1120.5699
1.61309E+12,1.21306,1738.3
1.61309E+12,1.21287,1302.36
1.6131E+12,1.21269,1655.47
1.6131E+12,1.21196,1367.59
1.6131E+12,1.21192,1183.27
1.61311E+12,1.21225,1585.85
1.61311E+12,1.21313,2099.49
1.61311E+12,1.21254,4578.7402
1.61312E+12,1.21153,7573.4302
1.61312E+12,1.21031,6207.0098
1.61312E+12,1.21081,4592.4199
1.61313E+12,1.21088,4218.29
1.61313E+12,1.21068,3423.55
1.61313E+12,1.21125,6766.3701
1.61314E+12,1.20873,8162.0098
1.61314E+12,1.20919,7699.6299
1.61315E+12,1.21194,6265.6099
1.61315E+12,1.2125,2825.3301
1.61315E+12,1.21231,2556.8601
1.61316E+12,1.21214,1748.97
1.61316E+12,1.21156,2111.1899
1.61316E+12,1.21183,2008.015
1.61334E+12,1.21244,820.57
1.61334E+12,1.2123,2420.1284
1.61335E+12,1.21206,1604.77
1.61335E+12,1.2121,2378.77
1.61335E+12,1.21266,2586.0701
1.61336E+12,1.21325,2055.8501
1.61336E+12,1.21341,1487.4399
1.61337E+12,1.2132,1870.5
1.61337E+12,1.21378,1947.72
1.61337E+12,1.21348,3423.8601
1.61338E+12,1.21329,8339.3701
1.61338E+12,1.21398,7014.9902
1.61338E+12,1.21344,4072.8701
1.61339E+12,1.21335,2898.7
1.61339E+12,1.21326,4105.4902
1.61339E+12,1.21303,3469.55
1.6134E+12,1.21268,4151.3501
1.6134E+12,1.21239,3748.3401
1.6134E+12,1.21314,3176.21
1.61341E+12,1.21366,2487.79
1.61341E+12,1.2131,1181.1801
1.61342E+12,1.21311,1399.71
1.61342E+12,1.21306,835.085
1.61342E+12,1.21311,1076.3051
1.61343E+12,1.21269,468.16
1.61343E+12,1.21293,1550.42
1.61343E+12,1.21319,2298.52
1.61344E+12,1.2137,3089.3401
1.61344E+12,1.21427,1924.3199
1.61344E+12,1.21455,1907.2
1.61345E+12,1.21464,2379.52
1.61345E+12,1.21396,3165.2
1.61346E+12,1.21364,1999.4
1.61346E+12,1.21397,5011.7202
1.61346E+12,1.21307,8220.21
1.61347E+12,1.21551,5765.8301
1.61347E+12,1.21524,5087.0698
1.61347E+12,1.21637,3657.6499
1.61348E+12,1.21652,6527.5601
1.61348E+12,1.21503,13287.0098
1.61348E+12,1.21082,15337.6504
1.61349E+12,1.20973,13000.3604
1.61349E+12,1.21193,9501.2998
1.61349E+12,1.21068,5791.79
1.6135E+12,1.21088,2559.76
1.6135E+12,1.21124,2505.27
1.61351E+12,1.21153,2264.1399
1.61351E+12,1.21115,1570.535
1.61351E+12,1.21047,811.53
1.61352E+12,1.21024,4812.1699
1.61352E+12,1.20879,4538.8901
1.61352E+12,1.20889,3777.55
1.61353E+12,1.20928,3866.22
1.61353E+12,1.20945,2637.28
1.61353E+12,1.20896,2269.9199
1.61354E+12,1.20919,2929.3301
1.61354E+12,1.20932,3596.99
1.61355E+12,1.2086,7956.75
1.61355E+12,1.20738,9313.7305
1.61355E+12,1.20771,8455.5996
1.61356E+12,1.20677,6012.1802
1.61356E+12,1.20686,5356.6699
1.61356E+12,1.2062,4991.2998
1.61357E+12,1.20634,12343.3301
1.61357E+12,1.20335,13831.4902
1.61357E+12,1.20394,10063.1699
1.61358E+12,1.20325,8583.7695
1.61358E+12,1.2041,4706.8101
1.61358E+12,1.20453,3845.6101
1.61359E+12,1.20376,3141.4299
1.61359E+12,1.20369,2528.74
1.6136E+12,1.20421,1117.875
1.6136E+12,1.20333,659.855
1.6136E+12,1.20446,1224.16
1.61361E+12,1.20454,2824.1001
1.61361E+12,1.20486,3594.45
1.61361E+12,1.20445,2523.9399
1.61362E+12,1.20437,1981.9
1.61362E+12,1.20366,1176.75
1.61362E+12,1.20372,1825.1899
1.61363E+12,1.20457,2007.87
1.61363E+12,1.20458,6929.6802
1.61364E+12,1.20474,8667.0498
1.61364E+12,1.2069,7649.21
1.61364E+12,1.20735,6888.1602
1.61365E+12,1.20666,7438.3501
1.61365E+12,1.20719,8846.04
1.61365E+12,1.20776,9960.46
1.61366E+12,1.20847,13186.7402
1.61366E+12,1.20703,12598.3701
1.61366E+12,1.20722,5628.6802
1.61367E+12,1.20773,4078.26
1.61367E+12,1.20818,2913.5601
1.61367E+12,1.20806,2399.4299
1.61368E+12,1.20849,2061.1101
1.61368E+12,1.20914,1324.66
1.61369E+12,1.20908,692.08
1.61369E+12,1.20909,1303.29
1.61369E+12,1.20917,2225.0601
1.6137E+12,1.20973,3488.02
1.6137E+12,1.20878,3134.73
1.6137E+12,1.20862,1877.65
1.61371E+12,1.20846,1823.73
1.61371E+12,1.20929,2163.52
1.61371E+12,1.2094,2462.29
1.61372E+12,1.20952,6197.9102
1.61372E+12,1.21093,10934.7695
1.61373E+12,1.21324,8251.8096
1.61373E+12,1.21337,8264.2305
1.61373E+12,1.21432,6929.5
1.61374E+12,1.21379,8753.8896
1.61374E+12,1.21365,11689.3896
1.61374E+12,1.21305,9850.4404
1.61375E+12,1.21259,7437.5498
1.61375E+12,1.21279,5461.4502
1.61375E+12,1.21358,4561.1802
1.61376E+12,1.21269,4363.4199
1.61376E+12,1.2111,2990.6299
1.61376E+12,1.21154,2384.4451
1.61377E+12,1.21166,3321.3799
1.61394E+12,1.21151,2087.3201
1.61395E+12,1.21212,3402.3
1.61395E+12,1.21246,2657.6799
1.61396E+12,1.21233,4199.46
1.61396E+12,1.21263,4702.1899
1.61396E+12,1.212,2828.8701
1.61397E+12,1.21199,1712.49
1.61397E+12,1.21206,2149.3899
1.61397E+12,1.21204,1953.72
1.61398E+12,1.21193,8739.6104
1.61398E+12,1.21095,13653.5801
1.61398E+12,1.21001,9687.7402
1.61399E+12,1.2108,4787.2402
1.61399E+12,1.21292,7228.9102
1.614E+12,1.21365,6481.4199
1.614E+12,1.21366,10177.2002
1.614E+12,1.21472,12120.4297
1.61401E+12,1.21457,13312.6104
1.61401E+12,1.21389,8395.5195
1.61401E+12,1.21548,5576.29
1.61402E+12,1.21651,3074.6899
1.61402E+12,1.21655,2598.5
1.61402E+12,1.21674,3206.575
1.61403E+12,1.21512,1358.8101
1.61403E+12,1.21551,607.05
1.61403E+12,1.21593,2178.4299
1.61404E+12,1.21637,2205.55
1.61404E+12,1.21707,3853.3
1.61405E+12,1.21757,2824.6599
1.61405E+12,1.21699,1895.65
1.61405E+12,1.21668,1207.47
1.61406E+12,1.21718,1918.12
1.61406E+12,1.217,2252.6299
1.61406E+12,1.21706,5474.27
1.61407E+12,1.217,8126.46
1.61407E+12,1.21588,9058.5195
1.61407E+12,1.2149,9077.9102
1.61408E+12,1.21468,6066.9302
1.61408E+12,1.21538,6518.1899
1.61409E+12,1.21424,7512.75
1.61409E+12,1.21492,10208.5703
1.61409E+12,1.2142,15186.7998
1.6141E+12,1.21592,8160.0898
1.6141E+12,1.21414,6457.4902
1.6141E+12,1.21458,4362.8301
1.61411E+12,1.21531,4151.23
1.61411E+12,1.21442,2796.45
1.61411E+12,1.21471,1495.1949
1.61412E+12,1.21493,879.99
1.61412E+12,1.21488,1614.5699
1.61412E+12,1.21506,3402.95
1.61413E+12,1.21548,8204.8301
1.61413E+12,1.21584,4666.52
1.61414E+12,1.21556,4095.1201
1.61414E+12,1.2152,2512.5801
1.61414E+12,1.21485,3029.72
1.61415E+12,1.21478,3702.6799
1.61415E+12,1.21568,5924
1.61415E+12,1.21555,12978.1396
1.61416E+12,1.21682,9252.0098
1.61416E+12,1.21625,6562.1499
1.61416E+12,1.21579,5614.54
1.61417E+12,1.21631,8009.6201
1.61417E+12,1.21557,15751.9004
1.61418E+12,1.21331,14056.6104
1.61418E+12,1.21319,15897.6396
1.61418E+12,1.21221,9880.71
1.61419E+12,1.21417,5671.0801
1.61419E+12,1.21416,5885.2002
1.61419E+12,1.21446,4651.98
1.6142E+12,1.21476,5143.1099
1.6142E+12,1.21665,2660.8999
1.6142E+12,1.2163,1272.4351
1.61421E+12,1.21649,2353.71
1.61421E+12,1.21696,2628.3501
1.61421E+12,1.21624,4220.6802
1.61422E+12,1.21572,3134.8401
1.61422E+12,1.21599,2045.37
1.61423E+12,1.2169,2638.53
1.61423E+12,1.21767,3516.2
1.61423E+12,1.2178,3441.8601
1.61424E+12,1.2181,8067.5498
1.61424E+12,1.21871,13399.96
1.61424E+12,1.22082,15873.6699
1.61425E+12,1.22197,14407.9902
1.61425E+12,1.22279,9396.5195
1.61425E+12,1.22295,9093.7197
1.61426E+12,1.22257,12137.8203
1.61426E+12,1.22122,16384.1309
1.61427E+12,1.22411,21068.9102
1.61427E+12,1.22231,12960.6104
1.61427E+12,1.22288,16920.6504
1.61428E+12,1.22126,30566.7695
1.61428E+12,1.21799,12263.25
1.61428E+12,1.21856,11442.0547
1.61429E+12,1.21631,3316.78
1.61429E+12,1.21718,508.7585
1.61429E+12,1.21826,5953.7798
1.6143E+12,1.21579,10920.1299
1.6143E+12,1.21573,7697.9399
1.6143E+12,1.21636,5660.46
1.61431E+12,1.21724,5169.48
1.61431E+12,1.21597,5358.4399
1.61432E+12,1.21549,6028.6401
1.61432E+12,1.21536,7452.1001
1.61432E+12,1.21543,16322.1104
1.61433E+12,1.21346,14184.21
1.61433E+12,1.21492,12249.5703
1.61433E+12,1.21252,17696.0195
1.61434E+12,1.21139,21785.5
1.61434E+12,1.21069,17863.6797
1.61434E+12,1.21145,21092.8008
1.61435E+12,1.21234,24829.3594
1.61435E+12,1.21248,34508.7891
1.61436E+12,1.21384,24235.9004
1.61436E+12,1.20914,12907.5996
1.61436E+12,1.20799,11280.8398
1.61437E+12,1.2083,9237.1504
1.61437E+12,1.20779,8520.29
1.61437E+12,1.20655,10264.7949
1.61455E+12,1.20702,1696.41
1.61455E+12,1.20751,6563.96
1.61456E+12,1.20905,6433.1299
1.61456E+12,1.20917,5488.0601
1.61456E+12,1.2084,4902.5801
1.61457E+12,1.20837,4056.49
1.61457E+12,1.20818,2924.1599
1.61457E+12,1.20776,3983.76
1.61458E+12,1.20848,4759.8398
1.61458E+12,1.20904,8984.0596
1.61459E+12,1.20761,10605.2598
1.61459E+12,1.20549,8009.8101
1.61459E+12,1.20385,6060.0098
1.6146E+12,1.2044,8745.1699
1.6146E+12,1.20435,6486.6401
1.6146E+12,1.20447,8573.5703
1.61461E+12,1.2053,15533.9502
1.61461E+12,1.20407,14859.2803
1.61461E+12,1.20495,7613.9302
1.61462E+12,1.20534,6530
1.61462E+12,1.20408,4994.23
1.61463E+12,1.20443,3863.73
1.61463E+12,1.20461,4832.4751
1.61463E+12,1.20446,1761.87
1.61464E+12,1.20488,553.74
1.61464E+12,1.20498,2722.4099
1.61464E+12,1.20485,3034.4099
1.61465E+12,1.20386,6429.5801
1.61465E+12,1.20312,5448.0298
1.61465E+12,1.20211,6165.1899
1.61466E+12,1.20267,2842.02
1.61466E+12,1.20209,4358.9102
1.61466E+12,1.20217,4482.98
1.61467E+12,1.20225,11869.2402
1.61467E+12,1.20072,10227.21
1.61468E+12,1.2002,11778.5098
1.61468E+12,1.20062,10152.8398
1.61468E+12,1.20236,8095.6299
1.61469E+12,1.20313,7655.6099
1.61469E+12,1.20332,8988.6904
1.61469E+12,1.20289,12409.8096
1.6147E+12,1.20425,12355.2002
1.6147E+12,1.20623,12945.1104
1.6147E+12,1.20783,5360.3901
1.61471E+12,1.20797,5288.3799
1.61471E+12,1.20855,4134.4199
1.61472E+12,1.20839,3812.4399
1.61472E+12,1.20892,2103.9651
1.61472E+12,1.20893,987.554
1.61473E+12,1.2084,1695.77
1.61473E+12,1.2085,2287.76
1.61473E+12,1.20862,3526.4199
1.61474E+12,1.20915,2339.47
1.61474E+12,1.20834,1943.4
1.61474E+12,1.20828,1828.98
1.61475E+12,1.20884,2537.1699
1.61475E+12,1.20841,2873.1299
1.61475E+12,1.20821,8566.75
1.61476E+12,1.20936,11304.29
1.61476E+12,1.20754,15395.1602
1.61477E+12,1.21013,9692.1396
1.61477E+12,1.20835,10073.1504
1.61477E+12,1.20623,8089.6299
1.61478E+12,1.20632,17914.1699
1.61478E+12,1.20546,17406.7402
1.61478E+12,1.20541,22339.0508
1.61479E+12,1.20728,11212.2998
1.61479E+12,1.20731,8204.9199
1.61479E+12,1.20701,6502.8701
1.6148E+12,1.20727,6421.3901
1.6148E+12,1.20651,6312.1499
1.61481E+12,1.20621,2404.4299
1.61481E+12,1.20627,191.37
1.61481E+12,1.20628,3125.8701
1.61482E+12,1.20463,4544.9102
1.61482E+12,1.20597,4826.1899
1.61482E+12,1.20618,4172.6602
1.61483E+12,1.2054,3513.6201
1.61483E+12,1.20488,4755.3799
1.61483E+12,1.20553,4571.8198
1.61484E+12,1.2056,4766.02
1.61484E+12,1.20612,7516.5
1.61484E+12,1.2052,13009.6104
1.61485E+12,1.20406,10373.6797
1.61485E+12,1.20325,11811.7695
1.61486E+12,1.2049,10580.0703
1.61486E+12,1.20345,9207.7695
1.61486E+12,1.20322,9047.8398
1.61487E+12,1.20356,10174.8701
1.61487E+12,1.20378,17843.6406
1.61487E+12,1.20396,10743.7598
1.61488E+12,1.20438,23821.5703
1.61488E+12,1.19937,18885.8691
1.61488E+12,1.19683,12313.6201
1.61489E+12,1.19658,11838.835
1.61489E+12,1.19701,2905.875
1.6149E+12,1.19679,593.735
1.6149E+12,1.19751,4135.02
1.6149E+12,1.19671,4966.3198
1.61491E+12,1.19665,6343.4199
1.61491E+12,1.19606,5146.52
1.61491E+12,1.19632,4250.7598
1.61492E+12,1.19625,3269.55
1.61492E+12,1.19562,3514.5801
1.61492E+12,1.19594,4660.3398
1.61493E+12,1.19531,13780.8896
1.61493E+12,1.195,14249.1396
1.61493E+12,1.19267,16632.5801
1.61494E+12,1.19275,10458.25
1.61494E+12,1.19303,10491.4805
1.61495E+12,1.19316,11467.4902
1.61495E+12,1.19353,26861.2695
1.61495E+12,1.19179,24560.5996
1.61496E+12,1.19156,30262.5098
1.61496E+12,1.19066,17901.7891
1.61496E+12,1.19134,9754.0303
1.61497E+12,1.19119,7174.5098
1.61497E+12,1.19132,4721.7798
1.61497E+12,1.19122,4380.98
1.61498E+12,1.19158,7432.6152
1.61515E+12,1.19177,922.8975
1.61516E+12,1.19189,5748.1699
1.61516E+12,1.19262,5573.6802
1.61517E+12,1.19257,5734.7798
1.61517E+12,1.19272,5830.79
1.61517E+12,1.19056,5587.52
1.61518E+12,1.19014,3871.5601
1.61518E+12,1.19056,5633.8398
1.61518E+12,1.1912,5777.5601
1.61519E+12,1.18922,9860.9805
1.61519E+12,1.1886,11600.7998
1.61519E+12,1.18775,10954.2695
1.6152E+12,1.18721,7850.7798
1.6152E+12,1.18783,7920.46
1.6152E+12,1.18675,9220.9902
1.61521E+12,1.18616,13173.1904
1.61521E+12,1.18711,17134.8105
1.61522E+12,1.18791,19732.7891
1.61522E+12,1.18575,10325.0195
1.61522E+12,1.18485,7191.5601
1.61523E+12,1.18566,7015.73
1.61523E+12,1.18535,5469.1699
1.61523E+12,1.1858,4847.5449
1.61524E+12,1.18451,1964.755
1.61524E+12,1.1846,415.2
1.61524E+12,1.18477,2156.4099
1.61525E+12,1.18509,4969.8501
1.61525E+12,1.18437,8046.3198
1.61526E+12,1.18383,7306.0601
1.61526E+12,1.18548,6197.2002
1.61526E+12,1.18651,4269.2998
1.61527E+12,1.18574,4159.0498
1.61527E+12,1.1854,4476.3398
1.61527E+12,1.18576,11088.7598
1.61528E+12,1.18808,10181.9102
1.61528E+12,1.18959,10106.54
1.61528E+12,1.19055,9058.3701
1.61529E+12,1.19008,8564.8203
1.61529E+12,1.19039,8110.21
1.61529E+12,1.18878,10425.4102
1.6153E+12,1.18917,16154.8301
1.6153E+12,1.19014,12958.5098
1.61531E+12,1.18855,8568.6396
1.61531E+12,1.18849,5305
1.61531E+12,1.18862,6525.0498
1.61532E+12,1.1894,3211.3999
1.61532E+12,1.19003,3652.3899
1.61532E+12,1.19015,1922.84
1.61533E+12,1.19001,871.8403
1.61533E+12,1.19018,1578.09
1.61533E+12,1.18967,3556.4199
1.61534E+12,1.18935,5301.6201
1.61534E+12,1.18851,3974.53
1.61535E+12,1.18813,3097.0701
1.61535E+12,1.18803,2037.85
1.61535E+12,1.18796,3685.8201
1.61536E+12,1.18749,3884.5701
1.61536E+12,1.18778,6160.2202
1.61536E+12,1.18842,8351.46
1.61537E+12,1.1896,5401.98
1.61537E+12,1.18997,5605.8198
1.61537E+12,1.18954,5905.0898
1.61538E+12,1.18907,7410.4399
1.61538E+12,1.18851,19030.2891
1.61538E+12,1.19106,14866.0098
1.61539E+12,1.19131,14177.3301
1.61539E+12,1.18958,10388.4805
1.6154E+12,1.18988,6131.3198
1.6154E+12,1.19083,11847.7002
1.6154E+12,1.19144,5330.8301
1.61541E+12,1.19211,4020.2051
1.61541E+12,1.19266,1671.4354
1.61541E+12,1.19283,732.93
1.61542E+12,1.19259,1314.0601
1.61542E+12,1.19242,3305.99
1.61542E+12,1.1919,3332.96
1.61543E+12,1.19217,3956.1201
1.61543E+12,1.19287,3244.0601
1.61544E+12,1.19316,3141.6201
1.61544E+12,1.19274,3499.1001
1.61544E+12,1.19272,4197.1401
1.61545E+12,1.19301,7496.6602
1.61545E+12,1.19382,10886.04
1.61545E+12,1.19648,6507.7402
1.61546E+12,1.19637,4254.6899
1.61546E+12,1.19631,5737.1299
1.61546E+12,1.19641,10673.0596
1.61547E+12,1.19543,20388.0391
1.61547E+12,1.19568,14698.8701
1.61547E+12,1.19367,13414.3496
1.61548E+12,1.19586,7339.4502
1.61548E+12,1.19771,5775.2998
1.61549E+12,1.19721,9407.8604
1.61549E+12,1.19858,4235.0098
1.61549E+12,1.19817,4175.8652
1.6155E+12,1.19891,1962.752
1.6155E+12,1.19842,307.26
1.6155E+12,1.19825,1610.72
1.61551E+12,1.19809,3655.1001
1.61551E+12,1.19832,3593.6799
1.61551E+12,1.19841,5788.1899
1.61552E+12,1.19625,2945.8799
1.61552E+12,1.19616,1848.98
1.61553E+12,1.19659,3160.4099
1.61553E+12,1.19632,6749.3398
1.61553E+12,1.19489,9473.6396
1.61554E+12,1.19451,12368.8301
1.61554E+12,1.19327,9616.3604
1.61554E+12,1.19178,6168.2402
1.61555E+12,1.19208,7945.27
1.61555E+12,1.19169,7548.5698
1.61555E+12,1.19345,11168.5801
1.61556E+12,1.19264,15878.4902
1.61556E+12,1.19314,14541.1797
1.61556E+12,1.19368,10009.1201
1.61557E+12,1.19521,6058.1401
1.61557E+12,1.19477,4451.8701
1.61558E+12,1.19523,3453.24
1.61558E+12,1.19487,2928.28
1.61558E+12,1.19603,3384.6001
1.61576E+12,1.19451,2178.6201
1.61576E+12,1.19483,2425.8
1.61576E+12,1.1948,1972.5601
1.61577E+12,1.19501,3725.52
1.61577E+12,1.1951,4929.2202
1.61577E+12,1.19576,6003.0098
1.61578E+12,1.19475,3310.01
1.61578E+12,1.1954,2879.8101
1.61578E+12,1.19429,4582.6602
1.61579E+12,1.19327,4298.71
1.61579E+12,1.19349,7331.2598
1.6158E+12,1.19201,7854.1602
1.6158E+12,1.19367,6699.54
1.6158E+12,1.19258,4813.9102
1.61581E+12,1.19302,6656.4199
1.61581E+12,1.19225,8175.1201
1.61581E+12,1.19249,8885.3701
1.61582E+12,1.19205,8592.9697
1.61582E+12,1.19275,8452.0801
1.61582E+12,1.19152,7177.3999
1.61583E+12,1.19228,4149.9102
1.61583E+12,1.19277,3751.73
1.61583E+12,1.19256,3476.01
1.61584E+12,1.19296,1987.12
1.61584E+12,1.19277,1345.405
1.61585E+12,1.19278,1242.1915
1.61585E+12,1.19245,1476.58
1.61585E+12,1.19263,2727.3101
1.61586E+12,1.19226,3153.97
1.61586E+12,1.19277,3126.6799
1.61586E+12,1.19261,3729.23
1.61587E+12,1.19335,2180.8999
1.61587E+12,1.19375,2973.49
1.61587E+12,1.19348,4452.2798
1.61588E+12,1.19295,6672.3501
1.61588E+12,1.19163,6704.4902
1.61589E+12,1.19266,6263.6499
1.61589E+12,1.19286,6654.6802
1.61589E+12,1.19439,5474.1499
1.6159E+12,1.19471,11479.3896
1.6159E+12,1.19228,14542.1104
1.6159E+12,1.19024,9492.71
1.61591E+12,1.19094,10451.4004
1.61591E+12,1.18941,6884.5098
1.61591E+12,1.1893,8563.7002
1.61592E+12,1.19026,4910.4702
1.61592E+12,1.19035,2950.6001
1.61592E+12,1.19051,1425.34
1.61593E+12,1.19016,1133.87
1.61593E+12,1.19011,601.255
1.61594E+12,1.19017,1426.0601
1.61594E+12,1.19018,3967.5601
1.61594E+12,1.19011,3945.05
1.61595E+12,1.18968,2489.1899
1.61595E+12,1.19016,2012.63
1.61595E+12,1.19011,2028.1801
1.61596E+12,1.19033,2474.9399
1.61596E+12,1.1898,2921.8201
1.61596E+12,1.19076,5255.0098
1.61597E+12,1.18909,4847.5298
1.61597E+12,1.18987,5870.0898
1.61598E+12,1.19104,3941.05
1.61598E+12,1.19111,6485.02
1.61598E+12,1.18935,8046.5098
1.61599E+12,1.19116,7035.02
1.61599E+12,1.1901,8129.3901
1.61599E+12,1.19077,7542.5098
1.616E+12,1.19039,6078.0298
1.616E+12,1.19015,4860.3301
1.616E+12,1.1909,29466.8809
1.61601E+12,1.1977,12098
1.61601E+12,1.19771,2865.3301
1.61601E+12,1.19774,261.94
1.61602E+12,1.198,2058.7676
1.61602E+12,1.19784,2684.8201
1.61603E+12,1.19827,4915.6602
1.61603E+12,1.19854,6087.8599
1.61603E+12,1.19691,4406.4399
1.61604E+12,1.19707,6506.4902
1.61604E+12,1.1959,3158.3601
1.61604E+12,1.19613,3990.6899
1.61605E+12,1.19647,3939.45
1.61605E+12,1.19793,14367.2197
1.61605E+12,1.19473,11853.79
1.61606E+12,1.19472,10575.6797
1.61606E+12,1.19422,7354.7002
1.61607E+12,1.19398,10678.9502
1.61607E+12,1.19412,14654.04
1.61607E+12,1.1928,13840.0303
1.61608E+12,1.19164,14592.9004
1.61608E+12,1.19197,11493.4805
1.61608E+12,1.1926,9796.4404
1.61609E+12,1.19204,6051.9902
1.61609E+12,1.19292,7040.96
1.61609E+12,1.19133,7213.1899
1.6161E+12,1.19102,2601.8101
1.6161E+12,1.19134,693.05
1.6161E+12,1.19135,1208.79
1.61611E+12,1.19173,1318.11
1.61611E+12,1.19175,3841.1201
1.61612E+12,1.19072,4279.7002
1.61612E+12,1.19097,2995.75
1.61612E+12,1.19086,4497.0801
1.61613E+12,1.1914,3278.3201
1.61613E+12,1.19186,2885.74
1.61613E+12,1.19176,4239.8301
1.61614E+12,1.19255,7470.1802
1.61614E+12,1.19322,9165.8604
1.61614E+12,1.19227,7161.27
1.61615E+12,1.18932,6420.1099
1.61615E+12,1.18978,5493.1201
1.61616E+12,1.18992,8839.5098
1.61616E+12,1.18996,22250.6699
1.61616E+12,1.18811,10004.96
1.61617E+12,1.18862,10454.2002
1.61617E+12,1.19087,8391.1396
1.61617E+12,1.19072,3290.3899
1.61618E+12,1.19093,2955.0801
1.61618E+12,1.19083,3748.21
1.61618E+12,1.19051,3644.04
1.61636E+12,1.18712,1358.3335
1.61636E+12,1.18804,4970.9565
1.61637E+12,1.18844,1350.21
1.61637E+12,1.18837,3016.28
1.61637E+12,1.18851,4110.3398
1.61638E+12,1.18843,2320.6799
1.61638E+12,1.18924,2869.3799
1.61639E+12,1.18952,2056.74
1.61639E+12,1.18933,2462.76
1.61639E+12,1.18936,5566.29
1.6164E+12,1.18827,9731.9102
1.6164E+12,1.1884,10071.6201
1.6164E+12,1.19021,6686.1299
1.61641E+12,1.19003,5000.4902
1.61641E+12,1.19104,7392.71
1.61641E+12,1.19277,7732.1099
1.61642E+12,1.19229,8697.5303
1.61642E+12,1.19167,7934.96
1.61643E+12,1.19216,7109.5298
1.61643E+12,1.19319,5520.8501
1.61643E+12,1.19391,4248.52
1.61644E+12,1.19412,2499.97
1.61644E+12,1.19416,2734.51
1.61644E+12,1.19361,2229.26
1.61645E+12,1.19323,1195.09
1.61645E+12,1.19348,908.7025
1.61645E+12,1.19336,1416.28
1.61646E+12,1.19323,2924.6001
1.61646E+12,1.19335,4750.9399
1.61646E+12,1.19296,3572.1599
1.61647E+12,1.19256,1667.53
1.61647E+12,1.19316,2648.79
1.61648E+12,1.19231,2707.46
1.61648E+12,1.19248,3373.02
1.61648E+12,1.19275,6662.8101
1.61649E+12,1.19052,9777.0303
1.61649E+12,1.18987,6546.7998
1.61649E+12,1.18912,9641.5098
1.6165E+12,1.18845,7591.3599
1.6165E+12,1.18806,7476.6099
1.6165E+12,1.1889,8560.9502
1.61651E+12,1.18725,9096.4805
1.61651E+12,1.18736,7255.7798
1.61652E+12,1.18722,7445.2402
1.61652E+12,1.18635,5073.9502
1.61652E+12,1.18569,4355.1602
1.61653E+12,1.18517,4206.7798
1.61653E+12,1.18477,3108.0701
1.61653E+12,1.18492,1156.2595
1.61654E+12,1.18501,1006.57
1.61654E+12,1.18472,2740.6101
1.61654E+12,1.18399,3039.51
1.61655E+12,1.18426,4008.23
1.61655E+12,1.18481,3908.79
1.61655E+12,1.18452,2364.8501
1.61656E+12,1.18487,2394.4199
1.61656E+12,1.18463,3173.1899
1.61657E+12,1.18403,4062.24
1.61657E+12,1.18468,8582.21
1.61657E+12,1.18205,13269.9902
1.61658E+12,1.18268,9953.3896
1.61658E+12,1.18348,7235.1699
1.61658E+12,1.18225,5481.6201
1.61659E+12,1.18334,6703.3501
1.61659E+12,1.18335,9946.54
1.61659E+12,1.18228,8292.8096
1.6166E+12,1.18286,7316.25
1.6166E+12,1.18304,6132.8501
1.61661E+12,1.18234,4982.7598
1.61661E+12,1.18272,5200.02
1.61661E+12,1.1821,4651.23
1.61662E+12,1.18122,2812.5
1.61662E+12,1.18122,569.53
1.61662E+12,1.18127,896.81
1.61663E+12,1.18117,1117.11
1.61663E+12,1.18128,2685.77
1.61663E+12,1.18175,4735.4199
1.61664E+12,1.1812,3994.1899
1.61664E+12,1.18239,2849.6799
1.61664E+12,1.18229,3456.6699
1.61665E+12,1.18205,2696.77
1.61665E+12,1.18199,4589.7998
1.61666E+12,1.1816,6491.8198
1.61666E+12,1.18058,8352.7803
1.61666E+12,1.1805,5573.4502
1.61667E+12,1.18103,5528.6299
1.61667E+12,1.18139,5804.5698
1.61667E+12,1.18048,9722.9102
1.61668E+12,1.17971,12755.4297
1.61668E+12,1.18078,12057.0098
1.61668E+12,1.17995,11040.1396
1.61669E+12,1.17758,8368.9199
1.61669E+12,1.17627,8832.4102
1.6167E+12,1.17744,5293.1602
1.6167E+12,1.17771,6432.5
1.6167E+12,1.17674,2157.9099
1.61671E+12,1.17636,1588.1309
1.61671E+12,1.17686,966.8257
1.61671E+12,1.17733,1268.4399
1.61672E+12,1.17756,3617.1299
1.61672E+12,1.17818,2678.6799
1.61672E+12,1.17834,2478.01
1.61673E+12,1.17799,1433.33
1.61673E+12,1.17808,1447.17
1.61673E+12,1.17764,1091.96
1.61674E+12,1.17831,2637.0701
1.61674E+12,1.17832,4688.7202
1.61675E+12,1.17864,6829.4702
1.61675E+12,1.17873,6263.7402
1.61675E+12,1.17922,5332.8301
1.61676E+12,1.17821,5619.5498
1.61676E+12,1.17739,7395.4302
1.61676E+12,1.1776,9326.3799
1.61677E+12,1.17836,7983.7202
1.61677E+12,1.17902,9229.5
1.61677E+12,1.17965,5027.6602
1.61678E+12,1.17986,3271.73
1.61678E+12,1.17903,3722.8301
1.61679E+12,1.17893,2917.3501
1.61679E+12,1.17977,1777.98
1.61697E+12,1.17917,288.18
1.61697E+12,1.17898,1926.665
1.61697E+12,1.17908,1517.1899
1.61698E+12,1.17874,2690.1499
1.61698E+12,1.17804,2620.1299
1.61698E+12,1.17854,1895.74
1.61699E+12,1.17907,1556.8
1.61699E+12,1.17861,1317.22
1.61699E+12,1.17785,2644.97
1.617E+12,1.17755,4783.8901
1.617E+12,1.17807,6432.52
1.617E+12,1.17865,10383.9902
1.61701E+12,1.17664,6010.29
1.61701E+12,1.17747,4656.5801
1.61702E+12,1.17712,4886
1.61702E+12,1.17803,6825.9302
1.61702E+12,1.17854,9039.9697
1.61703E+12,1.17776,12864.0703
1.61703E+12,1.17634,9701.4004
1.61703E+12,1.17781,4399.6699
1.61704E+12,1.17735,3350.05
1.61704E+12,1.17701,4225.98
1.61704E+12,1.17633,3403.73
1.61705E+12,1.17676,1318.5601
1.61705E+12,1.1764,523.42
1.61706E+12,1.17664,1379.3051
1.61706E+12,1.17674,911.92
1.61706E+12,1.17684,2385
1.61707E+12,1.17702,2380.79
1.61707E+12,1.17722,2198.95
1.61707E+12,1.17649,1799.67
1.61708E+12,1.17667,1457.6
1.61708E+12,1.17639,1404.4399
1.61708E+12,1.17611,7496.1699
1.61709E+12,1.17472,10580.5703
1.61709E+12,1.17354,5794.8901
1.61709E+12,1.17462,4341.3999
1.6171E+12,1.17389,4264.8398
1.6171E+12,1.17322,7001.5698
1.61711E+12,1.17349,10049.5801
1.61711E+12,1.17311,10053.0996
1.61711E+12,1.17191,9977.3799
1.61712E+12,1.17251,6104.3301
1.61712E+12,1.17239,3762.3899
1.61712E+12,1.17184,2809.79
1.61713E+12,1.17145,2062.8
1.61713E+12,1.17169,1792.38
1.61713E+12,1.17197,1214.87
1.61714E+12,1.17168,469.56
1.61714E+12,1.17179,1195.09
1.61715E+12,1.17178,1130.63
1.61715E+12,1.1723,3129.5801
1.61715E+12,1.17225,2626.5701
1.61716E+12,1.17138,2310.02
1.61716E+12,1.17068,2413.3799
1.61716E+12,1.17071,1982.12
1.61717E+12,1.17076,2067.8301
1.61717E+12,1.17082,7600.9199
1.61717E+12,1.17271,6293.3901
1.61718E+12,1.17316,7363.6602
1.61718E+12,1.17459,5594.4199
1.61718E+12,1.1729,4411.2798
1.61719E+12,1.17349,4795.27
1.61719E+12,1.17313,7423.8701
1.6172E+12,1.17256,6828.4502
1.6172E+12,1.17353,11767.1904
1.6172E+12,1.17516,9437.6504
1.61721E+12,1.17421,4674.77
1.61721E+12,1.17497,3873.45
1.61721E+12,1.17391,4232.6299
1.61722E+12,1.17254,4605.9199
1.61722E+12,1.17263,1800.0699
1.61722E+12,1.17298,1454.345
1.61723E+12,1.17275,1282.7292
1.61723E+12,1.17258,1019.12
