adx,DI_plus,DI_minus
11.0,17.62,20.14
11.29,24.04,18.25
11.45,22.5,17.08
10.41,21.57,16.37
8.88,20.06,17.53
8.37,19.45,17.0
7.86,19.39,16.32
7.25,17.86,20.59
7.21,16.73,19.29
7.06,18.24,17.94
7.06,18.29,17.2
7.22,18.8,16.48
8.17,21.22,14.88
9.26,19.97,14.01
10.27,20.13,13.19
9.54,18.54,17.32
8.8,17.57,16.41
8.45,16.01,19.09
9.73,13.92,23.01
11.01,13.4,22.15
11.34,15.52,20.29
11.74,15.2,19.59
11.93,15.27,18.61
12.51,15.16,18.13
14.07,13.79,22.97
15.03,14.26,21.38
14.81,15.4,20.62
14.85,14.92,21.55
14.82,14.24,21.52
14.91,18.38,20.18
15.09,20.98,18.64
15.22,21.88,17.68
14.35,21.42,16.69
13.12,19.61,16.91
12.22,17.81,18.05
11.36,17.06,17.29
14.07,36.74,13.01
17.73,42.19,10.48
20.25,38.42,9.51
23.38,38.7,8.56
27.75,48.74,6.77
31.85,44.8,6.22
35.97,44.39,5.45
41.22,41.09,5.05
41.13,29.77,27.13
40.41,24.77,25.04
39.92,25.61,22.89
39.8,23.76,21.24
40.52,24.98,20.12
41.65,26.43,18.93
39.56,26.49,18.27
36.27,25.49,19.15
33.67,28.57,17.53
31.85,34.92,15.62
29.17,33.25,14.87
27.1,36.49,13.31
24.84,33.2,12.11
22.59,30.64,11.18
24.63,27.85,13.97
27.08,27.04,13.07
29.34,26.73,12.22
31.27,25.18,12.79
31.98,23.44,15.36
30.86,20.89,20.56
29.63,18.65,19.06
29.03,17.16,19.31
28.07,15.97,19.68
26.08,15.27,18.8
24.24,21.79,16.95
21.88,21.49,16.38
18.56,20.14,20.17
15.9,18.27,22.01
14.5,17.05,22.42
12.56,17.92,20.89
9.96,19.32,19.64
7.69,18.65,18.96
6.32,18.78,18.16
6.89,17.78,21.18
7.23,17.63,19.86
9.14,14.87,29.21
10.78,13.34,26.71
13.51,11.22,32.49
17.21,8.78,40.3
20.83,7.89,36.2
24.46,11.0,33.77
27.42,10.39,31.9
28.8,15.26,30.17
30.57,14.68,28.77
33.45,13.43,32.22
36.4,12.56,30.84
39.29,12.12,29.77
40.96,14.4,28.07
42.84,13.7,26.71
43.15,12.92,27.98
43.39,12.36,26.78
41.46,16.01,24.86
37.12,21.59,23.1
32.77,20.56,22.0
29.33,19.77,20.86
27.27,17.51,27.35
27.17,15.94,30.6
27.53,14.15,31.13
27.27,12.72,27.98
26.86,12.5,26.8
26.04,13.45,25.33
25.36,15.12,24.0
24.77,14.38,23.4
23.66,14.54,22.43
22.0,16.34,21.47
21.64,15.64,21.86
21.68,18.01,19.5
21.73,17.3,18.73
21.79,18.52,17.24
20.69,18.71,16.41
19.91,23.18,15.25
19.61,27.57,13.8
19.31,25.8,12.91
19.09,24.58,12.3
19.7,26.42,11.55
20.76,24.86,11.29
20.84,22.98,13.78
21.1,21.87,13.12
22.09,22.23,12.65
22.56,21.08,13.16
25.77,32.52,11.16
28.98,29.38,10.08
32.22,28.17,9.67
34.16,25.87,12.82
34.35,23.69,14.75
32.38,21.13,18.83
30.41,19.82,17.66
29.39,23.99,16.34
27.95,22.57,15.38
26.38,21.07,15.38
25.21,20.04,16.87
24.36,20.66,15.88
23.78,21.97,14.84
23.51,20.93,14.14
21.7,22.06,13.65
20.53,24.16,12.29
20.02,24.84,10.22
20.82,24.98,9.5
22.36,23.51,8.94
25.7,26.3,8.18
29.34,27.34,7.58
32.02,25.88,7.17
34.23,24.43,8.19
37.21,28.19,7.62
40.7,26.92,7.28
43.99,26.82,6.88
45.66,25.0,10.05
47.32,23.53,9.46
47.52,21.26,12.41
47.29,21.49,11.72
46.41,20.3,11.07
45.91,22.52,10.16
45.76,23.78,9.51
45.34,24.78,9.02
44.87,25.52,8.52
44.72,26.43,7.77
45.51,30.13,7.33
45.96,30.84,6.84
42.26,21.86,24.45
38.43,19.15,21.42
35.79,17.98,20.12
33.26,21.64,18.71
32.01,20.98,17.59
30.14,19.26,20.53
28.24,18.13,19.18
26.93,16.58,24.63
26.39,14.19,29.63
25.57,12.91,26.97
23.76,15.46,25.56
21.86,14.63,25.93
19.79,13.53,26.2
16.79,15.85,24.67
17.94,15.21,23.68
18.49,16.7,21.79
19.14,25.75,19.16
20.06,26.7,17.71
21.13,26.94,16.62
22.37,25.25,16.63
23.64,24.22,15.95
22.33,20.85,21.36
19.9,19.21,19.68
17.47,18.37,18.82
17.0,16.78,24.18
16.3,15.9,22.91
16.22,14.27,26.99
17.05,12.98,26.0
16.9,16.31,24.3
17.16,16.8,23.56
17.77,15.7,25.2
18.22,15.05,25.99
18.06,15.6,24.12
18.13,14.87,23.0
18.0,14.95,21.88
19.95,13.84,24.86
22.15,13.1,25.46
24.52,12.17,24.89
24.66,15.4,23.15
23.96,18.68,22.07
22.43,17.69,21.35
20.06,19.69,19.76
18.66,18.91,18.98
17.92,20.58,18.15
16.94,20.73,17.14
15.17,19.44,20.21
14.27,18.17,21.66
13.36,17.24,20.55
12.26,18.55,19.85
10.32,18.58,19.1
8.83,17.33,21.68
7.17,16.87,21.11
7.11,15.84,23.38
8.17,15.07,24.15
8.44,17.33,22.57
8.65,21.85,20.56
8.85,21.11,19.86
9.16,19.51,24.13
9.55,18.39,24.82
10.34,18.26,23.75
9.83,21.2,21.92
9.33,20.26,20.94
9.41,19.18,21.01
9.58,18.76,20.21
10.35,16.96,26.52
12.44,14.29,33.71
14.35,12.47,33.62
15.22,14.99,31.35
16.98,14.11,31.26
19.65,12.92,30.41
22.31,12.2,28.71
25.88,9.91,40.36
29.15,8.99,36.63
32.82,7.97,36.96
38.02,6.47,44.02
42.35,9.64,41.63
45.37,13.88,38.26
48.44,13.13,36.18
50.91,11.55,41.6
52.06,10.67,38.43
53.06,9.76,38.98
55.6,7.98,46.71
57.95,7.21,42.17
60.13,6.63,38.78
62.73,5.8,44.3
63.9,5.15,39.39
63.46,10.56,35.82
62.74,10.03,34.02
60.58,12.41,32.04
59.81,11.48,35.92
60.42,10.44,36.25
61.24,9.53,36.12
61.83,8.34,39.05
62.42,7.49,35.05
63.02,6.88,36.64
61.3,11.69,32.17
59.58,11.24,30.94
58.31,10.49,34.23
55.83,12.7,31.19
52.38,16.3,29.29
50.13,17.3,27.67
47.25,19.66,26.08
45.14,18.53,24.9
42.77,17.19,24.97
40.28,16.43,24.81
37.19,17.6,23.82
33.31,18.53,22.86
28.88,20.56,21.78
24.21,22.33,21.04
21.34,22.63,19.88
18.43,21.48,19.03
14.83,20.51,19.43
12.27,18.88,21.38
10.67,18.05,20.43
9.72,17.14,20.81
10.79,15.05,27.35
12.29,13.76,29.02
13.23,14.34,27.57
13.14,17.46,25.7
13.09,18.42,24.59
13.06,19.17,23.49
14.15,18.15,26.14
15.59,17.04,27.36
16.56,16.99,25.51
17.99,15.19,25.85
19.68,14.37,24.68
21.81,12.93,27.48
23.94,12.18,25.87
25.65,12.06,24.31
24.74,16.03,22.26
23.36,15.22,21.13
22.57,14.52,22.01
21.68,18.01,20.6
21.3,22.19,18.52
21.23,21.3,17.78
20.27,20.05,18.28
18.94,19.08,17.4
18.07,19.02,16.23
16.44,18.37,17.24
15.16,19.39,16.36
13.61,20.4,15.32
12.03,19.43,14.71
10.72,19.24,14.1
10.76,19.26,13.71
11.93,24.5,12.45
13.08,25.59,11.85
15.49,26.17,11.13
18.51,31.09,9.99
21.81,31.91,9.2
25.42,30.42,8.78
29.4,33.15,8.21
33.14,31.99,7.92
36.52,30.21,9.94
39.35,28.88,10.13
41.06,26.84,12.01
43.08,28.2,11.47
45.28,29.23,10.79
47.78,31.35,9.92
49.31,31.38,9.38
49.73,29.62,11.93
49.92,28.13,11.23
49.45,27.88,10.62
47.81,25.95,13.29
46.81,29.32,12.21
46.11,33.77,11.1
45.65,34.38,10.27
45.7,31.86,10.29
45.93,30.08,9.71
46.78,29.01,9.65
47.61,30.29,9.08
48.12,28.4,8.69
45.64,24.84,17.55
43.01,22.84,16.14
41.48,23.4,15.22
40.49,25.76,14.17
39.33,24.2,13.42
38.56,22.61,14.59
36.38,20.66,16.68
33.34,19.66,16.8
29.97,17.71,20.33
27.23,16.78,21.71
23.73,19.24,20.08
20.39,20.33,19.0
16.56,18.93,19.04
12.87,18.66,18.14
12.29,17.43,20.92
12.82,15.72,26.0
13.07,14.72,24.35
13.53,13.11,27.51
15.22,11.12,35.4
17.91,9.36,36.55
21.38,8.76,34.2
25.33,7.69,34.08
29.35,7.2,31.88
33.09,6.68,31.71
36.09,11.46,29.59
38.14,14.12,27.47
40.41,13.58,26.41
41.63,17.15,24.92
41.9,18.04,23.37
42.06,16.29,28.23
42.35,15.15,27.41
41.88,14.45,26.14
40.79,13.15,28.63
39.21,12.56,27.33
36.51,16.41,25.36
32.64,19.26,23.08
28.52,19.89,22.18
23.9,21.19,20.97
20.89,20.0,20.82
19.41,18.04,22.67
17.93,17.09,21.47
17.96,16.08,23.54
17.79,17.92,22.12
16.71,16.68,21.13
15.68,15.93,21.26
15.22,14.83,23.4
14.44,14.25,24.34
13.27,15.18,23.04
13.93,13.73,25.93
15.86,12.68,26.95
17.4,14.66,25.48
19.74,13.38,26.74
21.41,15.08,25.36
22.38,14.5,24.12
23.69,13.7,25.3
24.67,12.94,25.44
26.67,12.24,27.59
29.06,11.37,30.1
31.73,10.24,32.19
34.01,9.69,32.65
35.1,11.97,28.94
36.75,10.56,26.89
37.03,12.22,25.23
36.58,12.6,23.27
36.78,11.78,21.74
36.7,11.14,21.7
35.45,16.47,19.32
33.86,17.36,18.3
31.92,16.51,17.41
29.79,16.03,16.9
27.46,15.25,17.19
24.41,15.43,16.24
22.06,21.84,14.96
19.34,20.29,14.63
16.42,18.46,18.22
13.36,17.58,17.35
11.27,18.22,16.33
9.6,17.51,15.42
8.72,15.73,22.37
7.67,15.06,21.42
7.94,15.7,19.9
8.6,15.04,19.06
9.3,21.69,16.87
10.3,22.65,16.19
11.4,23.73,15.4
12.53,22.39,15.42
11.66,20.51,17.98
12.45,27.93,15.94
14.36,26.89,15.35
14.87,24.24,20.74
15.03,22.99,19.68
14.58,21.2,21.23
14.09,19.21,23.74
13.6,18.47,22.82
13.14,19.66,21.89
12.57,21.97,20.32
11.96,21.12,19.53
11.51,22.94,18.66
11.17,24.52,17.53
11.29,24.57,16.36
12.84,27.05,15.12
12.74,25.61,15.11
12.18,24.24,16.33
12.53,22.96,17.8
12.33,21.44,19.36
13.15,22.11,17.55
14.1,25.9,15.92
15.52,27.55,14.69
17.32,26.03,13.88
18.5,24.26,16.03
19.68,22.87,15.11
19.83,20.54,16.02
19.52,19.61,15.29
19.24,20.22,14.6
17.94,18.74,15.29
17.91,23.54,14.04
17.75,22.01,15.54
16.94,20.18,20.72
17.58,18.32,24.33
17.77,17.19,22.83
16.6,18.63,21.68
15.09,17.57,21.16
14.53,15.65,24.83
15.09,14.25,25.44
15.45,14.32,24.13
16.88,13.57,26.55
19.24,11.8,31.48
21.62,10.83,31.97
24.24,11.15,30.77
24.58,14.99,27.94
25.51,13.78,25.69
27.41,13.47,23.91
29.55,11.86,30.56
31.86,11.02,30.12
34.99,9.98,31.04
37.99,9.14,28.44
39.45,10.37,26.1
40.03,11.72,25.12
41.68,10.5,30.28
43.41,9.11,32.9
43.25,12.32,31.1
42.4,13.4,29.49
41.63,13.22,28.05
42.18,12.4,27.55
43.04,11.56,28.4
44.05,11.11,27.29
42.38,16.23,24.71
40.55,15.3,23.29
39.05,14.03,26.31
37.9,13.31,27.8
37.51,12.43,27.46
37.32,12.5,25.16
36.52,11.61,25.44
34.59,13.33,24.55
33.01,15.09,23.21
33.58,12.72,33.89
34.79,11.47,37.27
36.22,10.27,38.61
37.36,9.42,35.42
38.99,8.21,38.72
41.93,8.62,36.61
45.43,7.54,42.3
48.24,6.9,38.67
50.31,7.6,34.89
52.22,6.98,32.17
54.16,7.39,30.35
54.28,12.06,27.46
54.95,11.36,25.88
56.82,10.48,29.39
57.72,9.48,35.74
57.43,11.32,32.89
57.54,9.91,39.08
57.82,8.77,37.3
56.84,11.07,34.43
55.76,11.78,32.55
53.46,14.08,30.94
50.33,16.57,28.18
47.25,17.48,26.8
44.94,15.86,30.82
42.98,14.55,29.11
42.31,15.18,27.93
41.82,14.35,27.98
40.33,15.46,26.62
38.17,14.59,25.83
36.08,16.04,23.82
32.84,17.27,23.02
29.05,18.49,22.04
26.43,17.42,23.44
24.14,16.75,22.54
21.78,22.22,20.33
20.71,24.08,19.32
20.22,24.52,18.43
18.71,23.43,18.81
16.37,21.59,21.34
14.51,20.38,21.85
12.74,19.25,22.37
11.64,17.96,22.43
10.73,16.57,22.46
10.42,15.89,21.55
10.04,17.07,20.44
9.88,20.75,18.23
9.42,20.12,17.01
8.77,19.17,17.16
8.67,18.37,17.26
8.2,16.95,18.47
7.85,16.3,19.66
8.86,14.57,24.34
10.68,13.77,23.43
11.57,15.44,21.28
12.17,14.9,20.54
12.01,16.13,19.28
11.21,16.74,18.1
10.21,16.97,17.36
10.15,15.97,18.83
9.88,17.11,18.03
9.75,16.33,18.61
10.3,15.1,19.71
10.74,15.22,18.36
11.41,14.67,19.33
12.19,13.82,20.81
11.84,13.23,19.91
10.7,15.15,18.57
9.74,16.61,17.44
9.48,20.73,16.21
9.95,21.37,15.63
10.32,19.89,16.6
10.7,18.93,16.64
11.05,20.21,15.55
11.69,19.56,15.48
11.79,18.78,16.03
11.9,20.89,15.52
11.9,18.35,22.19
11.65,17.47,21.45
11.4,16.3,22.78
11.32,15.27,22.46
12.75,13.78,25.74
14.74,13.03,24.34
16.03,12.66,23.65
18.55,10.87,33.34
21.54,10.04,30.81
23.85,12.76,28.92
24.43,16.88,25.97
25.04,16.31,24.59
24.61,21.47,22.25
23.62,21.05,20.64
23.24,21.2,19.54
24.24,27.28,16.64
25.0,26.97,15.43
25.36,25.93,15.86
25.09,25.72,14.96
24.47,23.82,15.35
23.86,22.75,14.66
20.55,20.35,18.59
17.09,19.14,18.2
14.96,20.79,17.41
15.94,30.12,14.53
17.5,32.94,13.4
20.6,32.75,12.36
23.52,31.06,12.76
24.61,27.27,18.41
24.27,25.39,17.14
23.24,23.73,18.33
22.07,22.46,19.23
20.36,21.24,22.31
20.58,17.89,29.64
21.13,16.18,29.66
22.91,15.31,28.08
25.42,13.52,29.8
27.37,12.97,27.72
27.47,12.17,26.02
27.96,10.95,31.97
28.26,10.04,29.68
28.41,10.9,27.95
30.67,9.99,30.79
33.13,9.25,30.82
35.45,11.01,29.25
38.3,10.15,28.69
40.45,13.59,26.64
41.21,12.68,26.58
42.16,11.64,29.04
43.15,10.72,27.07
43.97,9.65,28.22
44.56,10.11,26.32
44.43,11.73,24.05
43.06,12.52,23.16
41.32,13.11,21.91
39.82,13.18,20.99
38.14,12.36,21.76
36.27,11.74,20.68
33.73,15.33,18.68
30.53,16.69,17.66
29.62,15.38,22.94
28.5,14.47,21.58
27.22,13.6,22.62
26.25,13.02,23.99
24.5,13.6,22.47
23.37,12.67,22.83
22.98,12.06,21.93
22.35,13.69,20.95
22.86,12.61,24.56
24.14,11.73,27.89
24.7,12.7,26.69
25.99,11.05,29.52
28.83,10.28,30.53
31.6,11.33,27.5
34.23,9.7,34.84
36.85,8.58,30.82
37.72,13.05,28.42
38.39,12.03,27.4
40.06,10.76,30.63
40.64,12.61,27.22
39.65,18.04,24.54
39.06,17.38,22.44
38.26,16.2,24.75
37.15,15.21,25.53
36.73,13.95,25.67
35.17,15.03,24.34
32.68,17.32,23.32
30.14,19.35,21.87
26.42,18.92,20.67
22.48,19.62,19.12
20.08,19.7,18.41
17.9,18.61,22.09
15.22,17.99,22.22
13.69,16.66,22.66
13.45,16.76,21.26
13.35,16.12,20.24
12.37,16.62,19.2
10.75,16.78,17.69
9.19,19.35,16.58
8.17,18.79,15.55
8.31,19.77,14.14
9.17,19.63,13.58
10.54,20.46,12.66
12.29,20.69,12.2
14.2,21.28,11.42
16.45,24.28,10.41
18.85,25.61,9.93
21.32,26.86,9.0
24.61,29.96,7.96
27.95,27.72,7.37
31.58,26.29,6.98
34.47,24.36,9.69
34.73,21.13,16.8
34.88,20.07,15.96
33.88,18.58,19.62
33.59,17.09,22.73
35.37,41.96,14.58
37.61,41.73,11.34
39.55,37.24,10.12
40.79,35.42,9.61
42.01,36.6,8.8
43.08,37.19,7.96
42.72,32.84,10.09
42.36,31.23,9.6
40.64,28.04,13.8
39.66,26.6,14.54
39.74,24.41,19.0
39.14,21.85,23.22
39.16,20.47,21.75
38.37,19.63,20.86
35.27,21.56,19.5
31.41,20.34,21.7
27.33,20.9,20.83
23.54,19.58,21.32
19.75,18.61,21.89
16.54,17.21,25.68
14.16,16.47,24.57
11.33,17.79,23.23
9.88,16.92,22.35
8.27,18.42,21.1
7.64,18.79,20.21
7.59,18.42,19.29
7.54,17.68,18.52
8.01,16.56,20.14
8.49,16.0,20.25
8.3,19.33,19.12
8.41,19.11,18.47
8.39,19.24,17.75
8.43,17.98,21.34
7.57,17.66,20.66
6.6,17.83,20.17
6.24,17.17,20.24
5.73,17.02,19.46
5.29,18.24,18.0
5.31,18.87,17.44
5.62,18.05,20.62
6.53,17.04,23.04
6.9,16.42,22.2
7.61,15.34,23.8
9.16,14.61,23.0
10.38,15.08,22.03
11.66,14.34,22.45
12.84,13.8,23.02
14.31,13.06,23.43
16.17,12.13,23.65
17.96,11.31,22.61
20.0,10.48,21.83
22.29,10.57,20.87
22.71,15.18,18.49
22.94,14.27,17.38
23.33,13.45,20.37
25.15,11.85,27.89
26.49,11.05,26.0
28.28,9.83,27.59
30.37,9.01,25.62
31.92,9.37,23.95
33.24,8.88,22.53
34.31,8.44,21.41
34.28,10.32,19.94
33.51,12.09,19.09
33.85,10.83,25.3
32.89,14.89,21.99
32.82,17.04,20.39
32.76,16.39,19.61
31.48,17.41,18.33
28.78,16.4,17.26
27.03,20.56,14.92
24.78,19.34,14.04
23.64,24.4,12.56
23.13,25.67,11.9
21.87,24.06,14.2
20.39,22.71,14.33
18.78,20.4,16.91
17.85,19.43,16.11
14.99,18.33,18.3
14.18,17.24,20.19
14.16,16.23,19.33
14.13,20.89,17.62
14.55,19.89,16.78
15.07,19.45,15.97
14.64,18.63,15.3
13.67,17.86,17.05
11.43,17.15,16.91
9.01,16.31,17.25
8.11,20.13,15.45
7.43,19.28,14.8
7.91,19.49,14.09
8.19,18.88,14.5
9.84,21.61,13.45
11.28,22.65,12.75
13.15,24.75,11.94
15.2,24.96,11.43
17.79,27.09,10.32
21.52,37.55,8.8
25.25,34.68,8.13
28.34,31.31,11.73
31.26,29.19,12.03
34.32,30.1,11.22
35.3,27.55,15.9
36.64,28.28,14.57
37.82,26.21,13.33
39.21,25.16,12.8
40.37,27.36,11.86
41.89,31.46,10.7
43.14,32.01,10.02
44.22,30.48,9.54
44.63,29.21,9.57
43.55,28.17,10.2
43.18,32.38,8.92
44.11,31.6,8.27
45.2,30.16,8.28
46.42,32.86,7.54
49.29,35.77,7.05
51.68,34.1,7.12
54.12,33.77,6.74
55.65,31.89,9.53
54.57,28.73,17.46
52.41,26.48,18.03
50.04,25.01,16.99
48.08,26.59,15.99
46.41,25.8,14.74
45.73,28.67,13.08
44.41,27.61,12.32
43.22,28.4,11.63
42.6,30.47,10.63
41.57,29.3,10.22
39.26,27.02,13.09
37.07,25.57,12.39
34.21,23.85,13.8
32.95,27.53,12.83
33.97,27.74,12.26
35.65,28.43,11.47
38.02,33.54,10.54
40.17,33.81,9.82
40.78,30.12,14.22
40.18,27.19,14.96
39.39,25.31,14.47
38.62,25.65,13.5
37.88,27.12,12.19
37.15,25.6,11.51
34.88,20.14,18.95
32.99,17.86,21.04
31.26,18.67,19.6
28.84,19.09,18.15
26.55,17.42,19.92
23.99,16.53,18.9
22.01,14.5,23.9
20.53,13.19,26.95
20.35,12.59,25.16
20.42,13.1,24.31
19.62,16.2,22.44
18.36,16.12,21.07
15.88,18.72,20.01
13.55,17.74,19.74
14.43,16.17,22.07
15.19,15.11,22.1
16.45,14.3,21.49
18.15,13.04,22.33
19.55,12.36,21.17
19.68,16.73,19.87
18.27,17.34,19.07
16.63,16.52,20.72
14.28,19.18,19.0
12.36,19.2,18.09
11.6,19.12,17.09
10.77,17.67,18.25
10.68,16.57,17.27
10.39,16.88,16.45
10.51,21.21,15.03
10.72,21.68,13.92
10.87,20.78,13.23
10.25,19.54,13.72
8.85,18.12,15.82
8.72,17.53,15.31
9.2,15.96,20.1
9.44,14.92,19.99
10.04,15.95,19.07
10.02,17.33,18.28
9.63,17.27,17.35
10.53,21.02,15.82
12.66,27.56,14.22
15.78,31.26,11.88
17.83,28.21,10.46
19.73,28.2,9.82
20.64,26.5,12.77
20.85,24.29,16.06
22.23,25.7,15.07
23.66,24.95,14.39
25.14,26.48,13.59
26.74,27.42,12.65
28.9,26.97,11.79
32.18,31.83,10.99
35.09,29.16,12.22
37.01,27.7,11.61
38.12,30.48,10.87
38.66,31.42,9.77
39.24,30.58,9.13
38.49,28.46,12.86
38.31,26.89,13.72
38.79,25.06,14.37
37.73,22.94,18.29
36.78,23.22,17.7
35.92,24.36,16.17
33.91,20.97,24.99
32.35,18.56,26.34
30.46,16.16,25.32
29.36,15.23,25.75
27.98,15.85,24.57
27.1,14.12,29.39
25.85,13.25,27.56
24.47,12.67,26.15
23.12,16.39,23.99
21.1,20.69,22.5
19.23,21.8,21.39
18.74,20.34,22.21
18.8,18.82,25.09
18.78,17.11,25.65
19.84,15.59,25.16
20.63,14.57,26.18
21.89,13.17,30.53
23.16,11.83,30.03
24.73,11.12,28.22
24.91,12.04,26.58
24.78,12.58,25.1
25.13,11.36,26.33
26.18,12.7,25.44
27.66,14.25,23.75
28.68,16.68,22.67
29.58,15.67,22.12
30.22,14.72,23.58
30.95,13.77,25.68
31.69,12.86,26.06
31.48,14.1,23.77
29.9,15.74,22.45
27.07,19.14,20.68
24.07,19.9,19.3
21.49,19.08,18.51
19.41,17.86,19.37
16.62,17.56,17.81
14.32,17.76,17.32
16.96,45.47,10.69
20.92,47.91,8.23
24.75,43.3,7.44
28.18,41.43,6.98
30.53,37.67,8.52
31.65,35.17,11.88
33.36,32.95,11.13
35.65,31.68,10.7
39.6,37.28,9.55
43.93,38.13,8.9
48.36,37.66,8.38
53.24,44.11,7.1
58.53,45.11,6.49
63.09,42.16,8.93
62.9,39.86,10.18
62.25,39.19,9.31
61.66,38.26,8.86
61.17,38.54,8.37
61.59,40.7,7.46
62.98,38.51,7.06
63.05,35.06,11.55
62.14,32.28,14.9
59.92,30.02,16.85
57.56,28.46,15.61
54.43,25.34,16.98
50.45,22.97,16.47
46.55,23.8,15.77
43.72,25.13,14.94
40.86,23.28,15.77
37.83,22.07,14.95
35.26,23.64,13.76
32.56,22.74,13.23
29.74,22.89,12.45
26.92,22.1,12.02
24.37,20.78,15.46
22.37,19.73,16.51
20.74,18.44,16.57
18.92,17.63,16.43
18.19,19.01,15.69
17.48,18.06,15.81
16.53,16.95,19.48
15.01,16.99,18.48
13.75,18.16,17.59
13.0,19.92,16.73
11.47,18.85,17.1
10.03,18.58,16.37
9.09,20.83,14.98
7.87,20.0,15.57
8.68,16.42,27.99
9.9,15.48,26.39
11.93,13.93,28.08
14.97,12.27,33.29
17.58,11.21,30.41
20.05,12.02,28.88
22.23,12.62,27.76
24.87,11.79,28.28
27.75,10.96,26.71
30.16,10.33,25.56
32.37,11.69,24.8
34.61,11.11,24.56
36.92,10.07,29.13
39.51,9.57,27.69
40.74,10.43,26.34
41.19,12.81,25.1
41.24,12.16,24.9
39.85,13.57,23.49
38.56,12.76,22.69
36.38,16.82,20.84
34.35,22.56,18.78
32.33,22.71,17.54
30.38,22.22,16.56
30.39,34.2,13.8
30.86,31.6,12.75
31.27,30.64,12.06
30.38,28.04,13.15
28.6,26.13,16.13
27.59,27.57,15.12
27.4,26.61,14.39
27.74,28.15,12.35
27.69,26.2,15.37
27.94,27.39,14.25
29.83,29.58,13.58
32.53,33.79,12.2
34.86,31.43,11.76
37.07,29.43,11.01
36.45,27.78,13.78
34.94,26.08,16.87
33.37,25.09,16.23
31.75,23.36,17.8
31.02,22.12,16.86
30.24,22.95,15.88
29.3,22.11,15.82
28.17,24.33,15.16
28.36,25.46,14.07
28.17,23.83,13.17
27.84,24.5,12.49
25.14,20.49,24.63
22.54,19.26,23.14
19.91,25.07,21.06
18.12,24.01,20.17
16.84,22.01,23.62
15.56,21.22,22.77
14.68,22.12,21.6
14.57,25.82,20.31
14.12,24.94,19.61
12.97,23.07,22.83
11.35,22.1,21.88
9.71,23.51,20.93
8.32,23.99,19.88
7.02,25.1,18.83
7.17,24.11,19.23
6.87,22.55,20.41
6.61,21.33,19.31
6.67,19.27,23.37
7.76,17.3,25.3
8.68,17.08,23.79
10.43,15.86,26.8
11.98,14.51,29.25
12.97,15.32,25.99
14.78,14.31,24.27
16.59,13.58,23.03
17.31,15.9,21.91
17.51,16.08,20.53
17.63,15.2,20.96
17.96,14.67,20.22
18.54,14.78,19.24
19.26,14.17,19.18
18.77,18.45,17.45
17.63,17.44,16.49
16.71,17.0,15.83
16.17,20.72,14.39
15.13,19.84,13.46
14.66,18.91,12.83
13.85,18.13,13.52
13.46,19.19,12.68
15.98,32.04,10.36
19.21,34.09,9.23
22.17,31.76,8.6
24.67,29.34,9.53
27.57,29.36,8.86
30.5,29.91,8.43
33.56,28.44,10.62
37.26,33.01,9.68
39.54,29.0,13.81
40.51,26.89,13.98
40.48,24.29,16.63
40.67,23.99,15.39
41.23,22.85,14.48
40.86,21.72,15.97
38.5,21.78,15.12
35.85,21.69,14.37
33.33,21.6,13.82
31.73,23.04,12.77
29.29,21.32,14.36
26.44,19.75,14.29
23.9,17.14,21.02
23.39,12.82,36.02
24.25,11.93,33.51
25.68,10.86,33.92
28.02,10.24,31.99
29.78,11.15,30.56
30.76,13.45,28.71
31.51,15.87,26.83
32.05,15.02,25.4
32.06,15.8,23.88
31.68,16.32,22.89
31.13,15.2,23.26
30.87,16.14,22.19
31.4,14.94,24.12
32.35,14.17,22.88
29.26,19.54,21.26
26.04,21.27,20.29
22.4,20.37,20.11
18.87,19.95,19.16
15.82,19.81,18.33
13.76,18.24,21.13
13.36,16.7,25.06
12.69,16.64,23.16
13.66,14.79,29.98
14.01,17.73,27.51
13.26,20.94,25.82
13.03,28.68,22.29
12.68,29.32,20.11
12.14,27.66,20.03
12.22,25.64,23.04
12.51,24.31,21.39
12.95,23.37,20.39
13.33,22.48,19.43
13.25,21.03,19.87
12.83,20.02,19.5
13.83,30.87,15.17
15.1,28.04,13.78
14.74,26.03,14.34
15.33,25.09,13.54
14.97,22.27,19.99
14.46,21.24,19.06
13.41,19.37,20.91
12.34,19.56,19.99
12.33,18.4,20.42
12.2,17.81,19.5
12.11,20.37,18.21
12.19,20.76,17.54
13.08,22.52,16.55
13.87,21.37,16.65
13.62,28.07,14.9
13.29,26.5,14.46
13.59,26.26,13.17
13.82,24.86,12.47
16.88,31.84,11.13
20.42,34.29,9.97
24.1,32.35,9.3
28.25,33.9,8.67
32.11,31.8,8.13
36.07,30.58,7.66
38.98,28.25,10.35
41.05,26.27,12.0
42.68,25.4,11.37
44.94,27.26,10.59
45.36,25.41,11.83
45.87,24.46,11.38
46.56,26.96,10.79
47.91,30.55,9.62
48.33,30.24,9.02
48.33,29.08,8.44
47.89,27.53,9.39
47.18,26.19,8.87
46.64,26.43,8.44
45.75,25.31,9.01
45.48,24.07,9.69
45.95,23.48,9.15
45.45,22.11,11.59
44.76,22.83,11.17
44.04,21.7,12.64
41.6,19.5,18.62
38.9,19.01,17.14
35.32,17.99,17.29
31.94,18.54,16.23
28.59,17.12,20.14
26.18,15.55,21.23
22.68,19.06,19.22
19.56,20.68,17.64
16.33,18.68,17.88
13.44,17.24,16.51
10.46,16.57,15.85
8.6,16.69,15.03
6.28,15.86,15.31
4.78,14.65,16.31
4.74,15.11,15.66
5.3,14.18,18.39
6.35,13.39,18.79
7.23,12.5,18.32
8.69,11.59,20.88
10.5,10.61,25.22
12.77,12.4,24.18
15.01,11.36,26.0
17.51,11.24,24.56
19.07,14.4,23.48
20.37,14.96,22.65
20.21,19.34,20.53
21.4,26.72,18.39
22.37,25.62,17.44
23.2,24.22,18.51
22.98,23.03,18.88
22.78,22.99,17.39
23.31,27.12,15.81
24.1,31.32,13.54
25.03,38.32,11.49
26.58,35.04,10.51
28.15,39.09,9.4
30.13,38.18,8.12
33.06,34.58,7.36
36.61,37.63,6.57
40.92,35.19,7.92
44.24,34.83,7.41
47.83,36.19,6.56
51.88,34.91,6.13
56.19,33.37,5.86
58.78,30.79,10.22
60.48,28.81,9.56
61.23,27.61,9.16
60.97,26.51,8.8
59.47,24.3,12.27
57.44,23.0,11.62
54.68,21.74,12.71
52.56,24.46,11.7
50.67,27.81,10.88
50.43,37.07,9.3
50.07,34.69,8.71
47.38,30.22,15.66
43.94,27.29,17.48
40.72,26.95,16.17
39.46,29.66,15.1
38.2,28.64,14.58
36.74,27.15,14.72
34.94,25.81,15.48
33.7,24.15,17.68
33.43,18.73,34.08
33.63,17.42,31.71
33.19,16.53,30.09
31.63,18.18,28.4
28.4,20.35,27.33
24.78,21.47,25.83
23.53,20.08,26.72
22.58,21.48,25.55
21.77,20.7,27.26
20.92,19.18,29.15
19.91,18.37,26.67
18.78,19.19,25.37
17.59,26.53,22.49
17.07,25.54,21.65
15.35,23.39,25.88
13.64,22.59,25.0
11.58,23.4,23.28
10.21,23.56,22.31
9.73,24.03,20.48
9.64,23.0,19.61
10.06,26.45,17.61
10.95,25.77,16.78
10.52,23.61,20.26
9.07,21.8,21.66
8.16,20.23,22.69
7.58,19.16,21.49
8.74,16.68,27.51
10.18,15.06,26.98
12.58,12.51,28.23
14.97,11.11,25.09
18.33,10.06,28.09
21.24,10.38,26.35
23.76,9.81,24.81
25.85,10.53,22.94
27.34,9.49,22.66
29.7,8.42,28.31
33.55,7.43,31.24
37.58,8.08,29.27
42.08,6.93,37.32
46.77,6.03,36.21
50.99,4.25,47.19
54.48,5.59,43.71
57.25,5.28,41.28
60.15,4.92,42.37
62.49,4.46,40.29
64.73,5.57,38.66
66.1,8.5,36.84
67.2,10.75,34.48
67.9,10.53,32.29
67.88,9.92,33.09
67.44,9.3,32.42
67.64,8.49,33.49
67.44,7.63,37.15
67.05,7.1,34.59
66.21,6.18,37.55
66.02,5.56,38.39
65.18,7.32,35.11
64.22,6.89,33.48
63.83,5.87,40.17
64.05,5.02,40.47
64.83,5.64,36.72
66.59,4.95,38.29
67.25,8.36,33.5
67.55,8.41,31.67
68.24,7.48,35.49
68.44,7.5,32.34
68.19,7.0,30.19
68.02,6.69,30.01
67.53,6.39,30.03
67.07,5.99,31.66
66.65,7.28,28.85
65.49,9.34,27.74
63.41,10.03,26.7
60.88,10.42,25.86
59.15,9.58,28.11
55.99,13.23,26.17
53.73,14.15,25.38
51.19,15.4,24.37
47.8,16.28,23.3
44.83,15.53,23.66
42.21,14.66,24.75
39.5,14.09,23.8
36.12,15.81,22.58
32.0,17.35,21.42
28.71,16.52,21.74
26.14,15.83,20.83
23.4,17.21,19.78
21.93,15.47,24.19
20.21,14.66,24.45
19.87,13.61,24.28
19.47,14.47,23.01
19.49,13.88,22.07
19.85,13.42,21.34
20.56,12.74,24.03
21.11,12.22,24.42
22.03,11.44,25.82
23.58,10.8,24.74
24.35,15.03,23.18
23.49,20.6,21.28
22.61,20.04,20.56
22.2,19.49,20.0
21.19,18.65,21.79
20.47,17.62,23.83
19.41,17.06,22.3
18.55,17.5,21.71
17.83,16.89,21.78
17.78,15.63,24.5
18.07,14.17,29.3
18.18,13.2,27.3
16.77,17.42,25.55
14.08,23.59,22.91
13.25,25.84,21.27
13.27,24.09,23.19
13.18,22.52,22.56
13.09,21.19,21.2
13.91,19.11,28.2
14.29,17.91,27.02
14.78,16.93,25.54
16.15,15.65,29.03
17.78,14.24,29.87
19.16,12.81,30.94
20.14,11.29,32.56
21.48,10.12,33.52
23.96,9.32,30.87
27.12,10.33,27.69
29.69,9.66,25.88
32.64,9.63,24.29
36.55,8.64,29.67
40.47,8.12,27.88
43.68,7.04,32.21
46.81,6.63,30.32
48.74,10.03,28.04
49.56,11.12,26.85
50.32,10.33,27.96
49.97,12.26,26.36
49.47,11.37,27.56
47.94,12.82,24.96
45.77,14.15,22.76
43.67,15.68,21.72
41.28,16.08,20.56
39.36,15.47,21.49
37.25,14.61,24.55
35.6,13.63,26.31
33.72,12.46,27.65
32.2,11.67,29.1
31.14,13.78,27.1
29.01,19.61,24.7
26.09,21.35,23.69
24.0,20.09,23.25
21.58,19.04,22.22
19.84,18.2,21.24
18.67,17.82,20.49
17.64,19.87,19.2
17.66,18.55,23.85
17.75,17.32,24.7
17.36,16.54,24.75
16.08,18.02,23.79
13.56,20.88,22.04
10.54,20.4,20.23
8.24,19.37,19.22
7.73,18.17,19.79
8.35,16.69,22.08
8.91,15.78,21.42
9.03,17.03,20.57
8.88,17.71,19.81
8.56,18.12,19.07
8.84,17.05,19.1
8.96,16.06,21.33
9.77,14.46,26.21
11.17,12.71,29.27
12.59,13.24,26.73
14.81,12.67,25.6
18.02,11.33,30.07
21.77,10.21,33.28
25.37,9.53,32.47
27.25,12.35,28.98
29.41,11.2,29.75
31.97,10.61,28.2
33.83,13.64,26.25
35.43,14.73,24.53
36.81,13.81,23.0
37.58,13.23,22.02
37.85,12.17,23.98
37.74,11.45,25.38
38.57,10.45,27.88
39.72,9.29,27.74
40.17,8.63,27.05
40.05,8.13,25.27
39.88,7.64,24.4
38.98,12.67,22.37
36.87,15.19,20.87
34.04,17.87,19.99
32.31,16.99,19.74
30.9,19.99,18.06
30.35,22.47,15.85
29.8,21.35,15.06
29.09,22.58,14.24
28.0,21.96,13.84
25.87,20.62,15.04
23.43,19.73,14.39
20.17,18.64,16.55
17.19,19.03,15.69
15.4,24.96,14.28
15.6,25.41,13.51
16.91,25.63,12.61
19.31,27.16,11.87
21.57,25.67,11.22
24.43,27.73,10.5
25.95,25.24,11.18
28.2,28.95,9.97
30.21,28.08,9.16
32.21,26.42,8.65
33.92,25.13,10.87
35.09,23.57,12.14
37.23,23.32,11.02
39.1,22.18,10.48
40.23,24.66,9.8
41.63,27.53,9.15
43.13,28.95,8.38
42.83,26.39,12.72
42.62,25.35,11.88
41.46,24.02,13.28
40.12,22.47,15.01
38.29,22.4,13.98
35.59,21.31,16.4
32.83,20.21,15.86
31.5,22.08,14.43
30.78,21.62,13.85
29.05,20.11,15.91
27.33,19.1,15.11
25.22,18.75,14.27
22.6,18.02,13.72
20.77,22.72,12.4
19.36,21.16,15.57
17.76,18.22,24.09
16.8,16.86,22.91
16.36,16.49,21.78
16.28,15.21,23.8
17.06,14.32,23.36
17.38,15.73,21.97
16.86,15.64,20.58
15.43,19.73,19.0
15.2,21.03,17.76
15.21,21.52,16.98
15.29,21.7,16.13
15.29,20.88,15.9
15.0,24.69,14.72
15.93,24.51,13.71
17.21,24.88,12.86
18.85,27.16,12.15
21.67,34.55,10.55
24.27,36.95,9.7
26.9,37.49,9.11
29.98,35.01,8.85
33.76,38.74,7.76
37.94,33.48,8.27
40.34,30.65,12.53
42.11,28.73,13.33
43.97,29.58,12.46
45.92,27.87,11.72
47.19,27.97,11.15
46.36,25.33,18.06
45.28,23.54,16.79
43.61,21.85,16.22
41.23,22.29,14.91
38.03,20.68,15.7
33.76,18.28,17.91
30.36,21.03,16.47
26.71,20.54,15.06
23.5,17.81,24.37
22.07,16.64,25.97
21.02,15.72,24.54
19.35,16.33,23.22
17.68,15.62,22.21
14.96,22.25,20.18
14.93,19.23,26.72
14.9,17.97,24.97
15.0,17.09,23.74
14.3,18.38,22.45
14.54,16.88,23.86
14.57,21.87,21.27
14.1,20.18,22.59
13.09,20.76,21.26
13.24,18.24,26.09
13.64,16.77,29.46
14.04,15.75,27.68
14.85,14.82,26.78
15.37,15.37,25.45
16.79,14.75,24.43
16.72,16.93,23.09
18.2,14.52,31.54
19.84,13.73,31.48
21.61,14.27,29.47
22.58,14.93,28.19
24.96,13.95,28.78
27.03,13.27,27.37
29.04,14.33,26.23
29.66,14.58,24.99
30.23,13.22,27.76
30.8,12.5,26.24
31.11,12.64,25.17
31.05,14.87,24.13
30.24,16.91,22.11
29.31,19.2,20.17
27.2,21.73,18.72
24.75,20.05,18.16
23.38,18.3,25.01
21.67,20.07,23.0
19.2,21.79,21.69
17.85,27.03,19.64
16.95,25.99,18.57
16.26,24.79,17.72
14.52,23.17,18.54
12.6,21.92,18.42
10.86,20.91,17.57
9.47,20.12,18.45
8.54,19.2,19.33
8.84,18.06,20.61
8.35,18.9,19.11
8.11,18.72,18.13
7.42,19.61,17.45
6.96,18.52,18.39
7.61,17.45,21.04
7.65,16.45,22.92
7.64,15.81,22.02
8.62,14.33,26.87
10.46,13.21,28.57
12.46,12.4,26.83
14.47,11.71,25.33
16.08,13.21,22.9
16.63,17.75,20.85
16.33,18.69,19.63
16.31,18.51,18.62
16.28,17.92,17.5
15.95,16.93,16.53
17.11,21.09,15.1
17.62,20.28,14.52
18.04,21.58,13.74
18.8,22.44,12.86
19.2,24.66,11.61
19.22,23.85,10.94
18.76,22.67,12.13
17.66,21.64,14.0
17.67,22.71,13.08
19.92,26.94,11.68
23.38,32.4,10.54
27.3,33.13,9.57
31.15,30.98,8.95
35.01,29.35,8.48
37.46,27.75,9.04
39.94,26.8,8.64
42.49,28.0,7.47
44.68,26.45,7.06
46.76,30.29,6.41
48.75,28.66,6.07
49.73,26.19,10.21
50.92,25.12,11.26
50.21,23.19,16.45
48.6,21.93,15.56
47.11,26.12,14.05
46.21,30.93,12.46
45.57,30.64,11.27
45.1,30.4,10.5
42.95,26.75,17.53
40.26,25.08,19.13
36.8,23.7,19.57
33.72,24.92,18.55
29.68,22.73,19.19
25.6,20.5,24.1
23.44,19.14,25.17
21.27,19.97,23.27
20.26,20.56,21.78
19.38,22.17,20.16
17.57,21.06,19.16
15.78,24.85,17.48
13.98,23.72,15.46
12.01,22.05,14.37
12.03,20.6,13.43
12.57,20.04,13.06
13.76,21.48,12.55
15.27,24.41,11.57
17.89,28.03,10.59
20.54,26.68,10.08
22.12,24.85,11.73
24.8,28.25,10.68
27.98,27.43,9.79
32.08,34.62,8.08
36.21,33.11,7.64
39.63,33.98,7.14
42.79,32.05,6.73
46.18,33.37,6.24
49.59,31.43,5.79
51.95,29.85,8.91
54.18,29.97,8.1
55.82,29.78,7.76
56.86,29.15,7.36
57.9,27.93,7.05
58.3,25.78,10.68
58.69,28.73,9.39
58.93,27.43,8.97
56.61,25.47,13.83
53.99,23.85,14.06
51.17,22.53,13.28
47.95,21.46,14.27
44.82,22.45,13.56
42.25,25.24,12.71
40.24,23.37,13.75
38.54,25.35,12.61
36.8,24.51,11.99
36.07,31.59,10.66
34.46,27.15,12.45
31.71,23.51,22.16
28.14,21.3,21.64
24.58,20.25,20.58
23.07,18.89,22.39
21.29,21.56,21.16
20.07,23.75,19.92
19.75,25.36,18.51
20.0,29.41,16.46
19.66,27.39,15.33
19.46,26.09,16.27
19.33,29.3,15.22
19.97,34.1,13.48
19.59,32.64,12.65
20.17,31.8,11.98
23.68,34.45,10.86
27.36,32.25,10.09
31.04,30.56,9.56
34.41,31.01,8.82
36.89,28.45,13.48
37.74,24.58,16.19
38.32,24.55,15.1
36.75,22.09,19.49
34.76,20.2,20.36
33.64,18.84,21.89
31.46,21.02,20.6
28.68,20.79,19.01
25.85,19.73,18.04
22.99,18.6,20.64
19.95,17.32,20.99
16.84,16.35,19.48
14.81,15.14,24.65
12.54,14.44,23.51
10.34,19.0,21.0
9.54,23.38,19.39
8.75,23.38,18.11
9.92,26.83,16.93
11.78,27.11,15.75
12.05,24.21,19.32
12.78,22.75,18.15
13.14,21.19,17.52
14.36,24.5,15.81
15.53,22.4,14.45
16.24,20.47,13.77
17.43,21.85,13.0
17.74,22.04,12.34
18.18,21.86,11.75
18.21,19.45,17.43
17.66,17.81,17.24
16.87,17.16,16.61
15.69,17.95,15.88
14.03,16.7,17.83
13.66,15.35,17.33
12.96,16.05,16.49
13.19,15.16,19.59
12.89,14.0,19.9
12.59,13.33,18.95
13.22,12.07,21.58
12.9,13.16,20.14
12.65,12.35,20.45
13.72,10.8,28.53
16.55,9.97,26.34
17.8,16.23,23.94
18.14,19.88,22.56
17.92,19.89,21.17
17.91,18.84,20.04
18.26,17.44,21.73
19.4,16.2,22.96
19.91,14.91,22.34
19.5,16.74,21.13
19.01,16.53,20.44
18.94,15.02,26.27
19.65,14.15,26.89
20.11,13.4,25.5
18.76,14.24,24.31
17.15,14.41,22.78
16.93,15.64,21.68
17.84,14.73,21.63
18.2,17.14,20.22
18.02,18.92,19.11
17.27,18.18,18.37
18.99,34.53,14.35
20.78,35.27,13.34
23.4,33.99,11.86
26.09,32.01,11.17
27.6,30.87,10.77
28.4,29.61,12.02
29.04,28.27,12.1
30.61,31.95,11.2
32.43,30.44,10.67
35.07,32.37,9.9
38.18,38.01,8.78
41.94,34.07,8.29
46.25,32.33,7.87
50.67,32.74,7.57
52.34,32.5,6.97
53.22,30.79,8.33
53.88,29.44,7.97
54.74,30.32,7.5
55.7,30.0,7.1
56.48,28.76,8.8
56.26,27.2,12.52
55.27,25.62,12.55
53.7,23.84,13.97
52.14,25.23,13.19
48.66,22.89,17.33
44.86,20.33,23.7
40.78,21.01,22.64
37.27,19.31,25.21
33.6,18.03,23.54
31.07,16.7,26.12
28.79,15.32,25.8
26.3,14.49,24.39
22.86,17.21,22.61
20.03,16.42,21.57
18.04,16.69,20.06
15.87,17.29,18.63
14.53,16.13,18.73
14.22,13.26,23.05
15.54,11.73,22.88
16.44,13.71,20.71
17.43,14.09,20.12
17.35,15.1,19.27
17.99,13.67,21.44
18.91,12.47,25.84
20.21,11.37,29.04
22.43,9.83,35.35
25.49,9.1,32.73
29.79,6.85,45.15
34.39,6.42,42.3
39.12,7.1,40.18
43.85,6.38,42.03
46.17,10.08,39.63
47.66,11.11,36.29
50.14,10.35,35.72
52.91,9.6,34.42
56.18,9.01,33.69
58.63,8.97,32.25
59.62,10.65,30.9
59.41,12.26,29.2
58.28,11.75,27.8
57.45,10.89,28.62
55.74,9.93,29.54
54.93,8.39,36.16
54.67,7.63,37.68
53.99,7.93,36.25
54.44,7.48,36.19
54.88,8.8,34.4
55.46,8.23,36.57
54.35,13.5,32.17
52.89,13.95,30.51
50.56,17.39,28.31
48.35,18.73,26.85
46.98,17.71,27.49
45.96,16.59,28.47
45.07,15.29,29.9
43.38,16.34,27.85
40.78,15.66,26.7
37.58,16.59,25.63
34.23,17.13,24.24
31.32,15.86,26.46
28.87,15.08,25.17
25.85,15.52,23.72
23.33,19.79,22.17
20.77,20.52,21.11
19.28,21.23,19.98
18.05,19.58,19.82
16.88,20.19,18.18
15.02,19.31,19.21
13.4,18.14,22.03
12.57,16.88,22.61
11.75,16.14,21.62
11.6,14.94,22.05
10.98,17.69,21.0
10.06,16.58,21.17
9.24,15.86,20.85
10.44,13.57,29.95
12.72,12.76,28.15
15.34,11.99,26.74
18.31,10.58,27.66
21.46,9.91,25.9
24.47,9.33,26.13
28.06,8.52,25.94
29.99,11.09,23.91
31.41,11.13,22.8
31.39,25.22,18.94
31.72,28.6,17.56
32.96,28.2,16.63
34.33,28.87,15.07
35.8,28.9,14.18
35.58,27.39,13.29
35.91,30.38,12.33
36.21,28.88,11.72
36.04,27.86,11.31
35.16,26.69,13.64
34.25,26.57,12.9
33.12,25.21,12.23
32.97,24.15,11.73
31.67,22.22,16.04
31.33,20.83,17.23
30.3,19.69,16.29
29.47,20.72,15.54
27.45,19.25,18.1
25.37,18.03,19.95
23.25,17.25,19.06
21.15,16.23,20.98
19.93,28.6,17.07
19.25,30.28,15.33
19.28,29.09,14.73
17.23,25.61,22.77
15.39,22.87,27.36
13.77,21.12,26.82
13.31,20.93,25.47
13.1,21.31,24.25
13.25,19.97,25.21
14.28,17.5,31.54
16.1,16.34,29.46
17.17,18.65,27.98
18.01,18.87,26.44
17.68,21.11,24.91
16.25,20.8,23.09
14.12,20.75,21.97
12.41,19.4,23.2
12.93,17.48,22.76
12.63,19.3,21.25
12.26,18.2,20.76
11.78,18.67,19.88
11.84,21.82,18.83
11.63,20.04,23.81
10.36,18.41,22.91
8.4,20.92,21.42
7.03,19.89,20.2
5.89,19.17,19.47
5.88,17.95,21.15
6.06,17.47,20.4
7.36,15.07,23.05
8.21,14.36,21.96
8.8,13.8,21.27
10.45,12.98,23.07
12.27,11.8,22.88
13.74,13.49,21.89
15.03,12.74,21.42
16.64,12.16,23.14
18.13,11.52,22.22
20.49,11.08,22.63
23.0,10.54,22.39
24.91,12.28,21.62
25.42,15.08,20.5
25.64,15.78,19.61
24.89,15.18,18.7
23.81,19.1,17.0
22.78,17.99,15.69
22.55,21.99,13.24
22.04,20.34,12.25
22.79,22.91,11.23
22.97,21.78,12.26
22.75,21.0,11.83
22.83,22.32,11.25
22.74,21.44,10.81
20.79,18.12,21.56
19.44,17.18,20.43
18.92,16.45,19.31
19.61,15.27,23.11
20.63,13.78,22.81
21.97,13.13,21.72
24.29,11.97,27.49
25.5,11.22,27.25
27.48,9.78,31.44
28.79,9.31,29.95
30.75,8.48,29.54
32.71,8.01,27.91
34.38,7.5,26.87
37.12,6.05,36.1
41.59,5.55,33.13
46.06,5.24,31.28
50.59,5.0,29.83
50.95,15.56,26.19
51.01,15.02,25.28
50.53,16.55,23.82
49.43,15.34,24.97
48.16,14.75,24.0
45.64,16.33,23.17
42.63,18.07,22.27
38.68,20.96,20.93
34.95,20.61,19.32
31.19,19.31,17.94
26.76,17.75,21.39
23.57,15.64,27.04
20.58,14.82,27.16
16.82,17.27,25.19
15.02,23.07,23.2
13.52,24.03,21.97
12.41,22.68,21.62
11.1,23.2,20.74
9.67,22.2,20.56
9.04,20.47,24.31
9.05,19.47,24.05
10.28,29.31,20.7
11.28,27.16,19.18
11.16,24.29,25.3
11.19,21.84,26.56
9.98,20.59,25.03
8.58,19.7,23.96
9.0,17.47,28.86
10.74,16.21,26.78
12.44,14.76,26.43
15.31,13.11,32.57
18.98,10.86,39.51
22.77,10.08,36.69
26.54,9.14,38.35
29.69,10.41,35.49
32.55,9.49,34.89
34.14,14.03,32.27
36.87,13.13,30.86
39.11,12.68,30.35
41.64,11.82,31.33
44.89,10.38,35.98
47.15,9.63,34.38
48.37,12.96,31.44
48.89,14.02,29.59
47.96,15.38,28.28
45.67,16.33,27.11
43.81,15.17,28.7
40.68,18.15,25.92
37.74,18.96,24.86
34.99,17.82,26.03
33.51,17.05,24.9
31.17,19.43,22.64
28.77,18.79,21.81
25.95,18.54,20.75
23.3,17.17,24.75
21.26,15.83,28.01
20.44,14.89,27.69
19.69,15.58,26.1
19.46,14.72,25.29
20.46,13.1,29.73
21.13,11.71,27.4
22.58,11.96,26.56
24.67,11.08,27.67
26.49,10.38,26.79
28.52,9.81,27.28
29.46,15.54,23.76
29.19,19.94,21.46
29.75,25.59,19.53
29.76,27.2,18.8
28.62,25.67,20.26
27.32,24.84,19.54
27.0,28.14,18.5
26.25,25.71,18.65
24.62,24.4,17.7
21.98,22.74,21.28
19.53,21.06,22.59
16.99,19.24,22.29
14.82,17.17,22.61
13.33,15.64,26.84
15.13,13.44,36.42
18.16,12.57,34.04
21.57,10.45,43.43
24.64,9.85,40.94
28.31,9.11,40.37
32.08,8.35,39.06
35.35,7.64,37.73
38.93,7.23,35.44
42.52,6.86,33.63
46.19,9.24,31.59
48.87,12.5,29.87
51.65,11.51,31.37
54.06,10.82,30.35
55.1,12.02,28.66
54.58,12.04,27.25
54.43,10.95,28.18
54.37,9.22,37.29
54.31,8.14,32.99
53.92,8.19,30.45
53.66,7.63,31.6
52.87,8.3,28.89
51.85,8.7,27.34
49.29,13.46,25.21
47.55,12.76,23.89
46.02,14.98,22.26
44.11,14.23,21.14
42.57,12.97,22.05
41.92,12.13,23.42
40.98,12.77,21.53
39.46,13.12,20.86
37.31,12.25,22.86
34.39,14.12,20.97
31.56,13.84,19.94
28.22,14.43,19.26
25.35,13.89,18.88
21.99,18.61,16.94
20.54,19.5,15.97
19.08,18.81,15.4
18.31,18.08,15.15
17.48,16.61,19.45
16.3,15.48,18.7
14.52,15.39,17.65
12.8,16.51,16.98
11.17,16.38,16.4
10.06,19.54,14.54
9.72,18.74,13.95
9.38,17.88,13.68
9.31,17.33,13.26
10.08,21.38,12.53
12.15,23.46,11.64
14.11,24.24,11.07
16.48,25.46,10.11
19.49,28.36,9.2
22.07,27.06,10.52
24.34,25.85,10.78
26.78,24.99,10.42
30.15,28.02,9.71
33.78,27.44,8.93
36.37,26.35,8.57
38.12,25.17,11.0
39.64,23.57,11.46
41.15,22.79,11.09
41.34,21.47,11.9
39.75,20.02,15.95
37.28,18.32,19.38
34.64,19.75,17.44
31.44,18.79,16.59
29.45,21.34,15.41
29.54,32.23,13.06
29.68,31.15,12.37
28.49,29.11,15.05
27.13,28.07,14.51
25.77,27.25,14.08
26.31,33.79,12.27
27.17,31.33,11.38
27.15,28.59,14.01
27.1,26.39,14.87
28.28,24.87,14.01
30.08,23.7,13.35
31.72,23.03,12.62
33.95,26.08,11.88
35.46,25.01,11.39
34.14,23.34,14.36
32.93,22.74,13.31
32.52,21.71,12.71
32.65,23.72,11.76
31.57,22.06,15.74
29.43,21.08,15.04
26.33,18.99,20.34
24.13,17.83,19.09
22.38,16.94,18.15
21.56,22.69,16.31
20.98,22.79,15.23
19.65,21.12,17.1
17.83,18.74,23.81
16.87,16.97,27.67
16.88,15.92,25.97
16.27,16.87,24.08
14.9,19.14,22.02
12.55,21.24,20.93
11.81,19.24,21.84
11.71,17.93,24.43
12.52,17.27,23.24
13.21,17.14,22.35
14.28,16.15,23.42
14.95,14.85,25.13
14.65,16.23,22.28
14.09,21.09,19.97
15.26,30.25,16.9
16.65,36.92,14.59
18.14,35.97,13.68
19.7,34.0,14.8
22.31,35.09,13.79
25.37,33.51,13.17
28.03,32.17,12.64
28.61,28.8,17.85
29.01,26.58,17.59
30.15,29.45,16.17
30.89,27.89,15.43
30.51,26.1,17.27
30.35,24.2,18.48
31.11,22.83,17.44
30.51,24.78,16.55
28.37,23.32,17.79
26.13,22.25,16.98
23.89,21.24,18.08
21.13,20.46,18.54
18.21,19.69,18.64
16.32,23.65,16.72
15.87,22.59,15.98
16.73,28.04,14.34
16.95,26.76,13.69
16.53,25.02,15.71
17.86,30.8,13.54
20.18,33.22,12.34
22.5,31.48,11.69
24.49,31.62,11.15
26.31,29.74,13.1
27.52,28.23,15.05
28.74,26.49,15.87
30.09,25.17,15.5
31.72,25.24,14.97
32.74,26.97,14.07
33.76,25.51,13.3
32.59,22.88,16.6
31.42,21.86,15.85
31.07,21.82,15.16
29.27,20.99,15.91
27.61,23.65,14.93
26.04,23.25,14.3
23.69,22.15,16.4
21.04,20.83,20.07
19.2,20.87,19.0
17.75,20.22,18.41
18.81,33.93,14.99
17.1,24.23,25.01
16.13,20.17,28.96
15.16,18.88,27.11
15.91,17.15,29.49
16.56,16.72,27.82
16.61,17.55,25.71
15.97,21.44,23.58
14.69,20.44,22.48
13.81,25.67,20.39
13.9,25.62,18.5
14.92,24.52,17.7
16.23,26.94,16.85
16.08,23.71,22.5
13.35,21.8,22.02
13.57,22.59,20.62
12.34,21.47,21.16
11.08,20.6,20.51
9.87,23.34,19.28
8.91,23.16,18.41
8.38,22.32,17.74
8.67,21.68,18.17
8.48,19.99,20.84
7.81,19.18,19.99
6.67,19.05,18.98
5.91,17.92,20.02
5.2,22.92,17.62
5.94,21.33,16.4
6.23,20.01,18.29
6.51,18.49,21.92
6.95,18.19,20.85
7.36,22.24,19.72
7.11,21.26,18.84
7.14,22.77,17.95
6.38,21.13,20.81
6.47,19.52,23.92
7.81,17.18,26.21
8.79,18.12,24.93
9.68,18.2,23.48
10.37,17.18,23.28
10.15,17.57,21.52
9.89,16.84,20.37
10.85,15.78,22.67
11.06,16.98,21.34
12.37,29.33,17.53
13.74,27.5,16.44
14.71,25.43,17.08
15.14,24.36,16.96
16.15,23.2,17.18
16.7,23.44,16.38
16.47,22.64,15.87
15.96,21.06,17.7
15.67,20.37,17.12
15.07,19.54,17.11
14.54,18.28,19.29
15.09,16.32,23.08
15.03,15.46,21.86
14.61,18.69,20.84
13.72,17.33,22.37
13.02,16.76,22.84
12.93,15.95,23.15
14.05,14.43,28.99
15.38,13.49,27.12
16.79,12.45,27.4
18.02,12.59,26.03
18.7,16.55,23.87
18.57,18.99,21.78
18.58,17.74,20.35
18.81,17.18,19.34
17.93,16.69,18.39
16.92,16.47,17.48
16.6,17.1,16.79
16.18,15.99,18.34
15.58,15.47,17.75
16.42,12.67,23.65
16.18,11.35,21.18
14.76,15.09,19.88
13.49,14.39,21.46
12.61,13.65,21.58
12.74,13.63,20.42
13.8,12.79,19.85
15.76,11.75,24.01
18.25,10.63,25.24
21.58,9.49,29.69
25.67,8.31,33.52
28.79,11.69,30.44
31.91,10.38,31.66
35.46,9.25,33.24
37.74,8.35,35.76
40.2,7.33,34.16
44.12,6.62,35.6
47.7,5.98,33.69
49.64,10.46,31.11
51.65,10.36,29.59
53.06,11.73,28.26
53.7,11.16,28.12
54.08,10.54,28.61
53.44,10.93,27.15
51.89,11.55,26.03
51.42,11.25,24.98
50.14,12.15,23.98
49.33,10.83,28.65
47.23,12.54,24.72
44.36,14.14,23.3
40.75,15.47,22.33
37.71,13.79,24.13
36.15,12.99,23.01
34.05,15.17,22.17
32.6,14.48,22.24
31.48,13.56,23.84
30.15,13.08,23.0
28.54,14.8,22.22
27.46,14.03,22.57
26.0,15.3,21.82
25.49,14.01,23.65
24.68,13.34,26.93
25.18,12.43,28.79
26.47,11.55,28.64
28.31,10.84,27.73
30.17,9.87,32.51
32.09,8.98,30.7
34.39,9.27,28.48
36.79,8.39,28.61
37.74,10.91,25.96
37.94,12.97,24.29
38.47,13.22,23.23
37.39,18.47,21.77
36.75,17.3,20.52
36.95,30.81,17.16
36.74,30.29,16.03
36.1,28.45,15.06
34.46,26.36,17.76
32.72,25.09,16.9
30.43,24.82,16.1
27.81,23.32,16.16
24.58,21.75,19.4
21.34,22.12,18.4
19.52,22.63,16.57
19.29,26.78,15.38
18.19,23.56,18.48
18.18,22.66,19.28
18.35,22.66,18.17
17.1,21.54,17.28
16.08,22.89,16.45
14.54,21.48,17.85
13.38,19.37,20.67
11.99,18.33,18.32
10.47,17.34,17.32
9.47,16.13,17.55
9.4,15.07,16.53
9.43,18.24,15.03
8.62,17.22,15.87
8.88,14.61,27.55
10.21,13.58,25.61
11.44,14.19,23.79
12.15,14.88,22.78
12.88,14.23,21.85
13.16,13.8,20.81
13.81,13.58,19.72
16.04,12.1,24.79
18.65,11.03,23.72
20.7,12.43,22.45
23.17,11.07,25.17
26.21,10.18,28.36
27.9,13.19,26.38
29.26,15.34,24.56
29.52,13.72,28.07
28.67,17.07,24.96
27.27,19.89,22.3
27.11,18.09,26.44
26.95,16.87,24.65
27.61,15.07,27.73
28.99,13.2,29.2
30.2,11.03,34.31
31.33,9.81,31.44
32.57,11.0,29.81
32.74,11.89,28.6
32.66,11.1,30.01
33.68,10.26,28.9
35.64,9.48,28.9
36.95,8.82,28.49
39.73,8.15,30.27
43.1,8.74,28.46
45.13,9.88,27.46
46.53,11.56,25.99
47.5,10.6,26.69
48.1,9.61,26.08
47.12,11.2,24.69
46.13,10.74,24.19
45.19,11.61,23.02
43.22,16.26,21.41
40.91,15.69,20.66
37.89,17.49,19.48
34.51,17.42,18.59
31.55,16.25,20.38
28.64,15.26,21.46
26.47,14.36,22.72
24.9,13.49,22.54
22.58,21.36,18.98
20.25,22.1,17.88
18.12,23.09,16.59
16.61,22.02,15.82
15.24,22.25,15.02
14.01,21.4,15.61
14.88,24.75,14.57
15.53,23.4,14.71
16.63,22.54,14.78
17.44,21.5,16.03
18.49,25.06,14.74
19.13,23.64,13.91
19.97,26.84,13.13
20.25,24.82,13.67
21.57,23.53,14.29
22.39,22.16,14.16
22.88,21.86,13.62
23.66,22.43,12.78
23.63,21.3,14.52
23.23,19.8,16.18
22.1,18.46,15.08
21.19,17.81,14.55
22.35,27.43,12.62
24.4,29.49,11.68
25.2,27.74,12.69
26.17,26.91,11.67
25.38,24.65,15.34
24.98,23.33,14.52
24.19,21.67,16.53
24.01,22.99,15.5
23.96,23.23,14.72
23.47,22.03,14.53
23.86,22.51,13.65
24.9,21.66,13.13
24.67,20.29,17.68
24.03,19.1,19.54
21.83,20.32,17.96
19.54,20.97,16.72
18.57,25.0,15.47
18.53,31.83,13.96
21.67,51.03,10.0
24.96,48.87,8.87
28.53,45.38,10.16
31.12,42.39,12.05
33.5,39.66,11.25
36.02,37.71,10.7
38.44,37.89,9.97
40.79,36.65,9.88
42.28,31.71,17.94
44.18,29.5,16.69
45.74,28.6,16.11
46.49,27.11,17.42
46.52,26.62,16.32
44.85,25.25,18.4
40.23,23.22,22.07
35.41,21.6,20.87
32.98,17.6,32.29
31.11,15.88,29.15
28.84,16.94,27.69
25.5,20.71,24.81
21.84,25.56,22.17
18.53,25.88,20.66
17.35,24.81,19.81
16.36,24.57,18.57
14.4,22.87,22.64
13.3,21.48,24.35
12.4,19.92,25.08
12.1,18.91,23.8
11.93,22.35,22.28
12.22,20.63,23.18
10.53,19.4,21.8
8.96,18.33,21.26
7.77,17.34,20.12
8.17,16.12,21.68
8.72,15.19,20.43
8.59,16.37,19.77
8.67,15.62,20.04
7.93,17.11,18.35
8.14,16.61,17.82
8.21,18.65,16.13
7.65,17.68,16.48
7.08,17.06,15.91
8.56,21.71,14.21
9.63,20.53,13.44
11.32,21.92,11.94
12.9,20.76,11.31
13.56,19.67,14.04
14.95,25.25,12.4
16.62,25.42,11.4
18.51,24.39,11.48
21.12,29.83,10.25
24.91,33.5,9.29
28.32,32.01,10.33
28.79,26.84,20.32
28.86,23.73,21.72
28.92,22.11,20.24
28.34,24.72,19.17
27.79,23.99,18.4
25.71,22.48,22.67
24.19,20.92,24.61
23.57,19.75,23.24
21.72,19.06,22.42
19.45,18.79,21.33
16.99,20.88,20.25
13.66,20.14,19.27
9.92,19.16,20.86
6.57,18.47,20.11
5.79,18.19,19.3
6.38,22.23,17.23
7.71,25.09,15.7
8.81,26.29,14.75
10.18,25.89,13.24
12.05,24.59,14.22
13.73,25.86,13.44
16.43,31.07,11.52
19.13,28.32,10.5
23.52,42.54,8.16
28.48,42.43,7.23
33.38,39.28,6.69
38.14,36.57,6.23
43.0,36.51,5.89
46.96,34.25,8.99
50.24,32.57,8.51
53.27,36.4,7.6
56.02,34.48,6.91
58.47,33.1,6.63
59.74,29.36,11.27
60.6,27.63,10.83
60.64,28.37,10.36
60.81,28.12,9.79
59.42,26.63,9.27
58.25,29.63,8.74
57.29,29.73,8.03
55.86,28.23,9.22
54.32,26.88,8.78
54.26,29.25,7.9
54.58,31.94,7.24
54.75,34.03,6.52
54.93,31.9,5.82
55.11,30.49,5.56
53.92,26.45,14.9
51.95,23.26,16.82
49.78,21.51,15.56
48.44,26.56,14.42
46.08,23.86,17.52
43.21,21.8,16.35
39.94,19.27,24.33
37.42,17.43,23.88
34.36,18.74,21.97
31.62,16.29,23.95
29.23,14.76,27.21
26.78,13.34,26.74
24.23,12.67,25.4
20.94,15.22,24.37
20.18,16.41,23.3
20.25,15.81,22.28
19.49,18.58,20.69
17.91,17.61,20.49
17.8,16.4,21.65
17.42,17.09,20.46
16.8,18.24,19.34
16.24,17.2,20.06
16.2,16.32,18.91
15.36,15.57,18.05
14.27,14.55,19.43
12.92,14.03,18.83
12.23,13.15,21.32
12.5,12.49,21.68
12.44,14.85,20.73
11.55,17.92,19.6
11.61,16.97,19.27
11.88,16.2,20.32
11.13,17.84,19.05
11.1,16.92,20.11
11.18,17.76,19.23
11.94,24.97,17.21
12.76,23.91,16.32
13.97,24.81,15.14
14.53,23.71,15.09
14.44,22.53,17.2
14.09,23.48,16.08
12.54,21.09,18.99
11.73,19.75,17.79
11.75,18.49,16.8
13.42,15.32,28.21
14.85,13.95,26.68
17.33,12.77,28.48
19.48,11.88,26.86
21.96,11.21,25.35
24.27,10.12,31.01
26.71,9.3,30.27
28.99,8.41,29.99
30.99,9.41,28.37
33.9,8.48,28.5
35.53,10.64,25.71
37.62,11.8,24.26
39.21,12.81,22.56
40.7,12.93,21.83
41.12,11.91,25.04
41.26,11.84,23.64
40.53,12.74,22.62
39.49,13.23,21.63
38.82,12.5,22.82
37.61,11.99,24.24
36.59,11.06,25.07
34.45,13.62,23.3
31.86,16.66,22.06
28.46,17.89,20.42
25.97,17.03,19.43
24.22,16.36,20.0
23.29,15.63,20.94
22.11,16.59,19.9
19.92,17.28,19.08
19.36,14.99,25.14
19.57,13.73,25.98
20.88,12.38,30.67
22.07,11.44,30.92
23.1,10.27,29.4
23.65,9.88,27.02
25.65,9.19,30.99
28.78,8.26,30.88
32.63,7.35,29.84
36.53,6.59,27.34
39.23,9.23,26.08
41.24,10.13,25.2
43.4,10.46,23.99
46.16,9.86,25.12
47.98,8.88,27.21
50.07,7.7,30.95
51.62,7.04,32.21
53.16,6.38,32.98
56.15,3.31,62.95
59.26,2.91,55.42
61.82,2.72,51.88
63.35,5.62,48.64
64.49,6.21,46.31
65.79,5.5,48.08
68.13,5.11,47.09
70.72,5.26,44.79
73.79,4.67,47.83
76.54,4.22,43.2
78.31,5.78,41.54
78.72,8.19,39.71
78.93,7.77,39.46
78.3,9.8,37.71
76.21,9.32,38.18
74.05,9.16,36.48
71.67,9.72,35.2
69.29,12.55,33.81
67.21,11.83,33.07
64.37,13.57,31.46
61.47,12.98,30.1
58.9,11.9,29.89
55.63,13.44,28.88
52.15,13.66,27.34
49.0,13.57,26.07
46.58,13.03,25.2
44.34,12.42,26.28
41.93,14.68,24.43
39.08,15.35,23.45
36.64,14.32,24.21
34.64,13.65,24.65
33.93,12.83,27.27
32.01,16.67,25.16
30.64,15.61,23.74
29.84,14.51,26.05
29.73,12.59,30.47
30.73,11.3,34.32
31.79,10.84,31.03
32.98,10.04,28.73
33.42,12.35,27.5
33.01,13.89,25.87
32.78,15.73,24.43
32.48,16.11,22.54
31.83,15.34,21.47
31.36,14.43,22.62
31.65,12.69,29.7
33.15,11.52,27.7
34.62,10.79,25.94
35.22,11.2,24.25
35.91,9.75,30.25
36.09,8.94,29.02
34.68,14.83,26.66
33.07,15.0,25.33
30.91,19.39,22.68
29.06,19.67,21.42
27.92,18.63,20.88
27.09,17.95,19.85
26.93,16.23,21.72
27.04,15.09,24.41
25.46,16.06,23.08
23.55,16.56,22.2
20.72,20.09,20.77
18.39,21.42,19.72
15.43,22.59,18.51
12.36,21.43,17.56
10.45,19.68,18.97
8.76,18.99,18.31
9.03,17.08,21.57
9.91,15.81,22.09
10.5,16.07,21.29
12.1,14.67,25.74
13.25,13.9,26.19
13.54,14.06,24.76
13.87,14.67,23.22
14.44,13.9,22.01
16.49,12.74,23.85
18.17,12.93,22.79
20.05,11.96,25.58
22.5,10.94,28.27
24.67,12.88,25.13
26.52,13.69,24.19
26.36,18.07,21.78
25.82,17.31,20.71
25.75,16.18,21.0
25.07,15.54,22.33
24.57,14.81,23.98
23.99,15.44,22.93
24.52,14.35,26.64
25.18,13.34,25.75
26.26,11.73,31.34
27.75,10.84,31.17
28.89,9.76,31.18
28.59,12.45,29.05
30.19,10.93,37.22
31.71,11.69,34.16
34.12,12.55,31.5
36.01,14.2,29.83
37.17,15.48,28.23
38.14,14.77,28.37
39.63,13.24,34.41
41.22,12.8,31.15
41.86,12.99,29.59
40.9,18.11,26.27
38.48,19.41,24.5
36.26,17.96,25.49
33.77,17.2,24.53
32.26,16.38,23.97
29.1,18.29,22.5
27.67,15.78,28.67
27.28,14.5,31.95
27.8,12.96,32.41
29.27,11.54,34.38
31.12,10.19,37.65
31.81,10.47,35.11
32.69,9.87,33.1
33.87,9.24,32.26
37.25,7.96,38.59
41.51,6.55,38.95
45.36,6.22,37.01
49.36,5.65,37.13
53.45,5.14,37.59
58.13,4.82,35.23
61.69,4.31,36.21
64.67,3.97,34.51
67.28,3.75,32.59
67.68,8.53,29.68
66.53,11.58,27.94
65.68,10.82,26.59
65.24,10.22,29.0
63.94,12.38,27.02
61.89,11.65,25.44
59.14,12.38,24.39
56.38,11.89,23.42
52.35,15.3,21.66
47.94,15.74,20.91
42.95,17.5,19.76
38.03,16.68,20.35
33.26,15.97,20.55
27.81,18.35,19.51
25.19,16.25,23.74
23.57,15.83,23.13
22.34,14.55,24.19
20.59,14.5,23.37
19.28,15.07,22.04
17.97,14.61,21.37
17.0,14.16,20.88
16.71,13.47,24.26
17.51,12.89,23.11
18.87,12.44,24.77
21.37,11.76,28.12
23.86,10.8,28.35
25.48,12.47,26.04
27.78,11.97,25.01
29.25,11.44,26.2
28.87,17.31,22.68
28.05,16.55,21.7
27.64,15.73,22.45
26.3,20.66,20.69
25.11,20.86,20.02
24.07,20.98,19.07
22.38,20.19,18.31
20.8,18.67,21.16
19.45,17.44,23.21
17.83,16.34,23.72
15.93,15.48,22.41
14.35,16.56,21.56
13.66,15.21,25.63
12.68,15.02,25.31
12.16,20.77,23.48
12.5,18.28,26.42
12.54,16.78,24.24
13.83,15.95,23.04
14.28,18.34,21.64
14.11,19.62,20.6
14.3,21.76,18.7
14.54,21.6,17.86
13.84,20.66,18.9
12.83,19.0,20.71
12.45,17.88,23.16
12.76,16.79,23.92
14.04,13.68,34.72
16.1,11.68,39.36
18.63,14.21,34.5
19.6,16.73,32.29
18.63,28.79,26.25
18.61,33.13,23.05
19.73,35.12,21.58
21.26,33.42,20.53
22.68,33.86,19.3
23.95,32.34,18.44
26.02,34.81,17.39
28.1,33.2,16.58
29.57,31.87,15.86
31.21,33.26,14.1
30.99,32.02,13.58
30.15,32.06,12.98
30.43,32.93,12.31
30.95,30.74,13.48
33.4,29.26,12.83
34.63,27.9,13.4
34.57,25.44,15.9
35.25,28.54,14.25
35.68,27.4,13.68
35.69,25.76,14.65
34.15,23.57,18.56
31.94,21.56,22.61
30.51,25.87,19.73
28.58,24.43,18.63
26.81,24.0,17.51
24.9,23.37,17.05
23.0,24.38,16.57
20.63,22.95,20.43
18.17,22.03,20.1
16.63,24.81,18.86
17.23,32.23,16.81
17.09,30.3,15.81
17.08,29.39,14.73
17.24,27.97,15.13
18.65,27.91,14.52
21.3,31.17,13.51
23.21,29.67,12.67
24.22,27.5,15.58
24.73,25.01,15.75
25.59,26.27,14.89
25.51,24.05,16.72
25.72,21.88,18.36
26.02,20.97,17.6
25.64,20.08,16.98
24.42,21.54,16.12
23.73,23.19,14.89
22.92,21.88,14.06
21.93,21.03,15.22
21.63,24.96,14.26
21.2,26.98,13.43
20.39,25.38,14.02
19.32,23.7,18.36
18.05,22.29,20.23
16.07,20.71,20.71
15.99,18.55,26.04
16.56,17.34,24.33
17.14,16.26,22.82
18.02,15.19,23.12
18.3,15.17,21.97
17.05,21.84,20.02
16.32,23.35,18.55
15.64,21.62,18.96
13.75,20.32,19.99
12.08,18.97,23.29
10.34,19.81,21.65
9.6,21.3,20.34
9.64,21.35,19.16
10.81,24.15,17.36
12.3,28.99,13.1
13.39,26.29,13.54
14.48,24.81,12.78
15.36,23.92,12.05
16.85,25.96,11.35
18.58,24.89,13.84
19.49,23.6,14.39
20.05,21.98,16.44
20.18,20.07,21.18
19.7,18.92,20.28
20.18,23.53,18.78
20.82,22.87,18.25
20.54,21.16,21.79
19.82,21.9,19.32
17.57,20.98,18.51
15.37,19.86,20.35
13.18,18.93,19.41
12.13,17.0,24.67
10.75,16.15,24.08
10.48,14.93,24.79
11.09,13.4,26.44
12.75,12.61,27.91
15.56,11.75,28.71
18.3,11.4,27.85
21.07,10.03,30.12
23.75,9.68,28.1
26.87,10.19,26.93
28.9,12.46,25.72
31.37,11.22,26.72
34.2,10.58,25.19
37.03,10.18,24.26
38.03,11.79,23.11
37.52,16.68,21.48
36.36,17.17,20.35
34.19,18.59,19.52
31.63,19.34,18.65
28.91,17.77,19.18
25.99,18.25,17.83
22.92,17.19,19.79
20.08,16.35,19.55
17.3,20.31,17.91
17.56,32.12,14.32
17.76,33.83,13.28
18.83,39.72,11.27
19.99,36.76,10.03
21.43,34.55,10.74
24.49,35.25,10.09
27.85,34.13,9.77
30.46,31.48,13.8
33.3,31.28,12.92
36.27,32.17,12.08
39.96,35.13,10.86
43.33,33.87,10.03
46.88,34.25,8.93
50.63,32.25,8.41
52.08,31.43,8.19
52.02,29.35,11.73
51.31,29.62,10.99
50.32,28.17,11.19
48.85,26.59,13.68
46.77,24.99,14.56
43.76,22.72,17.36
41.93,21.77,16.63
40.27,22.66,15.66
38.74,24.31,14.9
36.24,22.76,15.91
32.77,21.35,19.02
28.82,19.79,21.18
24.91,21.34,19.77
21.12,21.28,19.01
18.21,20.51,19.66
15.92,23.89,18.1
13.82,23.05,17.46
11.73,21.93,20.73
10.0,20.34,21.2
9.49,22.67,20.02
8.66,20.79,21.57
7.74,20.09,22.37
6.23,22.62,21.33
7.0,18.21,32.7
8.85,16.32,31.38
10.32,17.88,29.15
11.76,17.0,27.73
13.54,15.62,29.39
15.95,14.31,30.34
17.71,13.12,29.45
18.4,16.73,27.02
19.63,16.71,25.05
20.36,18.02,23.1
21.3,16.92,25.04
22.28,17.45,23.87
23.81,15.99,27.7
25.51,14.98,25.95
25.18,15.13,24.59
24.44,15.51,23.87
24.57,14.54,24.65
24.59,14.28,23.41
23.62,15.27,21.56
23.17,14.06,25.84
22.54,13.43,24.69
21.54,25.4,20.98
21.98,31.39,18.4
22.96,29.7,17.41
23.22,27.8,17.4
23.56,26.46,17.56
23.21,26.21,16.76
22.87,25.46,16.29
24.05,32.85,13.96
25.59,33.05,13.24
25.78,30.59,17.04
26.08,29.37,16.36
27.43,32.23,15.17
27.37,30.0,16.61
25.58,24.64,26.96
25.22,22.75,24.89
24.09,20.91,25.66
23.32,18.88,25.76
22.29,20.12,23.89
21.46,19.26,22.86
21.28,18.17,26.98
22.15,16.01,32.62
21.91,14.61,31.78
20.84,16.46,29.15
20.71,15.77,27.16
22.71,11.8,42.47
24.18,10.96,39.43
25.79,11.97,37.25
29.3,11.12,36.71
32.88,10.27,34.98
35.14,13.56,33.15
37.04,13.11,32.07
38.96,14.44,30.35
41.21,13.72,32.05
41.8,16.83,29.77
40.83,18.4,27.94
39.96,17.24,28.57
40.24,15.64,30.2
40.91,14.14,30.01
40.21,12.53,34.47
40.15,10.84,38.06
40.66,9.75,37.17
41.01,9.25,35.23
40.24,12.8,32.76
40.37,12.35,31.61
40.78,11.27,31.78
41.64,10.61,29.91
42.72,9.72,33.62
45.0,8.67,34.4
46.34,12.57,28.83
46.94,13.6,27.17
46.43,15.4,25.45
45.62,14.69,24.29
44.38,13.61,24.9
42.68,12.86,24.86
41.17,11.95,26.19
39.0,13.8,24.51
36.81,17.35,22.64
34.63,16.66,21.74
31.57,18.42,20.27
28.62,17.28,19.63
24.93,17.05,18.29
21.3,20.39,17.06
20.2,24.49,15.05
20.32,29.05,14.0
21.4,30.04,12.96
22.41,28.68,12.64
22.74,27.46,13.54
22.89,26.26,12.95
21.6,24.57,16.63
20.98,23.85,16.15
22.27,28.08,14.7
23.56,26.57,13.91
24.64,23.96,16.03
25.6,22.5,15.05
26.77,21.45,14.34
27.36,20.55,14.52
27.75,24.24,13.24
27.33,22.62,12.44
25.86,20.93,14.18
24.18,19.69,14.48
23.4,22.1,13.84
22.82,22.09,13.0
24.66,29.97,11.39
26.49,28.55,10.85
26.8,26.59,12.63
26.11,24.76,15.97
25.82,23.36,16.96
25.28,21.87,17.1
24.31,19.79,17.47
23.53,18.9,16.68
23.18,16.04,26.43
23.17,14.27,25.9
23.86,13.45,24.41
24.4,14.52,23.06
24.11,15.09,22.17
23.08,16.63,20.93
19.99,18.08,18.66
17.14,16.88,18.7
15.7,15.39,20.98
15.29,14.37,19.81
15.71,13.44,20.87
15.83,15.11,20.03
16.17,15.15,18.87
16.28,15.1,17.67
15.33,14.15,17.67
13.44,17.56,16.7
11.86,18.21,15.85
10.94,18.11,14.85
11.75,23.85,12.77
13.23,22.9,11.75
14.84,21.66,13.24
16.79,24.46,12.47
18.87,28.62,11.01
21.25,30.0,10.19
22.46,28.22,12.5
23.73,26.57,13.74
25.33,25.45,12.75
26.55,24.17,14.52
26.61,22.12,17.4
27.28,21.24,16.72
28.28,23.23,15.2
29.11,22.6,14.6
29.28,26.22,13.34
29.43,26.0,12.73
30.42,26.34,11.82
30.36,25.5,13.27
28.64,24.09,15.92
27.43,27.9,14.25
27.93,34.23,12.82
28.9,32.19,12.06
28.94,30.11,14.92
29.57,28.57,14.15
31.52,29.2,12.74
33.83,30.34,11.72
35.23,28.79,12.22
34.09,24.47,21.87
32.16,22.19,19.83
30.95,25.58,18.07
29.73,26.7,17.42
29.05,26.0,16.63
29.43,26.06,15.35
28.66,24.75,15.97
26.61,23.06,16.43
24.53,22.0,15.8
23.63,22.7,14.81
22.25,20.48,15.3
20.48,19.05,14.23
18.66,18.98,12.98
16.47,16.38,19.93
16.77,15.36,18.68
16.94,14.92,17.53
16.86,13.97,19.32
16.51,13.34,18.44
16.52,12.23,19.22
16.36,11.58,18.75
16.06,12.76,18.07
18.34,10.58,30.75
20.65,9.6,27.89
22.36,10.2,26.87
24.66,9.76,26.84
25.71,13.86,25.24
26.5,13.28,24.57
28.02,12.65,24.09
29.78,11.93,24.37
30.47,15.51,22.21
30.15,16.83,21.22
29.76,16.44,20.36
28.36,18.18,19.15
27.45,21.43,17.26
27.17,21.63,16.51
24.81,21.52,15.69
23.13,24.74,14.72
21.83,23.92,13.83
19.49,21.75,16.43
18.41,20.63,15.58
16.31,19.11,19.27
14.85,17.77,22.04
13.71,16.01,23.16
14.07,14.85,23.67
14.88,14.33,22.84
14.77,17.44,20.9
15.38,16.41,20.54
16.58,14.74,26.01
16.07,19.02,21.57
15.04,19.8,19.29
14.33,18.12,24.75
14.16,16.67,27.35
14.9,16.24,26.64
18.07,11.95,45.46
20.88,17.18,39.9
22.96,15.97,37.08
24.5,14.95,34.72
25.37,15.38,31.99
26.52,14.46,32.98
29.06,12.88,33.63
31.54,11.99,32.32
32.36,13.52,30.9
35.01,12.57,31.85
37.44,13.96,29.19
38.77,13.86,28.19
39.72,13.03,28.68
40.4,13.36,26.99
38.31,14.23,25.94
38.17,13.21,29.28
38.35,12.46,30.74
37.83,14.46,28.39
37.39,15.06,27.37
36.11,16.84,25.8
33.73,19.04,23.91
31.26,18.03,22.64
28.92,19.09,21.69
25.98,19.68,20.59
23.62,18.91,19.79
21.68,17.8,20.43
19.49,17.14,19.68
17.85,16.04,19.9
16.26,20.93,18.21
14.06,19.94,17.35
11.53,19.04,16.56
10.72,22.89,14.89
10.37,22.5,13.75
10.26,21.64,14.61
10.16,20.5,16.79
10.02,19.62,16.27
9.64,18.24,18.66
9.52,17.41,17.63
10.98,15.6,24.73
12.11,14.6,23.16
12.96,14.98,21.92
14.34,13.07,24.27
15.83,12.35,21.92
18.4,11.18,27.93
21.75,9.76,32.69
24.1,9.14,30.59
26.99,7.82,36.39
30.26,7.1,33.72
33.85,7.88,31.65
37.22,8.41,30.31
42.47,6.36,43.83
48.35,4.69,50.23
52.95,3.6,51.6
57.54,3.37,48.23
62.09,4.41,46.15
65.9,4.19,46.26
69.17,6.76,44.46
71.24,7.03,42.86
72.13,8.33,41.4
73.07,7.94,40.42
73.45,7.44,42.01
74.08,6.73,45.1
75.07,6.19,41.5
76.43,5.67,40.57
75.7,8.3,38.46
74.09,8.92,36.15
71.72,10.41,34.63
69.68,9.8,37.31
68.34,8.62,38.99
67.36,7.69,43.01
66.97,7.56,39.82
66.08,9.26,36.34
65.47,9.06,34.09
64.19,11.03,32.37
62.79,10.35,31.34
61.34,9.51,31.61
59.14,11.96,30.17
56.61,12.49,29.17
55.15,11.96,30.77
54.21,11.45,32.07
53.89,10.88,31.96
52.89,11.72,30.41
51.62,11.02,29.87
48.93,14.1,27.31
46.12,14.51,26.26
43.32,16.6,24.98
40.61,15.9,23.93
38.22,16.8,23.03
36.05,16.25,24.35
33.02,17.88,22.48
30.75,17.16,21.58
27.96,20.84,20.45
25.07,19.64,21.13
22.21,18.65,21.58
19.46,17.96,22.26
17.42,17.28,23.78
16.49,15.34,30.43
16.6,14.19,28.48
16.33,16.23,27.07
16.58,15.97,25.88
17.39,14.4,27.65
17.74,16.04,24.35
17.79,15.13,22.96
18.99,14.46,25.81
20.7,13.5,28.3
23.23,12.69,27.21
26.04,11.45,28.74
28.81,10.75,29.1
31.46,10.41,29.4
32.11,16.09,26.76
32.23,14.69,30.29
31.62,17.04,28.42
30.95,19.31,26.46
30.52,17.83,25.47
28.88,19.72,23.42
28.03,18.34,21.79
27.47,17.72,22.9
27.88,15.64,31.67
27.77,14.55,29.47
28.11,12.99,31.16
26.91,17.2,29.43
25.34,17.13,27.99
24.17,15.64,29.88
25.61,13.65,36.12
26.42,12.26,33.18
26.97,15.57,30.63
27.98,16.02,29.65
29.05,15.1,29.74
29.8,18.63,27.43
30.57,18.09,26.79
29.97,25.81,23.65
27.86,24.51,22.46
25.51,22.82,22.4
22.73,22.15,21.19
21.45,23.69,20.07
19.81,22.1,21.57
18.04,20.85,23.72
15.41,19.77,23.39
13.32,17.58,24.64
12.77,16.35,27.22
13.07,14.7,29.84
13.88,13.04,33.57
16.2,10.92,34.13
18.98,9.52,36.11
23.11,8.2,35.24
27.24,7.29,31.3
30.33,11.23,29.0
33.06,11.47,26.98
34.99,11.9,24.93
38.12,11.07,29.25
41.08,10.35,29.37
44.65,9.14,34.63
47.85,8.03,33.77
50.47,7.21,30.33
50.63,13.0,27.76
50.07,12.12,25.89
48.72,12.52,24.63
46.73,12.58,23.59
44.83,11.79,24.86
42.47,12.45,22.69
41.4,11.66,21.26
40.74,11.19,21.32
41.1,10.29,24.27
41.21,9.39,25.75
41.51,8.68,27.55
41.35,8.07,28.58
40.03,10.43,26.22
37.67,13.76,24.78
36.38,16.24,23.45
35.75,14.75,25.91
35.86,13.17,26.77
36.19,12.18,25.32
35.06,15.55,23.25
33.62,18.35,21.97
32.17,17.54,21.0
30.59,17.12,20.5
27.71,19.39,19.46
24.4,18.76,18.82
21.03,19.43,17.6
17.39,18.89,17.11
14.9,19.33,16.39
13.1,18.59,17.36
12.53,20.14,16.4
11.55,20.7,15.72
10.11,18.25,24.13
9.12,17.06,26.26
9.86,15.6,29.09
11.19,15.27,26.94
12.7,14.07,26.14
13.98,14.43,25.08
16.7,13.37,29.93
18.97,14.17,27.49
20.9,13.3,25.8
22.83,12.57,24.38
24.59,12.04,23.84
27.16,11.17,25.62
28.4,13.32,23.5
30.99,11.28,33.82
33.7,10.48,32.98
35.97,9.8,31.89
38.32,8.38,37.09
40.86,7.83,34.66
43.22,7.43,32.88
44.53,10.84,28.72
44.5,12.1,26.84
44.92,11.57,25.66
46.12,10.43,30.33
48.41,8.51,38.86
51.48,6.06,43.93
54.4,4.44,40.51
58.16,3.93,35.86
59.9,5.0,34.02
59.51,10.93,29.83
58.77,11.4,28.35
57.71,10.67,30.55
56.64,10.06,28.79
54.95,11.59,26.72
54.88,10.86,28.07
54.61,13.0,26.42
54.87,11.88,28.72
54.89,10.64,31.2
53.83,9.98,29.25
51.23,12.09,27.86
48.07,12.8,27.14
43.96,16.18,25.66
40.12,16.38,24.89
38.09,16.63,23.95
35.88,18.14,22.91
33.46,17.47,23.36
31.43,16.41,24.47
29.77,16.9,23.46
27.58,17.09,22.46
25.24,21.19,20.65
22.72,22.25,19.66
19.54,21.27,19.37
16.08,20.19,19.91
15.05,17.32,28.91
14.28,16.19,27.02
14.45,15.62,26.06
14.35,16.93,24.96
14.24,17.02,23.79
14.4,17.03,22.5
13.38,19.96,19.92
11.98,18.6,18.57
11.25,19.29,17.1
10.7,18.76,16.64
10.82,18.22,17.19
10.81,17.42,19.67
11.58,16.47,22.45
12.7,15.83,22.05
11.48,17.19,20.19
10.27,16.11,18.92
9.27,15.15,18.92
8.1,18.74,17.7
7.13,18.11,17.07
6.34,17.06,18.05
6.55,17.98,16.88
6.58,16.89,17.04
9.08,12.7,30.35
11.65,11.59,28.43
14.63,10.66,27.75
17.37,10.27,26.73
19.6,9.74,26.7
22.17,8.95,28.65
25.5,8.42,28.71
29.45,7.2,32.09
32.31,9.73,30.11
35.62,9.72,28.49
38.52,10.74,27.3
41.1,11.54,26.23
43.49,11.55,24.94
46.47,10.83,26.61
46.91,10.08,28.09
47.62,9.29,29.37
48.15,8.8,27.81
48.68,8.38,26.47
48.04,11.42,25.21
46.48,12.67,23.85
43.04,18.74,21.28
38.96,17.76,20.17
35.5,18.04,19.04
32.06,17.72,18.09
29.67,16.54,20.24
28.0,14.95,20.44
26.49,14.15,19.35
24.43,14.11,18.43
22.54,13.42,20.46
20.47,12.73,20.29
18.04,13.3,19.12
15.34,13.91,18.45
14.23,12.95,20.35
13.64,12.54,19.7
15.54,11.23,22.26
17.44,10.96,21.73
20.09,10.45,24.27
22.98,10.12,24.5
25.4,9.84,25.22
27.83,9.35,27.74
30.46,8.62,27.55
33.78,7.75,30.74
37.33,6.6,38.2
40.73,5.99,34.64
43.44,8.72,30.81
46.43,8.04,28.42
49.53,6.78,32.63
52.82,6.17,32.67
54.6,7.95,29.76
56.38,7.49,28.03
58.41,6.46,34.2
59.99,6.89,31.03
61.52,6.3,30.05
62.65,5.9,28.13
62.64,8.37,26.75
61.29,10.7,25.47
58.55,12.14,23.64
55.64,11.97,22.12
52.75,15.27,20.82
49.85,14.51,19.78
46.27,13.95,19.02
41.86,15.9,18.14
39.34,14.59,23.06
36.72,14.28,21.94
32.34,17.67,20.33
28.08,20.69,19.11
23.7,19.71,18.21
19.31,19.13,17.67
15.7,18.1,18.72
14.08,24.33,16.85
13.71,26.95,15.48
13.52,25.15,14.44
14.26,23.9,14.1
15.13,23.29,13.22
15.26,21.5,15.18
16.02,20.49,14.47
16.18,22.38,13.52
17.66,28.64,11.74
20.24,27.29,10.84
22.34,25.55,12.77
23.86,24.03,14.31
25.5,23.56,13.58
28.0,26.87,12.43
29.33,25.26,11.69
28.96,23.72,15.22
28.25,22.71,16.08
27.95,23.06,14.85
27.53,22.11,14.24
28.62,25.76,13.14
29.7,24.61,12.56
29.28,22.69,15.49
27.19,21.82,16.96
24.7,19.79,23.35
23.11,18.38,22.96
22.17,17.29,22.09
20.44,21.51,20.36
18.22,21.46,19.16
15.68,19.18,19.64
14.21,18.26,18.7
13.29,17.5,19.06
11.81,18.59,18.27
11.25,17.18,22.69
9.92,16.43,21.7
8.05,18.08,20.48
7.23,22.09,19.06
6.86,21.12,18.22
6.55,19.69,18.23
6.47,20.78,16.97
7.24,24.91,15.64
8.82,24.66,14.84
10.0,23.35,14.87
11.5,22.56,14.37
14.37,29.94,12.42
17.02,29.03,12.04
18.81,26.26,15.41
19.69,25.41,14.91
20.56,24.54,14.4
20.87,22.71,18.36
20.83,21.58,18.84
21.39,24.25,17.85
21.62,21.27,24.49
21.42,20.15,23.32
20.79,18.67,24.76
19.78,18.34,22.82
19.66,16.5,25.0
19.54,15.54,23.54
18.61,14.5,25.96
17.26,15.59,24.63
16.2,18.39,22.98
15.13,17.7,22.11
13.44,19.43,20.38
13.33,17.78,21.36
14.69,15.81,26.8
15.45,15.08,25.57
17.23,14.11,27.39
19.0,13.31,25.85
19.41,16.11,24.04
19.78,16.66,23.04
19.23,17.13,22.15
18.28,22.29,19.28
17.27,23.91,17.98
16.84,23.74,17.01
17.64,24.9,15.86
18.51,23.76,14.77
20.63,25.72,13.22
22.28,24.33,12.5
21.9,22.8,15.04
20.07,20.61,20.71
17.85,19.49,19.86
15.64,18.64,19.0
14.84,17.47,20.76
14.49,16.68,20.87
13.61,18.61,18.77
13.12,17.18,17.33
12.36,16.33,17.54
12.2,14.74,19.62
12.01,13.91,20.68
11.28,15.18,19.78
10.28,14.41,20.78
10.23,12.9,24.73
11.68,11.75,27.92
14.84,10.86,28.27
17.44,11.75,25.73
20.92,10.0,29.8
24.06,9.21,29.6
26.33,11.01,27.55
29.93,9.96,30.57
32.07,14.09,26.37
33.19,16.81,24.86
33.66,15.95,24.34
33.88,15.03,23.83
35.24,13.72,26.68
36.41,12.98,26.62
36.73,12.06,25.6
35.93,12.72,23.4
35.3,11.6,24.45
35.68,10.88,27.12
34.76,11.63,25.18
32.98,13.16,23.2
30.81,16.8,21.61
27.96,16.75,20.85
26.4,16.79,19.94
25.27,17.58,18.83
24.93,15.97,22.1
23.42,19.66,19.11
21.23,18.61,18.08
19.39,17.47,20.82
18.13,16.22,23.48
18.1,14.79,26.95
17.64,14.16,25.81
17.11,12.65,26.5
17.01,11.79,24.7
18.03,10.94,26.79
19.44,12.49,24.38
21.39,11.65,26.02
22.6,14.11,23.82
24.58,12.77,24.35
25.68,12.2,23.41
27.49,12.78,22.14
28.94,13.37,20.77
29.33,14.7,19.57
29.04,14.16,18.86
27.04,16.87,17.28
26.26,15.12,21.84
25.03,14.38,20.77
22.67,18.33,19.22
20.03,20.1,18.19
18.53,21.5,17.18
16.95,22.17,16.04
16.8,24.42,15.13
16.68,26.18,14.23
16.47,24.57,13.69
16.58,23.74,13.23
17.03,22.91,12.92
18.58,25.48,11.99
19.09,22.54,14.62
20.53,21.64,14.03
20.04,20.28,16.14
19.55,19.37,15.42
20.83,21.6,14.32
21.92,20.93,13.87
23.03,22.79,13.19
23.83,22.33,12.79
23.72,21.16,13.54
22.99,20.23,13.67
21.81,19.28,15.15
20.16,18.5,16.66
18.58,16.67,18.72
17.44,15.24,22.85
17.85,14.24,24.87
18.59,13.37,25.7
20.19,12.51,25.27
21.71,12.03,23.67
21.27,16.3,21.67
20.7,24.53,19.13
20.13,25.77,17.67
19.75,25.93,16.6
20.66,29.95,14.55
21.95,30.31,13.81
23.38,27.99,14.4
25.05,26.22,14.57
26.2,24.63,15.75
26.82,26.45,14.7
27.35,28.14,13.65
27.11,26.46,14.84
26.5,25.32,15.09
25.73,24.17,15.54
26.47,24.26,14.7
27.53,24.18,13.82
28.44,25.0,13.06
29.53,25.96,11.89
30.29,28.33,10.71
30.84,26.07,9.85
30.04,23.92,15.65
29.1,22.04,16.14
28.63,20.95,15.35
28.46,24.14,14.14
28.02,23.13,12.88
27.81,21.63,12.92
26.16,19.04,19.88
24.76,18.14,18.94
23.39,19.82,17.81
22.19,20.72,16.77
20.26,19.48,17.86
19.49,24.82,14.46
18.15,22.69,13.21
15.67,21.19,17.16
14.35,19.58,18.67
13.32,18.36,17.96
12.7,19.66,17.16
11.15,18.53,20.22
9.2,18.67,19.14
7.62,19.3,18.17
7.94,19.82,17.35
8.71,21.49,16.56
8.33,19.34,19.3
7.89,18.44,20.11
7.86,20.86,19.3
6.55,21.48,18.26
5.43,21.73,17.54
5.78,22.53,16.51
6.86,22.45,15.76
8.85,26.0,14.33
10.57,25.55,13.52
12.58,25.13,12.81
14.35,24.2,14.19
15.34,22.38,15.91
16.27,22.66,15.24
17.49,25.28,13.61
20.16,27.22,12.36
22.74,27.56,11.7
24.87,25.68,12.73
26.7,24.37,12.08
28.34,23.29,11.54
29.65,22.37,11.09
29.82,21.08,14.07
29.18,20.23,13.5
27.06,18.42,18.0
24.83,17.47,17.08
23.58,18.28,15.4
22.82,17.3,15.24
21.56,16.54,15.92
20.4,19.82,15.0
19.73,24.67,13.84
20.32,34.24,11.84
21.48,33.42,11.12
22.74,31.81,10.25
23.91,29.9,9.94
25.5,33.03,9.32
28.38,34.87,8.63
30.04,31.64,12.56
32.45,29.02,13.99
33.96,24.96,15.86
34.94,23.6,14.99
36.2,23.08,14.18
38.19,24.17,13.06
39.4,23.63,12.51
38.83,22.14,14.74
36.52,21.35,15.37
34.3,21.8,14.83
32.6,24.57,13.96
31.0,23.49,13.31
29.95,28.49,11.86
27.71,25.29,13.91
25.32,21.29,25.85
24.04,19.54,27.52
23.07,21.28,25.35
22.44,19.67,25.83
23.12,16.71,33.44
23.37,15.61,31.25
23.96,14.35,32.7
25.49,13.01,31.44
27.19,12.6,29.42
28.18,13.93,27.59
28.82,13.06,28.13
30.42,10.72,32.2
31.05,10.25,30.77
32.99,9.38,33.38
35.78,10.89,31.65
38.06,10.48,30.46
40.32,12.21,28.77
42.24,11.87,27.97
43.08,11.12,29.39
43.92,10.64,28.11
43.88,12.11,27.23
43.66,11.8,26.53
44.43,10.56,32.33
43.82,16.64,27.38
42.82,16.61,26.3
41.23,15.65,27.68
39.64,14.84,26.25
37.61,14.19,25.1
36.0,14.07,24.06
34.07,14.8,23.04
32.42,15.29,21.7
31.06,14.29,22.11
31.64,10.88,35.61
32.22,9.96,32.6
33.61,8.92,33.47
35.34,7.92,34.53
36.19,7.57,32.99
39.06,7.12,32.96
40.6,11.46,29.61
41.77,10.99,28.38
43.09,10.36,28.19
44.41,10.0,27.21
46.11,9.24,27.74
48.3,8.69,27.86
51.56,7.6,33.46
54.53,7.08,31.17
54.43,9.22,29.07
53.77,10.79,27.73
51.3,15.81,25.39
48.48,15.37,24.68
46.07,14.54,26.39
43.54,14.04,25.48
42.27,14.27,24.56
41.56,12.75,25.96
40.69,12.12,24.67
39.22,13.81,23.34
37.25,14.18,22.36
35.73,13.36,25.52
33.53,12.65,24.6
31.32,12.02,23.39
30.43,11.15,25.59
29.24,12.92,22.68
28.76,15.36,21.39
28.27,14.87,20.71
27.9,14.11,22.93
27.72,13.62,23.42
28.02,13.18,24.84
28.06,12.23,25.2
28.1,11.96,24.62
29.93,10.46,32.51
31.99,9.75,30.32
31.25,16.93,25.89
29.07,22.33,22.99
26.88,21.61,22.25
24.84,20.13,25.01
23.83,19.04,24.88
24.15,17.63,26.93
24.47,16.69,25.5
24.66,15.68,27.02
24.31,16.25,25.16
23.37,16.57,23.61
21.46,19.06,22.3
19.54,18.11,21.2
15.99,19.84,19.25
12.43,18.26,17.71
12.05,16.85,23.06
13.05,16.27,22.28
14.75,15.15,25.35
16.04,14.23,25.83
17.56,13.27,27.22
18.68,12.42,26.78
21.61,9.27,39.28
24.46,7.93,39.43
27.67,7.51,37.35
31.57,6.65,40.94
36.15,6.03,37.15
40.74,5.72,35.18
46.36,4.71,42.79
51.98,4.45,40.47
55.7,7.36,38.09
59.52,6.91,37.93
62.67,6.57,36.03
65.79,5.72,36.14
68.07,6.86,33.98
70.33,6.61,35.07
70.03,8.83,32.78
69.18,8.95,30.57
68.34,8.54,29.15
67.55,7.91,32.59
67.42,6.89,39.37
67.51,6.23,40.49
65.48,11.68,36.8
63.45,11.2,35.27
60.89,16.8,32.34
57.72,18.52,30.79
52.98,25.37,26.81
47.99,23.9,25.25
43.41,22.83,23.96
38.82,21.85,23.67
35.71,20.12,26.69
33.43,18.7,29.66
30.71,19.14,26.8
27.55,18.07,25.29
23.84,17.11,24.83
18.93,24.47,22.33
16.45,28.27,20.04
14.18,28.61,19.06
12.8,27.01,21.1
12.03,26.69,20.07
13.37,28.18,18.22
15.14,29.55,16.79
17.43,32.06,15.6
19.47,30.46,15.53
20.17,27.51,16.92
21.73,35.23,13.51
23.72,33.06,12.67
25.98,33.62,11.75
27.11,30.46,14.93
28.88,28.18,15.39
29.84,27.78,14.79
30.89,28.73,13.93
33.09,32.16,12.76
35.33,32.12,12.03
37.17,30.84,11.06
38.57,29.35,10.53
39.13,28.21,11.42
40.19,30.17,10.79
41.09,28.3,13.2
40.12,26.83,14.13
39.26,26.23,13.34
38.15,25.12,12.77
37.14,23.25,15.48
37.41,26.48,13.28
38.6,32.57,11.69
39.49,30.9,11.09
38.98,28.98,13.64
38.3,27.6,12.99
35.87,23.69,18.14
33.14,22.21,18.54
30.76,21.1,17.62
27.81,19.39,21.85
25.63,18.52,20.87
24.0,17.49,20.55
23.18,15.83,24.34
22.24,15.41,22.81
21.43,18.11,21.57
19.68,17.29,20.59
16.35,18.65,18.45
13.68,17.51,21.31
11.81,16.73,20.35
9.72,21.76,19.01
9.69,23.16,17.9
10.42,24.79,16.8
10.18,23.11,20.63
10.43,22.7,18.78
10.93,23.24,17.89
11.55,23.44,16.74
11.56,23.92,15.5
11.7,22.82,14.79
12.07,21.42,16.19
12.63,21.84,15.62
13.27,20.78,17.18
12.83,19.39,20.83
12.9,18.23,22.63
13.19,17.29,21.46
12.3,19.87,20.02
11.3,21.18,19.07
11.41,20.99,18.17
11.22,19.33,22.15
10.31,20.02,20.16
9.15,18.72,18.85
7.73,18.12,17.59
7.92,15.85,25.84
9.73,13.96,32.07
11.5,12.91,31.16
13.99,11.94,30.89
17.02,11.23,30.33
19.53,10.81,29.22
21.13,13.85,27.58
23.67,13.26,28.1
25.97,12.61,27.75
26.61,16.82,23.3
27.28,16.14,22.36
27.41,21.23,20.32
27.54,20.53,19.64
28.1,19.09,23.02
27.38,17.78,23.5
25.59,17.06,22.75
23.08,18.95,21.44
19.97,20.67,20.4
16.73,19.88,19.63
14.0,21.56,18.43
12.19,20.65,17.65
9.77,19.18,19.94
7.54,17.87,20.24
7.05,16.68,20.09
6.07,18.34,19.26
6.82,17.05,22.01
8.84,15.34,28.81
10.46,14.16,27.49
11.76,13.33,25.88
12.29,15.27,23.8
13.1,16.05,22.84
13.41,18.77,20.72
13.39,19.58,19.43
13.42,21.51,18.24
13.45,20.28,17.19
14.05,19.92,16.18
14.28,18.89,15.6
13.91,17.78,16.39
14.23,17.69,15.41
16.36,31.2,12.59
17.61,32.54,11.41
18.94,32.82,10.78
20.41,32.29,10.01
23.9,45.63,7.83
27.7,42.7,7.33
32.11,40.6,8.13
36.91,39.48,7.65
41.19,37.95,7.16
45.81,40.75,6.38
49.98,38.4,7.14
53.77,36.62,8.4
58.17,37.49,7.77
62.55,38.31,7.27
64.44,36.87,6.75
65.94,35.67,6.53
65.1,31.84,14.05
64.11,29.59,13.06
61.82,28.12,12.41
59.62,27.54,11.85
57.99,27.86,10.88
57.56,38.17,9.11
57.25,37.98,8.37
56.6,36.48,8.04
54.39,32.36,14.65
52.61,30.87,13.97
49.81,28.49,16.54
46.02,26.61,19.62
42.36,26.79,18.72
39.3,29.92,17.47
38.5,29.25,16.62
38.01,29.96,15.47
37.93,30.93,14.01
36.9,28.54,16.94
35.59,26.68,15.84
33.36,28.21,15.11
30.96,27.07,14.5
28.3,25.81,14.97
27.5,24.68,14.31
26.32,23.67,15.4
24.59,21.12,20.17
23.67,19.05,19.91
22.56,18.18,19.0
21.4,17.05,20.86
19.71,20.31,18.81
17.71,19.49,18.05
15.54,18.13,21.01
14.59,17.14,21.89
13.07,19.25,20.92
11.89,24.92,18.87
11.74,29.69,16.66
10.07,25.92,24.3
8.45,23.52,25.44
7.22,22.69,24.54
7.13,23.28,23.71
7.26,24.7,22.73
7.42,23.44,25.58
7.43,21.74,26.68
7.67,22.03,25.5
8.07,21.08,25.43
7.74,24.39,23.08
7.06,23.54,22.28
7.35,24.78,21.02
6.57,23.08,21.82
4.74,21.71,22.85
4.75,20.62,22.04
5.28,19.23,24.17
7.39,16.53,33.11
9.72,15.67,31.51
10.85,19.19,28.8
12.43,17.27,29.67
13.84,16.12,29.93
14.53,18.53,26.07
15.07,16.69,23.48
14.97,19.85,19.32
14.87,18.75,18.25
14.68,17.71,19.79
14.94,16.64,18.95
15.12,16.23,17.94
16.21,15.21,22.18
16.5,15.28,20.84
14.78,16.64,20.1
12.84,17.04,19.39
11.52,18.08,18.6
9.88,18.92,17.63
7.84,18.21,18.73
7.7,23.01,17.02
7.82,23.66,16.26
8.82,22.28,16.33
10.19,23.09,15.22
11.26,21.8,14.37
11.86,20.98,15.55
12.09,18.92,22.33
11.35,18.15,21.41
11.45,16.47,23.12
11.31,18.64,21.64
12.62,16.14,26.81
15.42,13.88,32.77
18.19,13.05,32.21
21.04,12.76,30.8
23.33,11.78,32.64
25.36,11.19,31.02
27.11,12.61,29.29
27.43,16.35,27.31
28.27,14.74,28.75
29.63,14.03,28.46
31.94,12.54,29.7
33.79,13.91,28.31
34.62,14.91,26.72
36.64,13.53,28.58
37.65,12.75,29.07
37.26,13.2,27.36
36.16,14.71,25.59
35.38,13.6,25.5
34.92,11.96,28.27
33.83,13.82,26.67
33.87,12.49,29.39
35.39,11.35,30.91
37.01,10.08,34.72
38.74,9.29,35.08
40.0,8.58,32.57
41.8,8.09,31.64
44.85,6.82,40.32
47.37,6.32,37.35
49.27,7.16,34.37
51.45,6.82,32.76
54.24,6.52,31.85
55.71,9.57,29.56
56.43,9.3,28.36
56.44,13.47,26.1
56.31,12.05,27.11
56.56,10.88,32.43
56.18,10.05,29.96
55.58,9.55,28.49
53.87,13.14,26.89
52.11,12.42,25.58
49.14,13.23,24.31
46.22,12.58,23.44
43.7,11.97,22.36
40.78,12.9,21.37
36.25,17.91,18.85
32.99,16.98,18.9
30.07,21.26,17.46
28.62,20.45,16.2
26.47,19.17,16.23
23.04,18.35,17.68
20.15,17.23,20.75
16.75,19.92,19.06
14.89,20.87,17.68
13.01,19.87,16.83
11.25,18.74,20.68
9.81,17.51,21.35
9.04,16.03,23.79
8.22,16.89,22.07
9.13,15.94,21.66
9.37,17.27,20.57
8.88,17.98,19.09
8.17,17.82,18.39
8.38,16.96,21.28
9.38,16.07,22.15
10.1,14.91,22.04
12.31,13.57,27.0
15.7,10.99,38.81
19.1,10.14,35.83
23.14,9.16,38.29
25.87,12.52,35.72
28.05,11.4,34.25
29.6,15.62,32.46
30.95,15.03,30.57
32.42,15.77,28.87
33.69,17.73,27.04
33.85,25.62,23.73
34.14,28.94,21.27
34.09,27.33,20.09
33.53,25.79,20.49
31.99,24.78,19.69
28.22,22.9,21.54
24.38,21.44,20.52
20.67,19.59,23.66
18.53,17.97,25.99
17.67,15.44,34.32
17.88,13.98,31.08
19.56,10.56,39.33
21.59,9.88,36.8
23.65,11.51,34.21
27.45,9.84,35.96
30.43,8.87,32.43
33.76,8.01,34.07
37.23,7.97,31.88
39.79,10.15,28.38
42.8,10.05,26.67
46.08,9.39,26.75
49.13,8.58,27.29
51.55,8.12,25.81
51.84,9.84,24.08
52.13,9.31,22.78
51.01,8.91,21.82
50.95,7.9,28.73
51.53,7.16,26.74
51.59,6.65,24.84
51.73,6.22,24.19
48.52,15.36,21.6
45.44,14.57,20.49
42.57,16.79,19.38
39.85,16.15,18.64
37.33,15.32,19.79
34.51,14.74,19.04
31.62,14.52,18.37
31.08,12.91,26.42
30.9,12.15,28.07
29.71,14.97,25.09
27.45,13.96,23.4
26.97,11.55,35.67
26.8,10.28,35.75
25.24,14.09,30.77
25.0,20.61,27.08
23.8,24.81,24.78
23.41,23.91,23.08
23.42,24.88,21.48
22.81,23.25,21.41
22.19,21.83,20.11
21.65,20.56,18.95
19.49,19.84,18.28
16.78,18.85,18.23
16.46,23.49,15.41
16.73,26.23,14.41
15.16,25.36,13.94
13.16,24.61,14.02
12.71,25.35,13.38
13.65,23.72,13.73
15.58,22.69,13.02
17.39,21.95,12.6
18.56,20.89,12.88
19.79,20.01,12.95
21.32,20.85,12.38
23.16,21.46,11.61
24.99,20.72,11.21
27.92,25.26,10.13
29.13,24.15,10.95
28.8,22.51,13.67
28.0,20.87,14.55
27.31,20.35,14.18
25.17,18.92,19.24
23.42,17.55,18.34
21.9,16.53,18.57
20.58,20.25,17.03
19.51,19.27,16.2
18.92,19.99,15.32
18.3,19.86,14.14
16.47,18.12,19.63
14.99,17.08,20.53
12.6,16.18,19.44
10.74,15.28,19.28
9.21,17.03,18.09
8.15,18.18,17.09
7.27,17.96,16.07
7.89,18.14,14.99
8.9,19.84,14.26
9.43,19.16,14.7
10.81,23.89,13.44
12.73,26.68,12.7
14.13,25.43,12.87
15.33,24.84,12.32
18.11,27.94,11.16
20.17,25.23,11.32
22.96,30.18,10.55
25.85,31.41,9.92
28.88,30.47,11.43
32.01,30.37,10.96
34.79,29.25,11.25
36.76,27.89,12.77
38.27,26.75,12.19
40.5,29.06,11.18
40.46,26.57,15.14
40.92,33.4,13.66
41.57,31.47,12.87
41.51,29.29,14.81
39.86,26.85,17.99
38.02,25.06,19.55
35.05,23.38,20.5
31.74,21.82,19.49
28.66,19.51,20.45
26.0,18.27,22.23
24.11,16.64,23.92
23.5,14.92,26.91
23.18,13.81,27.35
21.6,15.4,24.24
21.59,14.21,24.87
21.59,12.1,29.54
21.73,11.08,28.5
22.35,10.74,25.97
23.23,12.19,23.74
24.65,11.57,22.53
27.03,10.7,24.91
29.84,9.87,26.07
32.82,9.45,24.27
34.5,10.91,21.85
35.61,10.28,20.59
35.82,10.22,19.66
35.06,11.99,18.89
34.51,13.16,17.63
32.71,15.61,16.31
30.93,14.19,19.97
30.65,12.3,28.7
31.0,11.35,30.97
30.87,14.76,27.64
30.75,13.96,26.14
28.72,19.04,24.01
26.12,18.68,22.24
24.4,16.82,25.12
23.77,15.26,25.21
22.8,15.72,23.54
22.19,14.53,23.22
21.76,15.55,21.57
21.56,16.22,20.54
22.24,15.69,19.86
22.55,14.74,22.71
21.47,13.9,23.14
19.05,17.15,22.04
17.04,21.35,20.42
15.66,23.59,18.91
16.15,25.32,17.45
17.17,26.25,16.42
17.4,24.99,15.63
17.53,25.53,14.85
17.76,23.99,14.99
17.76,22.93,14.33
18.75,25.1,13.49
19.97,23.65,13.1
19.65,21.12,18.25
18.26,19.71,18.98
17.77,24.64,17.12
18.42,24.93,16.07
19.48,23.35,16.55
19.4,21.78,17.87
18.79,20.74,17.02
18.15,21.0,15.83
17.51,20.33,15.33
15.79,19.16,18.27
14.31,18.17,17.32
12.83,17.35,16.54
11.24,16.14,18.89
11.86,32.8,14.97
14.17,32.41,13.99
17.12,32.97,13.1
18.45,31.24,14.5
19.51,29.72,13.81
20.91,28.84,13.4
22.69,27.8,13.43
24.51,27.25,13.02
26.43,29.21,12.24
28.97,32.32,10.87
32.35,30.36,10.21
34.3,27.79,15.07
35.3,25.81,18.57
35.9,24.68,17.75
34.81,25.41,16.21
33.72,25.09,15.26
32.38,23.94,14.56
32.34,27.96,13.15
32.35,26.42,12.23
30.85,24.16,17.67
29.15,22.9,18.33
28.02,25.37,17.09
26.87,26.37,15.85
25.15,25.6,15.21
22.4,23.95,19.13
20.84,22.58,19.33
21.55,29.49,17.17
22.27,27.48,16.0
21.8,25.19,18.46
21.09,23.71,17.73
21.04,26.93,16.63
20.22,25.65,15.55
20.05,28.24,13.79
21.47,26.3,12.53
23.08,24.48,12.16
24.29,24.32,11.33
25.77,27.42,10.24
27.21,26.43,9.87
30.02,27.47,9.0
33.57,30.3,8.2
35.81,29.26,7.82
37.4,27.5,9.5
39.96,27.63,8.91
42.72,27.26,8.34
44.72,26.17,8.34
46.67,25.47,8.1
47.39,23.96,9.22
48.03,23.14,8.9
46.96,21.09,14.44
45.7,20.12,13.77
43.03,18.63,15.8
40.36,17.95,15.23
37.2,17.29,15.18
34.95,14.91,25.26
33.18,13.49,26.84
32.1,12.87,25.82
30.08,15.1,24.09
27.4,16.38,22.51
25.67,14.36,25.2
24.18,13.59,25.72
22.7,14.92,24.2
20.82,15.63,22.53
20.72,14.77,20.95
20.91,14.07,21.71
21.54,14.55,20.54
23.2,13.24,25.43
25.13,12.47,25.05
24.08,17.9,22.33
22.18,18.5,21.09
20.26,17.93,20.44
19.83,15.93,22.47
19.92,14.81,20.89
19.18,14.07,19.84
17.19,17.77,18.83
16.26,16.73,20.74
15.73,15.81,19.6
16.57,13.89,25.28
17.35,13.23,25.81
18.56,12.6,25.59
18.42,13.31,24.51
19.54,11.07,32.46
22.4,10.45,32.23
25.75,9.83,32.4
29.2,9.15,31.36
32.05,8.56,31.19
33.34,13.56,28.25
34.0,14.97,25.63
35.67,13.98,23.93
37.46,12.77,26.94
38.96,12.83,24.77
39.21,12.01,23.59
39.3,11.15,22.42
38.84,11.88,20.91
39.77,10.69,26.6
38.88,11.61,25.06
37.23,13.26,23.54
35.29,13.27,22.75
33.64,12.47,24.0
30.54,16.59,21.81
29.46,15.06,22.58
29.24,14.55,23.38
29.82,13.38,27.4
29.73,12.64,25.88
30.22,11.57,26.14
30.66,11.0,24.85
29.04,17.97,22.39
27.47,18.78,20.98
25.76,17.18,25.09
24.69,16.28,25.31
23.7,17.74,23.58
22.51,17.93,21.76
20.27,20.18,20.12
19.76,21.28,18.7
18.79,20.09,17.65
17.84,20.2,16.55
15.87,19.11,16.67
13.44,18.3,18.19
11.08,17.51,19.62
8.96,16.58,19.82
8.2,18.46,18.32
8.61,21.54,17.21
8.58,23.63,16.33
7.59,21.55,18.41
7.14,20.49,17.5
6.9,19.63,17.31
7.06,18.63,19.55
6.89,20.16,18.56
7.12,21.52,17.72
7.27,21.57,16.93
9.73,32.51,13.54
12.65,30.98,12.9
15.42,31.63,12.13
17.97,30.46,11.69
20.68,29.23,13.05
23.01,31.1,12.14
24.77,29.51,11.78
27.39,29.53,11.35
29.56,28.08,12.55
31.66,26.94,12.75
34.75,30.91,11.53
37.72,29.56,11.03
40.08,28.02,11.24
42.41,27.45,10.48
42.85,26.67,9.54
41.55,24.21,15.17
40.22,23.62,13.86
39.09,23.4,12.98
37.61,22.15,15.5
35.98,22.32,14.59
34.84,24.1,13.86
33.83,24.54,13.11
34.52,31.81,11.23
35.66,32.12,10.22
36.55,35.35,9.37
37.43,33.1,8.77
38.31,31.61,9.19
39.14,31.4,8.74
39.8,30.29,8.43
40.7,27.88,13.25
41.38,26.64,12.66
42.1,27.2,12.03
43.81,27.81,11.46
45.6,29.01,10.72
46.57,27.43,11.6
47.3,26.09,11.03
46.92,26.4,10.64
45.95,25.39,11.38
45.64,32.83,9.89
44.21,28.01,12.55
41.9,25.51,16.13
37.97,22.3,23.0
35.07,19.9,27.4
34.04,18.41,28.25
33.37,16.96,29.0
32.93,15.43,30.29
32.28,14.37,28.21
31.17,14.33,26.97
30.88,13.5,29.01
30.59,12.86,27.65
29.45,15.25,26.25
27.99,17.14,24.53
27.65,13.1,38.17
28.42,12.29,35.82
29.69,14.3,33.6
32.45,13.77,32.34
34.34,12.88,31.74
35.85,12.3,30.32
37.77,10.78,35.04
37.22,18.99,31.52
36.41,19.28,29.68
36.31,17.49,31.95
35.76,16.43,29.64
35.2,15.61,28.17
35.97,14.24,31.22
37.14,13.79,28.04
36.08,12.96,26.36
35.17,12.38,26.39
34.64,12.92,25.63
32.52,26.38,21.33
30.57,27.12,20.07
28.61,26.14,19.35
26.26,27.41,18.26
26.32,28.37,16.81
25.15,23.48,25.93
24.03,21.66,28.39
22.75,20.73,25.72
20.98,21.23,22.99
18.4,20.34,20.84
16.06,19.39,19.87
13.97,18.36,20.25
12.12,17.14,21.03
11.11,15.64,22.86
11.51,15.62,21.67
11.3,15.82,20.1
11.08,15.09,19.18
11.15,14.18,21.72
10.07,16.18,19.95
9.83,18.1,18.68
9.02,17.98,17.19
8.42,17.03,16.28
8.39,16.55,15.4
9.41,19.64,14.34
11.25,22.98,13.24
13.05,23.32,12.5
14.49,22.23,11.91
14.47,20.4,14.01
14.74,19.91,13.27
15.16,19.06,13.31
14.69,18.01,16.18
14.5,21.47,14.82
15.29,21.4,13.82
16.33,20.34,14.72
16.82,18.94,15.78
17.05,18.08,16.2
16.87,17.24,16.83
16.12,17.71,16.03
14.97,18.92,15.21
13.53,18.04,14.76
11.77,17.45,15.59
11.76,15.73,22.78
11.83,14.86,22.78
12.96,13.53,27.25
16.36,11.23,36.52
18.84,10.6,34.47
21.08,10.28,33.42
24.06,9.45,35.3
27.54,8.98,33.55
31.71,8.02,36.4
35.28,10.22,31.63
39.41,8.38,36.8
43.14,7.81,34.46
46.52,8.9,32.74
49.95,9.31,30.92
52.99,8.22,33.79
54.7,11.71,30.86
55.73,11.07,31.53
54.77,12.88,29.72
53.26,14.73,28.48
51.87,13.88,27.89
49.79,14.74,26.53
47.79,14.18,26.19
44.33,17.2,23.51
41.79,16.15,22.08
38.63,15.31,22.33
35.98,14.34,24.38
33.39,14.81,22.69
31.57,13.36,23.86
29.55,12.16,23.89
27.33,16.6,22.0
24.57,17.01,20.54
22.24,17.01,19.54
20.14,19.13,18.23
18.39,17.97,21.52
16.99,17.33,20.76
16.07,16.18,22.73
15.52,18.25,21.39
14.98,17.46,20.45
14.74,16.57,22.55
13.5,17.46,20.76
13.24,26.03,18.36
12.93,27.73,17.02
12.31,26.68,16.38
12.82,25.15,16.41
13.58,24.29,16.14
14.14,23.4,17.42
14.74,22.26,17.91
15.11,22.77,17.13
17.02,31.18,14.73
18.49,30.4,13.85
20.15,28.47,14.95
22.39,30.29,13.19
24.11,28.05,12.22
25.57,26.53,14.59
26.41,25.54,14.05
26.32,23.79,15.01
25.39,22.21,17.8
25.15,23.74,16.6
24.98,22.56,15.78
25.7,24.46,14.76
26.69,23.3,14.06
26.78,22.1,16.21
25.77,22.99,14.79
24.77,22.62,14.03
23.54,21.08,15.93
21.73,19.96,15.08
20.29,21.41,14.5
20.61,26.04,12.98
18.94,21.23,23.79
17.73,20.57,23.05
16.96,21.74,21.66
16.83,19.64,27.07
16.58,19.55,25.97
14.87,24.56,24.17
13.16,23.34,22.97
12.64,24.58,20.91
11.67,23.19,19.73
10.37,22.26,20.04
9.58,21.15,22.43
9.15,19.78,23.14
7.91,20.96,21.77
5.62,19.85,20.44
5.56,18.83,20.74
5.99,23.53,18.63
7.09,23.7,17.26
7.08,22.24,16.2
7.24,21.55,15.49
8.14,20.22,15.43
9.29,20.04,14.23
10.24,20.77,13.47
11.2,20.0,12.93
12.98,21.72,11.65
14.93,20.66,11.08
16.18,19.65,11.7
17.85,18.74,11.16
19.46,17.89,10.97
23.15,30.2,8.4
26.5,29.34,7.68
28.35,27.6,11.38
29.53,25.69,13.18
30.16,24.36,14.53
31.45,26.04,13.59
33.16,29.88,12.54
34.92,30.53,11.27
35.85,29.06,14.19
36.48,30.19,13.25
37.26,29.27,12.2
38.39,27.13,11.32
38.23,24.88,15.51
36.74,22.23,23.62
33.33,20.77,24.77
30.24,19.5,26.49
28.57,18.11,26.24
27.59,17.1,24.79
27.31,16.23,25.06
27.46,14.6,29.36
26.95,13.81,27.85
26.53,12.73,29.85
25.94,14.93,25.48
25.31,13.75,25.65
24.53,13.19,24.56
23.09,15.08,23.08
21.92,18.53,21.3
22.78,16.78,22.72
23.23,15.7,21.26
23.2,15.19,20.46
22.82,15.04,19.57
22.58,14.49,19.6
23.34,12.95,25.11
23.22,12.03,23.32
21.57,17.07,21.15
19.46,16.36,20.27
18.17,16.39,19.27
16.93,15.09,19.54
16.3,13.96,21.47
18.21,11.45,32.38
21.12,10.48,29.64
23.46,10.06,28.45
24.34,14.92,26.17
25.14,14.43,24.56
25.67,14.94,22.67
26.63,13.87,24.85
27.07,12.58,28.09
27.59,11.56,26.46
29.1,12.92,24.95
30.61,12.29,23.74
31.56,14.52,22.43
32.78,12.98,24.04
33.72,12.22,25.0
32.3,13.31,23.62
32.57,10.71,33.47
32.84,10.18,31.8
34.79,9.44,32.2
36.83,9.05,30.87
38.9,10.01,29.64
40.67,9.34,30.46
39.13,17.63,24.68
36.73,20.15,22.52
34.85,19.35,21.62
33.28,18.4,22.35
32.42,23.84,19.76
31.13,23.79,18.72
29.53,22.77,17.92
28.1,21.62,18.48
25.01,21.16,17.92
22.65,23.51,16.2
19.56,22.29,17.72
16.73,23.09,17.06
14.52,24.0,16.49
12.48,25.09,15.22
12.72,23.34,15.55
14.01,22.88,14.12
15.78,23.82,12.77
16.82,22.61,13.78
17.26,21.51,15.73
16.8,20.22,18.1
16.35,19.27,17.25
15.94,17.92,18.69
15.53,16.84,17.73
14.62,15.84,17.77
13.82,16.42,16.48
14.89,13.59,25.27
15.76,12.99,24.52
16.78,11.43,25.84
18.49,10.29,26.47
19.73,10.4,24.86
20.56,10.0,24.38
22.27,9.4,26.95
25.3,8.45,31.68
29.04,7.9,29.61
31.12,13.09,27.02
33.23,13.09,25.19
35.31,12.62,24.29
36.77,13.39,22.92
39.03,12.2,23.55
38.89,12.1,21.56
38.7,11.43,20.37
36.92,14.42,19.05
34.76,13.93,18.39
32.93,13.36,18.19
31.63,12.54,20.32
30.54,11.74,23.29
28.76,11.05,21.91
27.61,9.96,24.29
28.29,9.43,24.39
29.69,8.65,26.82
31.37,8.05,27.89
30.48,17.7,23.35
28.47,20.46,21.95
26.71,19.48,20.9
25.48,23.52,18.9
25.4,22.06,17.09
25.32,21.03,16.29
25.09,20.25,15.87
23.95,19.18,16.43
21.86,18.33,17.04
19.96,17.41,19.79
17.99,16.01,21.33
16.61,14.83,24.67
15.29,13.18,26.0
13.65,12.16,23.72
15.01,11.45,22.67
17.11,10.9,21.59
19.52,10.23,22.37
20.68,12.24,21.39
21.35,13.09,20.52
22.03,12.6,19.76
21.74,19.73,16.77
21.77,18.79,15.96
22.56,17.15,23.02
23.19,16.17,21.98
22.68,17.9,20.64
21.27,20.5,18.49
19.3,19.68,17.75
17.32,18.09,19.82
15.14,19.52,18.64
13.11,18.5,20.24
10.55,19.98,19.43
9.19,21.53,18.29
8.19,20.47,17.39
6.9,19.57,18.06
6.42,18.89,19.45
6.61,18.0,22.36
7.08,28.19,18.31
8.41,32.35,16.02
10.31,31.19,15.45
11.85,29.82,17.23
13.3,28.57,17.02
14.78,27.72,16.51
15.33,25.9,21.18
15.1,24.04,24.68
15.22,22.97,24.39
14.75,23.69,22.92
14.57,22.35,24.94
14.39,23.16,23.87
14.42,23.47,22.58
13.85,22.32,23.62
14.53,18.12,34.18
14.31,16.9,31.86
13.46,18.74,29.28
12.13,22.42,26.39
10.91,21.71,25.56
9.4,22.61,24.6
8.91,22.12,23.55
9.22,23.76,21.23
9.23,20.26,21.62
9.34,18.26,19.48
9.18,16.69,17.8
9.89,15.72,19.75
10.29,15.98,18.57
10.73,15.23,18.28
8.93,18.87,16.94
7.73,20.79,15.72
7.15,19.72,14.91
6.89,18.19,16.61
6.61,17.18,18.7
7.54,15.94,22.57
9.09,14.74,24.47
10.25,14.31,22.3
13.2,11.75,30.64
16.4,10.81,30.83
19.94,9.66,31.22
22.06,11.99,28.74
24.58,11.45,28.53
26.52,12.72,27.18
29.03,11.93,28.19
31.05,11.15,27.48
32.64,12.38,26.41
34.57,13.09,25.16
36.19,13.65,23.65
36.53,14.29,22.37
35.8,15.22,20.44
36.22,13.95,24.57
36.17,12.05,30.97
37.05,10.0,40.36
37.59,9.05,36.52
38.96,8.66,34.96
40.21,8.36,33.76
41.21,10.74,32.41
42.07,10.07,32.38
43.39,8.86,36.3
45.18,7.88,32.74
47.15,7.95,31.03
49.47,7.61,29.7
52.41,7.04,31.21
56.14,6.2,31.2
57.78,9.55,29.15
58.36,8.83,27.99
57.86,8.62,28.33
56.46,11.34,26.93
54.75,12.1,25.84
52.34,14.15,24.45
51.28,13.14,27.51
50.32,12.26,27.96
47.97,14.46,25.65
45.61,13.3,23.72
43.64,12.31,23.74
41.0,14.41,22.63
37.95,14.43,21.84
35.34,31.75,16.97
34.03,30.3,15.49
32.63,28.58,14.62
31.23,28.32,13.99
30.54,27.03,14.23
31.29,33.78,12.26
33.11,35.93,11.3
34.37,34.07,10.46
35.48,33.26,9.78
37.38,32.28,9.5
39.76,36.37,8.7
42.01,36.79,8.29
45.47,42.07,7.25
48.69,38.18,7.94
51.79,42.06,6.35
53.95,38.9,8.95
55.8,35.96,9.5
57.58,34.64,9.0
59.8,35.94,8.4
60.99,35.56,7.94
61.95,34.68,7.22
62.85,33.4,6.95
63.0,32.06,8.88
63.35,32.87,8.37
63.35,32.8,7.84
62.97,30.86,8.21
62.07,29.36,7.81
61.92,32.53,7.28
61.18,31.02,6.94
59.25,28.0,13.31
57.63,26.74,12.71
55.62,25.12,13.35
53.99,27.45,11.95
52.33,26.78,11.42
50.13,24.9,12.07
48.64,28.76,11.0
47.8,26.92,10.23
46.76,26.01,9.89
44.94,24.75,11.69
43.36,23.79,11.24
41.75,22.92,10.93
38.85,20.8,13.06
35.65,19.74,13.53
34.94,21.45,12.71
34.37,21.2,12.03
35.4,28.13,10.69
35.8,26.52,10.07
35.68,25.14,11.16
36.18,25.65,10.54
36.38,27.27,9.7
35.78,26.21,12.19
34.34,24.57,14.83
33.09,22.92,15.81
31.72,21.64,15.45
30.04,20.6,16.25
29.64,21.92,15.44
29.05,20.46,16.62
28.66,23.35,15.5
28.13,22.29,14.8
25.43,20.84,18.07
23.42,18.44,25.86
21.86,17.5,24.54
19.54,18.98,22.86
16.81,18.04,21.74
14.86,23.48,19.55
14.24,25.32,18.3
15.91,36.51,15.01
18.38,40.25,12.97
21.4,39.69,11.84
24.02,37.48,11.18
27.35,38.8,10.63
29.6,36.97,11.78
32.1,38.44,11.09
35.3,36.46,11.54
38.07,38.17,10.9
40.88,36.71,10.33
43.02,33.9,14.79
45.26,32.45,13.73
47.67,32.66,13.04
49.9,32.81,11.72
50.3,31.66,11.31
50.19,32.1,10.77
49.54,30.41,11.55
49.26,32.5,10.79
49.56,37.49,9.03
50.33,35.9,8.31
50.85,34.3,7.94
48.54,29.46,19.81
45.8,27.4,19.33
43.6,29.78,17.74
42.61,27.91,16.63
42.05,30.0,15.2
41.71,30.0,13.43
40.65,28.08,14.29
39.78,27.79,13.32
39.13,29.95,12.65
39.14,30.14,11.43
39.02,30.17,10.44
38.12,28.67,9.93
37.71,33.16,9.16
37.33,30.89,8.44
39.25,28.8,10.55
40.71,26.56,12.01
41.59,25.19,11.39
42.12,23.92,12.12
41.01,22.08,15.61
38.64,20.41,18.5
37.06,21.1,17.1
35.29,20.21,16.38
33.92,23.46,15.21
32.33,23.41,14.72
29.52,21.04,17.5
26.71,20.09,16.7
23.81,22.07,15.92
21.23,22.88,14.99
20.32,27.49,13.61
