high,low,open,close,volume
8739.01,8613.56,8620,8707.51,30048334.63
8762.04,8657.85,8707.51,8662.61,19789676.94
8730,8644.32,8662.61,8726.36,15907238.22
8738,8665.26,8726.36,8675.35,17723267.93
8799.71,8674.01,8675.35,8791.59,22764778.17
8835.7,8755.36,8791.59,8815.42,26892393.31
8815.42,8745.93,8815.42,8756.9,17602896.84
8780,8703.03,8756.9,8767.18,30508597.45
8798.91,8745.01,8767.18,8794.02,16920391.78
8860,8770,8794.02,8845.52,31177408.2
8900,8815.82,8845.52,8900,37428615.35
9059.18,8868,8900,8995.66,87399405.63
9022,8815,8995.66,8878.53,92615020.32
8925,8772.05,8878.53,8792.2,55365725.8
8840.31,8716.28,8792.2,8823.17,51337021.58
8858.68,8725,8823.17,8726.84,40306626.22
8765.13,8655.31,8726.84,8735.83,52874957.03
8768.85,8687.01,8735.83,8762.74,29599059.6
8780,8721,8762.74,8733.45,18993936.02
8772.71,8702,8733.45,8727.82,19592009.77
8748.69,8663.28,8727.82,8729.04,20970814.95
8849.99,8729.04,8729.04,8844.67,24450380.54
8870,8796.23,8844.67,8837.15,22016079.46
8893.43,8800.52,8837.15,8826.96,23355490.89
8843.64,8762,8826.96,8827.99,18929699.56
8829,8771.03,8827.99,8792.17,12919521.8
8838.54,8753,8792.17,8812.35,13743351.68
8856.4,8792.95,8812.35,8834.08,14978887.1
8856.76,8792,8834.08,8818.51,14871567.31
8832.18,8782.62,8818.51,8816.42,10210033.24
8846,8806.83,8816.42,8822.85,16258521.45
8830,8783.49,8822.85,8799.01,15947508.15
8819.14,8768,8799.01,8773.42,19958508.48
8822.95,8772.02,8773.42,8811.9,12030742.04
8846.62,8806.36,8811.9,8828.23,28568786.44
8887,8828.22,8828.23,8834,24701413.9
8940,8834,8834,8859.35,40309038.2
8909.74,8850.86,8859.35,8899.73,18372656.52
8950,8885.97,8899.73,8919.51,31420689.14
8967.62,8894,8919.51,8936.41,33335741.52
9010,8918.07,8936.41,8980.63,41848047.28
8999.98,8948,8980.63,8971.98,20906314.54
8972,8811,8971.98,8866.72,52964873.36
8880,8820,8866.72,8878.11,16291738.45
8930.93,8860,8878.11,8930.53,15073090.3
8939,8883.15,8930.53,8924.93,14047345
8939.99,8892.89,8924.93,8933.54,12615864.01
8985,8921.42,8933.54,8972.05,23534920.06
9150,8937,8972.05,9124.35,62960429.26
9200,9055,9124.35,9115.52,66442480.6
9146.62,9072.36,9115.52,9073.06,26140954.96
9160,9072.72,9073.06,9132.95,22593375.32
9150.23,9105.17,9132.95,9112.26,20419552.79
9130.56,9080,9112.26,9096.21,21904317.4
9098.43,8911.35,9096.21,9003,66556157.65
9031.35,8982,9003,8990.75,22545338.85
9049.19,8966.22,8990.75,9033.78,17745288.21
9122.44,9027,9033.78,9104.49,25969732.61
9140,8992,9104.49,9041.46,32075671.68
9098.17,9019.99,9041.46,9045.5,16560987.42
9094,8853,9045.5,8958.85,66014751.09
8960,8824.67,8958.85,8920.82,66694973.14
8921.83,8727,8920.82,8767.1,60043243.27
8843,8712,8767.1,8813,48231334.09
8881,8781.49,8813,8852.14,26297081.93
8887,8781.2,8852.14,8818.29,21024621.86
8869,8802,8818.29,8848.55,13415840.91
8906,8843.76,8848.55,8872.34,20332847.84
8883.97,8790,8872.34,8843.55,17797389.25
8908.61,8806,8843.55,8856,15057088.67
8955,8856,8856,8895.7,30601696.22
8921.76,8851.56,8895.7,8894.16,21001940.92
8936.1,8770,8894.16,8806.18,36162398.76
8836.42,8630.55,8806.18,8693.71,68479222.59
8780.41,8672.67,8693.71,8746.7,23947192.22
8768.75,8701,8746.7,8730.84,15381972.43
8741.99,8621,8730.84,8687.87,35239679.02
8695.95,8522,8687.87,8606.11,63981834.03
8650,8582.17,8606.11,8620.8,24739352.28
8669,8569.82,8620.8,8648.41,27722383.42
8716.8,8638.68,8648.41,8691.29,30924178.49
8696.88,8594.26,8691.29,8630.54,26197953.71
8680,8602,8630.54,8623.46,23162591.56
8697.65,8617.89,8623.46,8672.36,20903224.34
8748,8646.52,8672.36,8714.58,31814568.16
8836,8713.57,8714.58,8829.48,40152521
8860,8776.06,8829.48,8780.1,44337537.62
8849.19,8779.33,8780.1,8848,24895577.86
8887,8789,8848,8828.96,36374829.07
8848.13,8743.58,8828.96,8799.54,28271032.81
8873,8790,8799.54,8845.4,21102498.57
8881.8,8806,8845.4,8830.14,20981763.77
8926,8828.07,8830.14,8902.65,26876102.88
8942.38,8875.69,8902.65,8936.71,19834947.6
8950,8844.37,8936.71,8869.93,24825833.88
8904,8825,8869.93,8871.96,22034622.61
8928.35,8840.68,8871.96,8901.65,20623182.9
8902.99,8825.92,8901.65,8879.58,17246596.49
8886.63,8822,8879.58,8853.75,14694719.97
8874.87,8815,8853.75,8850,17650313.24
9085,8849.97,8850,9043.8,65228547.01
9118.58,8990,9043.8,9006.45,58692206.54
9049.96,8958,9006.45,9024.98,29344562.45
9068.95,8998,9024.98,9013.55,28136656.1
9040,8976.36,9013.55,9032.57,23431431.14
9085,8990.1,9032.57,9000.01,29399404.05
9001.11,8760,9000.01,8848.25,85567654.57
8890.95,8830,8848.25,8844.73,25532583.13
8884.22,8806.12,8844.73,8869.62,24553882.7
8950,8844.63,8869.62,8920,33067948.83
8924.99,8811,8920,8880.81,28803245.97
8882.99,8830,8880.81,8842.34,20020025.52
8892.2,8818.41,8842.34,8872.11,21174826.77
8933,8841.01,8872.11,8869.44,19475320.29
8910,8851.57,8869.44,8888.91,13092704.91
8938,8873.22,8888.91,8905,17078677.52
8964.16,8898.67,8905,8938.05,19063328.46
8999,8938.04,8938.05,8960.85,22596933.87
8982,8887,8960.85,8969.83,20840105.9
9044,8949.98,8969.83,9021.83,27768160.57
9038,8906.21,9021.83,8947.15,28591925.26
8992.64,8937,8947.15,8979.9,10050723.21
8980,8940.48,8979.9,8971.07,10530955.92
9069,8951.65,8971.07,8979.73,36523341.12
9048.8,8960.69,8979.73,8997.26,22234757.45
9039,8980.54,8997.26,9007.92,18353421.78
9044.13,9000,9007.92,9025.5,17202392.7
9050,8992.32,9025.5,9018.18,22651985.45
9097.98,8995.93,9018.18,9040.72,52405626.05
9092,9035,9040.72,9082.59,29569496.1
9287.99,9062,9082.59,9227.21,161859378.42
9349,9192.01,9227.21,9313,73801144.08
9380,9207.58,9313,9224.98,79862545.71
9273.15,9125,9224.98,9226.81,62142486.09
9249.23,9180,9226.81,9230,43219335.74
9292.92,9214.99,9230,9273.39,39656301
9315.23,9212,9273.39,9266.61,38248140.93
9284,9224.33,9266.61,9265.77,25394571.5
9265.77,9190.51,9265.77,9234.58,22921036.28
9284.86,9222,9234.58,9237.73,19184436.74
9251.33,9205.82,9237.73,9236.23,16683881.11
9287.82,9235.82,9236.23,9276.99,14456661.31
9375,9270,9276.99,9357.09,46593364.58
9395,9079,9357.09,9142.92,80655599.95
9208,9021,9142.92,9183.7,66526705.75
9244.6,9183.7,9183.7,9224.51,28546015.85
9374.93,9193.13,9224.51,9330.88,42257716.16
9350,9252.04,9330.88,9290.39,33563015.72
9323.51,9240.06,9290.39,9276.57,21754310.9
9312.23,9230.9,9276.57,9269,22307868.2
9304,9242,9269,9251.83,17066154.18
9315,9235.62,9251.83,9309.92,20505493.32
9340,9273.01,9309.92,9338.84,23113355.17
9338.84,9265.22,9338.84,9312.99,22320809.31
9323,9260.8,9312.99,9290.48,23420623.18
9310,9247.1,9290.48,9280.01,20765751.97
9374.93,9262,9280.01,9368.96,39651070.53
9590,9304,9368.96,9486.53,187787376.35
9537,9481.63,9486.53,9496.49,49105005.78
9567.37,9350,9496.49,9515.51,87267275.56
9634.74,9503.34,9515.51,9631.03,69855791.59
9887,9628.63,9631.03,9832.08,202358463.35
9855.11,9730.36,9832.08,9793.47,73761434.84
9950,9724.97,9793.47,9863.93,96019179.44
9895.02,9721.01,9863.93,9797.34,60465528.54
9890,9750.1,9797.34,9871.91,35073656.35
9930,9820.3,9871.91,9892.8,38365019.33
10067,9854.45,9892.8,9986.4,127925840.64
10035.96,9845.8,9986.4,10019.82,71070280.79
10024.96,9925,10019.82,9987.04,43040050.71
9991,9852,9987.04,9899.52,43009274.69
9947.6,9822.5,9899.52,9930.69,37478126.52
9933.94,9862.55,9930.69,9907.37,25062829.49
9919,9805,9907.37,9866.14,35525780.19
9869.18,9745.61,9866.14,9766.68,60049843.61
9827.83,9705,9766.68,9810.14,57502061.04
9900,9807.98,9810.14,9859.9,39187040.26
9873.54,9813.28,9859.9,9833.4,24552102.3
9964.99,9818.01,9833.4,9953.09,40621142.03
9953.09,9874,9953.09,9899.75,40484128.34
9925,9780,9899.75,9829.12,49584278.05
9895,9817,9829.12,9883.06,23190499.88
9986.45,9866.23,9883.06,9954.99,52645412.6
10006.98,9912,9954.99,9941.21,74646965.42
9995,9913.59,9941.21,9973.23,43048490.68
9979.94,9922.24,9973.23,9962.92,30958258.19
9978.1,9866.88,9962.92,9888.94,30506903.16
9963.93,9860.52,9888.94,9945.99,28192525.35
9985.58,9922.71,9945.99,9980,21656705.98
9998.48,9956,9980,9996,19417412.38
10000.52,9845,9996,9873.95,42435410.14
9920.36,9780,9873.95,9800.01,63140321.95
9886.33,9728.46,9800.01,9868.79,52641225.74
9914.25,9842.92,9868.79,9853.06,23248394.12
9874.29,9825.53,9853.06,9849.33,18598822.05
9890,9849.33,9849.33,9863.02,13839134.69
9878.99,9780.05,9863.02,9830.23,32387024.38
9840.16,9752,9830.23,9830.02,26934007.84
9835.77,9600,9830.02,9697.55,68163906.37
9741.13,9561,9697.55,9592.77,72626928.56
9699,9590.7,9592.77,9677.25,39926482.33
9718.97,9645.08,9677.25,9693.25,34619469.41
9694.7,9560,9693.25,9628.98,39758862.2
9659.51,9520,9628.98,9638.85,48577187.29
9693.74,9600.6,9638.85,9670.57,28587712.8
9718,9618.79,9670.57,9717.99,22717532.48
9719.22,9665,9717.99,9698.04,23716495.39
9700,9627.03,9698.04,9688.62,26525110.16
9777.48,9672,9688.62,9758.84,37616417.05
9795,9728,9758.84,9774.95,17572434.39
9786.35,9721,9774.95,9738.78,18583125.51
9771.5,9730,9738.78,9744.77,13360007.83
9773.09,9600,9744.77,9655.28,35914623.15
9666.58,9577.85,9655.28,9613.13,30000549.9
9677.99,9563,9613.13,9600.51,27267169.24
9634.45,9525,9600.51,9539.4,41818728.8
9574.83,8117,9539.4,8703.67,413986385.96
8775,8575.66,8703.67,8712.01,112138829.59
8717.75,8635.82,8712.01,8661.49,42574678.62
8673,8316,8661.49,8622.78,89739263.33
8624.96,8470.3,8622.78,8559.1,58700732.84
8657.32,8550.21,8559.1,8621.06,37442961.18
8631.54,8554.67,8621.06,8602.63,27609976.48
8835,8600,8602.63,8812.28,62975039.12
8900,8773.4,8812.28,8811.66,66546530.09
8850,8735.94,8811.66,8749.73,32562816.67
8836.56,8665.83,8749.73,8810.2,41411789.87
8815.25,8645,8810.2,8737.35,39748151.09
8775,8685,8737.35,8717.18,26355711.08
8817,8690.18,8717.18,8771,24631023.4
8789.76,8600.95,8771,8659.82,34946382.35
8716.45,8560,8659.82,8650.96,48614822.23
8686.87,8255,8650.96,8270,114353934.77
8548.44,8265.75,8270,8527.85,73263420.39
8569.69,8421.17,8527.85,8487.43,39466355.53
8564.78,8483.2,8487.43,8502.94,24599171.6
8784.66,8500.66,8502.94,8663.94,68461782.59
8783.13,8662.43,8663.94,8717.94,24490414.22
8799.08,8685,8717.94,8777.99,23599475.35
8837.28,8540.41,8777.99,8722.77,66776828.62
8805.14,8696,8722.77,8770.16,33401526.41
8775,8684.9,8770.16,8713.41,19257712.5
8761.18,8690,8713.41,8748.07,16420686.64
8768,8658.56,8748.07,8696.64,23873709.85
8710.76,8620,8696.64,8634.53,23158687.09
8702.39,8613.01,8634.53,8689.26,20812516.54
8732.23,8666.66,8689.26,8684.34,20659724.24
8706,8625,8684.34,8664.32,24935511.46
8685,8566.01,8664.32,8636.07,32312229.08
8638.43,8478,8636.07,8487.1,47502271.74
8885,8484.5,8487.1,8803.07,96834422.32
8990,8746,8803.07,8927.43,76794755.92
9168,8725.35,8927.43,8856.34,206428036.21
8968,8754,8856.34,8846.12,75207417.28
8942.72,8839.55,8846.12,8871.89,46998413.22
8956.01,8812.14,8871.89,8882.96,45002621.85
8924.48,8325,8882.96,8604.34,142091032.06
8672.83,8425.05,8604.34,8506.76,94230561.75
8660,8200,8506.76,8605.35,162222033.43
8780,8420.07,8605.35,8746.86,106925042.45
8807,8563.94,8746.86,8630.16,69505188.56
8700,8459.28,8630.16,8589.84,32980032.3
8647.35,8519.92,8589.84,8601.37,25188808.12
8640.31,8500,8601.37,8561.52,25649879.75
8678.55,8528.78,8561.52,8611.33,27410029.88
8644,8563.87,8611.33,8619.5,20457864.12
8685.71,8592,8619.5,8637.51,21634718.26
8742.43,8632.51,8637.51,8716.07,27461493.03
8750.01,8664.28,8716.07,8702.57,23685669.73
8785,8702.13,8702.57,8730.75,23250893.28
8764.01,8652.46,8730.75,8704.75,24032357.57
8719.96,8614.98,8704.75,8656.05,24318757
8764.93,8632.93,8656.05,8749.75,35061335.3
8828.72,8743.08,8749.75,8785.84,42982148.25
8820,8725.52,8785.84,8778.21,30112728.47
8812,8726,8778.21,8800.92,21941910.17
8819,8735.42,8800.92,8769.49,24407070.07
8780,8659,8769.49,8730.01,39788775
8917.72,8730.01,8730.01,8887.26,82727662.8
8944.72,8846,8887.26,8867.72,52135141.33
8953.33,8865.79,8867.72,8923.82,42526987.23
8978.26,8792.74,8923.82,8879,47883223.55
8911,8835,8879,8897.89,25477534.96
8925.98,8775,8897.89,8792.19,35370861.36
8844.16,8765,8792.19,8815.27,31877739.03
8851.92,8730.06,8815.27,8779.99,21891239.75
8831.06,8740,8779.99,8812.9,20504354.71
8842.4,8779.99,8812.9,8810.79,13254962.2
8939,8792.99,8810.79,8934.03,41168077.23
8955.92,8891.11,8934.03,8946.16,22758680.24
8972.46,8886.12,8946.16,8936.5,21435597.78
8946.52,8890.8,8936.5,8912.19,17321716.09
8940,8869.32,8912.19,8930.57,19389147.82
8940.58,8867.63,8930.57,8883.29,17139362.45
8920,8866.71,8883.29,8912.43,17403113.59
8920,8859.25,8912.43,8867.2,17117430.23
8917,8826.72,8867.2,8908.18,26407295.2
8933.25,8891.27,8908.18,8914.22,20369156.48
8960,8896.06,8914.22,8948.05,29445866.2
9048.62,8928,8948.05,9035.98,48560945.99
9099.22,8982.75,9035.98,9089.3,50388133
9115.88,9032.86,9089.3,9080.06,48887597.19
9135,9035.93,9080.06,9082.26,55037918.44
9188,9081.57,9082.26,9136.85,56131331.55
9165.73,9036.2,9136.85,9111.2,45887521.81
9115,9050.01,9111.2,9085.27,23709893.01
9108.55,9070.16,9085.27,9077.16,19290604.16
9160,9069.29,9077.16,9151.24,29084301.65
9330,9136.75,9151.24,9285.92,84289163.78
9398,9252,9285.92,9347.12,72736557.31
9363.96,9265,9347.12,9318.51,32413947.19
9349,9289.98,9318.51,9309.37,23352361.57
9386.62,9285,9309.37,9297.01,32123260.72
9328.62,9262.94,9297.01,9270.62,22098103.35
9340,9256.76,9270.62,9334.01,18706711.35
9359.37,9300.7,9334.01,9352.38,19448439.27
9356.63,9299.39,9352.38,9318.69,16245529.97
9447,9267,9318.69,9437.77,49101344.4
9480,9403.35,9437.77,9443.43,45366631.83
9547,9410,9443.43,9508.56,57713922.12
9648.29,9467.5,9508.56,9610,69213653.23
9828.99,9609,9610,9803.54,122776086.69
9939,9516,9803.54,9648.24,195048802.61
9799.13,9646.5,9648.24,9686.71,72402199.89
9713.77,9551.64,9686.71,9586,70030205.98
9649,9541.01,9586,9622.71,40127211.19
9759.99,9605,9622.71,9704,59572065.29
9758,9665.47,9704,9748.98,31851942.17
9783.01,9592,9748.98,9675.55,53049791.31
9675.55,9569.47,9675.55,9621.81,28927549.89
9683.44,9586,9621.81,9677.21,22562393.71
9723.04,9650.31,9677.21,9660,28210422.58
9874.3,9599.84,9660,9655.88,90074575.73
9780.18,9612.2,9655.88,9774.98,31268376.91
9818.74,9714.41,9774.98,9750.94,33325958.75
9850.32,9735,9750.94,9791.98,38211618.86
9845.62,9710.13,9791.98,9770.29,34052563.88
9775.52,9720.09,9770.29,9738.79,17379391.45
9748.51,9256.12,9738.79,9490.21,146514280.31
9563.02,9432,9490.21,9472.97,55068353.84
9510,9436.02,9472.97,9444.21,29930573.77
9525.01,9370.38,9444.21,9505.34,45840578.51
9554,9496.93,9505.34,9548,27400687.38
9729.81,9538.02,9548,9674.33,59313423.9
9710,9604.38,9674.33,9616,38010182.53
9656.25,9544,9616,9610.52,37167272.93
9627.37,9480,9610.52,9587.14,43225267.43
9655,9550.21,9587.14,9592.38,30276635.31
9593.53,9510,9592.38,9520.13,37122470.19
9579.12,9490,9520.13,9545.99,32890238.49
9616.65,9545.49,9545.99,9568.02,30154666.36
9570.81,9413.93,9568.02,9475.53,68595668.6
9517.01,9446.94,9475.53,9470.72,34296701.39
9506.31,9442,9470.72,9478.08,27603224.73
9534.78,9475.02,9478.08,9490.18,20306344
9511.1,9331.66,9490.18,9337.83,60095186.26
9409.26,9150,9337.83,9250.25,112349407.07
9455.18,9211.1,9250.25,9419.98,48623155.85
9487.58,9340.43,9419.98,9365.82,31040590.66
9395.83,9228.99,9365.82,9316.42,32464511.04
9399.97,9220,9316.42,9396.01,41288344.19
9444.88,9361.72,9396.01,9410.71,24065828.03
9458.16,9382.41,9410.71,9432.29,19341502.55
9448.32,9390.3,9432.29,9405.68,15770660.44
9499.97,9396.82,9405.68,9495.42,24983730.92
9588,9445.14,9495.42,9459.32,44081479.32
9483.68,9412.53,9459.32,9470.08,16807936.59
9510,9367.13,9470.08,9390.02,23485821.32
9438.73,9351.25,9390.02,9423.39,24570198.93
9434.94,9315,9423.39,9415.71,20907873.97
9458,9370,9415.71,9455,20254545.66
9458,9382.86,9455,9414.53,15274956.95
9500,9404,9414.53,9471.45,28258042.54
9534.85,9425,9471.45,9452.42,38256331.42
9493.39,9400,9452.42,9432.31,20735421.81
9440,9330,9432.31,9380.75,27488810.47
9419,9320,9380.75,9385.72,30406296.16
9408.66,9291,9385.72,9322.26,23895715.22
9347.25,9262,9322.26,9286.87,28795475.62
9353.32,9268,9286.87,9329.78,16068283.48
9392.78,9294.17,9329.78,9383,16208607.84
9425.96,9354,9383,9381.88,13359267.68
9442.98,9360.56,9381.88,9421.67,15373092.01
9436.63,9363.39,9421.67,9381.27,10868781.89
9507,9322.1,9381.27,9480,35958686.39
9521.53,9432.04,9480,9471.78,24807015.89
9555.1,9470,9471.78,9512.99,20348140.56
9579.16,9493.13,9512.99,9545.58,21327531.79
9573.63,9506.92,9545.58,9508.11,14362892.79
9532.94,9475,9508.11,9495,13222422.7
9555,9495,9495,9548.45,12997139.4
9567.85,9506.2,9548.45,9540.99,17060937.51
9554.73,9480.04,9540.99,9491,17006822.26
9514.95,9436,9491,9491.73,15922503.87
9538.36,9491,9491.73,9531.1,12476407.95
9535.49,9493.01,9531.1,9522.08,14482574.95
9774.95,9521.45,9522.08,9767.5,93894927.27
9787,9682.01,9767.5,9744.99,43419256.34
9822,9723,9744.99,9809.91,41678575.72
9888,9764.07,9809.91,9822.32,72009007.18
9840,9685,9822.32,9739,43076909.17
9770.98,9713.71,9739,9759.99,16088705.44
9763.99,9705,9759.99,9749.98,16022620.02
9791.95,9727.86,9749.98,9771,16512015.66
9772.35,9722.96,9771,9740.14,13083879.95
9798.49,9738.25,9740.14,9764.52,12847101.69
9765.58,9595.2,9764.52,9689.31,54374682.81
9729.88,9657.91,9689.31,9680.04,20108043.51
9788.46,9680.04,9680.04,9778.38,31098597.69
9950,9757.54,9778.38,9902.1,108201708.17
9926,9827.79,9902.1,9870.05,30630073.21
9891,9816.27,9870.05,9860.51,22243391.78
9910,9830,9860.51,9866.83,32412025.93
9902.87,9851.56,9866.83,9861.07,18040785.67
9884.54,9730,9861.07,9778.89,47691057.06
9809,9735.6,9778.89,9785.71,21132048.74
9796.91,9464.23,9785.71,9591.54,91698303.98
9616.43,9541.34,9591.54,9579.11,42315723.74
9666.66,9566.96,9579.11,9628.39,37299252.92
9714.95,9625,9628.39,9634.89,29383208.51
9670,9565.1,9634.89,9665,31220110.46
9694.04,9638.64,9665,9661.96,27909146.41
9735,9631.82,9661.96,9708.56,30126487.11
9723,9639.74,9708.56,9670.96,25801153.73
9710,9601.03,9670.96,9638.43,34351897.14
9659.13,9550.01,9638.43,9625.07,29480546.67
9671.85,9613,9625.07,9657.86,16009287.75
9720,9657.85,9657.86,9701.7,28677898.85
9720,9650,9701.7,9685.78,12936065.05
9726.86,9673.65,9685.78,9686.23,12646628.77
9747.35,9666.67,9686.23,9723.88,16260720.88
9755,9695.51,9723.88,9733.93,20056177.1
9742.95,9574.06,9733.93,9640.01,43864629.02
9667.89,9625,9640.01,9651.27,13061874.77
9655.71,9535,9651.27,9612.43,31917430.29
9634,9493.03,9612.43,9530,33663973.98
9579.58,9474,9530,9537.78,31334694.11
9607.68,9526.38,9537.78,9603.09,21646107.13
9625,9582.86,9603.09,9585.97,14277254.87
9622.44,9550,9585.97,9573.99,18000254.16
9829,9570.11,9573.99,9803.94,97962953.28
9820,9768,9803.94,9792,40259744.07
9806.59,9756,9792,9792.99,24483547.76
9897.21,9696,9792.99,9751.98,75401027.62
9762,9561,9751.98,9619.54,69559157.95
9687.49,9591.13,9619.54,9673.25,48563453.78
9736.73,9666,9673.25,9696.78,33975648.15
9736.83,9646.69,9696.78,9687.06,24486623.84
9729.35,9665.8,9687.06,9692.75,15492793.89
9714.85,9622.33,9692.75,9658.97,20196621.6
9718.43,9646.07,9658.97,9698.03,14813089.68
9718,9636.88,9698.03,9644.13,18950505.31
9701,9620.49,9644.13,9692.04,16701930.16
9700,9658.46,9692.04,9683.83,8858196.5
9770,9656.81,9683.83,9756.12,23524787.03
9794,9703.44,9756.12,9775.53,19717647.07
9800,9721.83,9775.53,9742.61,24555262.53
9769,9730.3,9742.61,9744.35,12032127.13
9749.07,9707,9744.35,9736.04,14757842.64
9774.99,9715.79,9736.04,9724.4,16400088.44
9752.61,9696.56,9724.4,9735.3,13944121.07
9754.74,9715.89,9735.3,9754.36,9841856.27
9842,9651,9754.36,9724.39,54754662.56
9788.04,9701.36,9724.39,9764.51,27499478.46
9799.99,9741,9764.51,9780,24742887.9
9798.61,9746.5,9780,9788.27,17768299.99
9810,9726.41,9788.27,9774.98,23659430.15
9780.69,9715,9774.98,9731.21,19392635.05
9786,9721.34,9731.21,9766,21726108.24
9790,9745,9766,9789.8,19732273.28
9799,9761.03,9789.8,9765.09,16295497.83
9767.84,9326,9765.09,9414.5,174011231.97
9528.95,9352.27,9414.5,9497.99,80714388.86
9547.32,9441.99,9497.99,9539.47,34786711.24
9546,9504.49,9539.47,9531.82,18324711.21
9538.97,9485,9531.82,9531.99,18204578.39
9598,9511.42,9531.99,9588.58,21844545.02
9589.95,9532.43,9588.58,9551.21,15382383.65
9570.95,9504.06,9551.21,9527.75,14222814.32
9550,9435.87,9527.75,9511.43,26596866.56
9578.47,9478.69,9511.43,9556.46,18203071.33
9564.37,9510,9556.46,9514.9,11335457.47
9532.78,9458.24,9514.9,9472.05,17026169.99
9503.86,9447.26,9472.05,9483.37,20091226.16
9500.06,9400,9483.37,9483.65,22933302.37
9521.71,9483,9483.65,9503.1,17813441.5
9532.39,9487,9503.1,9488.45,17568623.95
9497.35,9446,9488.45,9457.83,24512734.81
9505.57,9268,9457.83,9377.66,79638410.56
9432.7,9297.64,9377.66,9298.79,46986915.82
9381.53,9228,9298.79,9374.77,46202293.07
9390.47,9340,9374.77,9389.97,21842509.03
9395.43,9320,9389.97,9362.64,25688062.29
9387,9251.82,9362.64,9293.09,31025533.19
9318.29,8949.74,9293.09,9084,196786637.25
9155,9050,9084,9084.38,68973662.64
9135.09,9041,9084.38,9081.42,35232369.64
9104.66,8970,9081.42,9006.99,39075505.74
9010.38,8815,9006.99,8831.26,87137424.95
9100,8816.91,8831.26,9065.53,72045181.46
9085,9011.21,9065.53,9055.26,25662606.22
9152.24,9050.71,9055.26,9103.85,32886869.42
9164.99,9103.85,9103.85,9125.2,19679218.78
9134.53,9034.73,9125.2,9068.65,23699038.28
9069.82,8970.01,9068.65,9026.67,32868600.75
9133.62,9024.06,9026.67,9089.45,23620263.72
9128.41,9041.26,9089.45,9041.64,13842823.01
9071.42,8953.91,9041.64,8995.55,23242771.3
9038.71,8933.52,8995.55,8998.07,21609032.37
9076.47,8961.22,8998.07,9047.99,23662107.3
9100,9033,9047.99,9087.6,19952207.36
9120,9037.15,9087.6,9081.81,29240998.42
9110.6,9044.94,9081.81,9092.99,23143376.66
9110.99,9060,9092.99,9110,17704380.3
9206.92,9110,9110,9165.41,45979747.6
9192,9127.71,9165.41,9166,22419347.03
9205.17,9146.27,9166,9173.03,25752316.38
9181.72,9079.78,9173.03,9116.08,28203194.66
9169.76,9116.01,9116.08,9135.02,17346908.19
9222.95,9134.93,9135.02,9222.69,25345253.85
9248,9180.55,9222.69,9241.71,32776881.35
9271,9170,9241.71,9192.92,30317154.04
9224,9171.5,9192.92,9200.25,14522132.97
9221.72,9141.51,9200.25,9173.72,17421127.14
9208,9130.6,9173.72,9177.79,16222468.23
9208,9160,9177.79,9205,8746928.28
9215,9173.09,9205,9196.33,9929076.14
9197.04,9131.12,9196.33,9170,13978737.44
9252,9169.99,9170,9239.97,23429361.09
9267.32,9221.61,9239.97,9236.64,15991252.36
9289,9229.55,9236.64,9271.27,17858807.55
9307.85,9267.25,9271.27,9286.61,17788846.26
9300,9237.57,9286.61,9252.75,14394843.25
9268.08,9231,9252.75,9263.34,13345409.53
9263.43,9207.38,9263.34,9244.73,24024299.64
9268.11,9223.84,9244.73,9255.28,9743855.78
9255.7,9164.35,9255.28,9187.84,30099171.23
9200,9110.1,9187.84,9138.78,22226954.49
9153.64,9096.07,9138.78,9139.01,25963648.09
9187.86,9128.17,9139.01,9172.25,15110708.56
9173.44,9070,9172.25,9132.19,23880779.6
9175,9113.1,9132.19,9153.01,13589295.1
9220,9138,9153.01,9198.56,18903078.99
9212.62,9170,9198.56,9198.78,14004159.46
9209.06,9136,9198.78,9170.91,16398323.17
9198.93,9155.81,9170.91,9180.05,9226432.14
9205.29,9150,9180.05,9163.98,10696019.07
9197,9125,9163.98,9180.98,12790469.5
9247.63,9164.01,9180.98,9229.58,18462607.3
9239.92,9209.5,9229.58,9225.99,9024973.23
9247.56,9209.87,9225.99,9225,9224001.33
9229.78,9152.44,9225,9179.15,14229898.91
9212,9120.77,9179.15,9196.38,20034882.12
9212.23,9170.67,9196.38,9171.91,9785706.05
9231,9171.91,9171.91,9198.96,11744695.37
9216.59,9180,9198.96,9192.76,8041110.35
9221.72,9190,9192.76,9190.54,7474305.96
9216.33,9184,9190.54,9205,6269800.42
9297,9204.99,9205,9274.81,30953099.76
9290.38,9241.37,9274.81,9255.53,14591168.67
9272.42,9239,9255.53,9258.54,12106397.05
9298,9252.85,9258.54,9270.73,15223678.92
9289,9251.06,9270.73,9263.4,11693556.35
9264.87,9100,9263.4,9119,49677521.96
9179.31,9090.78,9119,9159.9,29822376.78
9160.2,9040.01,9159.9,9087.49,35127175.64
9092.93,9000,9087.49,9070.05,41912627.55
9092,9022.17,9070.05,9055.74,18784140.68
9055.74,8853.21,9055.74,8939.12,94550716.64
8989.83,8924.68,8939.12,8947.84,34351267.99
8982.14,8890.41,8947.84,8941.99,21018117.99
9040,8937,8941.99,9018.45,27357274.39
9040,8983.05,9018.45,9000.31,19022836.37
9080.99,9000,9000.31,9054.22,15750045.49
9063.74,9015,9054.22,9043.1,16708192.85
9055.63,8700,9043.1,8720.34,84786545.02
8822.9,8642.72,8720.34,8811.37,54198083.18
8811.37,8765,8811.37,8791.69,19485165.03
8817.27,8768,8791.69,8790.96,15001573.71
8797.6,8741.53,8790.96,8786.57,19647636.85
8815.2,8770.25,8786.57,8806,14962179.42
8820,8761.07,8806,8782.93,15598387.32
8815.78,8762.23,8782.93,8789.51,16708263.63
8874.41,8772.27,8789.51,8867.31,26687274.44
8881.24,8813.21,8867.31,8820.54,19577884.59
8875.18,8705.26,8820.54,8753.95,38266424.49
8797,8675,8753.95,8689,30832852.32
8768.64,8668.29,8689,8752.41,27976454.36
8786.88,8731.52,8752.41,8761.01,22441934.33
8835.86,8728.41,8761.01,8814.14,24972751.65
8857,8744.39,8814.14,8755.95,31773302.47
8806.46,8742.53,8755.95,8782.44,20133029.35
8847.7,8762.27,8782.44,8810.07,21816768.21
8918,8792.3,8810.07,8893.5,31193080.9
8909.92,8860,8893.5,8886.17,19835667.59
8979.66,8871.46,8886.17,8928.06,31250541.02
8950,8896.13,8928.06,8913.54,13993623.99
8926.55,8860.98,8913.54,8900,13445835.71
8923.57,8865.1,8900,8903.3,10413594.35
8940,8889.9,8903.3,8900.35,13332976.99
8925,8822.74,8900.35,8866.06,24451239.37
8892.25,8856.07,8866.06,8881.53,12388739.42
8917.88,8871.89,8881.53,8882.4,13087499.23
8930,8871.58,8882.4,8903.76,14192994.45
8926.26,8880.15,8903.76,8905.82,13442780.51
8940,8891.93,8905.82,8937.43,17169416.69
8940,8881.26,8937.43,8887.59,18112917.97
8965,8860.05,8887.59,8957.49,35087963.74
9017.67,8943.01,8957.49,8960.01,33669900.93
8993,8870,8960.01,8893.7,30098451.45
8900,8832.38,8893.7,8861.41,29946489.56
8886,8841,8861.41,8869.15,16441982.09
8914.56,8788.04,8869.15,8817.21,34136531.57
8862,8785.03,8817.21,8809.22,22294523.04
8858.96,8791.91,8809.22,8817.17,22037451.72
8837.26,8705,8817.17,8726.6,41149177.49
8808.45,8700,8726.6,8790.01,33537891.83
8820,8782.73,8790.01,8811.03,16680169.44
8819.99,8792,8811.03,8810.99,14357130.98
8811,8760.2,8810.99,8800,16955002.46
8880,8799.99,8800,8856.2,21232780.44
8880,8825.63,8856.2,8842.25,12093284.44
8843.95,8801.12,8842.25,8834.92,13297226.35
8859,8815,8834.92,8841.18,10593583.71
8897.8,8832.61,8841.18,8886.87,20233869.73
8893,8845.79,8886.87,8855,10033447.01
8878.16,8811.73,8855,8822.59,15283097.62
8854.68,8820.43,8822.59,8828.9,9852403.52
8860.68,8825,8828.9,8859.62,10258329.21
8881.69,8855.35,8859.62,8878,14358451.16
8887.75,8831.82,8878,8846.37,13040656.09
8862.5,8829.4,8846.37,8844.28,14317859.02
8955,8844,8844.28,8930,40368189.64
8940,8902.91,8930,8923.57,22088502.82
9170,8918.51,8923.57,9128,86674763.07
9160,9107.15,9128,9150.74,44086078.66
9190,9125.32,9150.74,9145,49440210.95
9182.99,9126.03,9145,9147.25,40480242.96
9169.89,9120,9147.25,9153.02,29758646.92
9225,9125.1,9153.02,9148,47613795.94
9196.73,9135.88,9148,9170.24,21526837.28
9218.92,9163.45,9170.24,9189.65,27573943.52
9199.12,9159.79,9189.65,9169.48,14297565.82
9172.36,9137.71,9169.48,9159.99,13416491.73
9176,9154.87,9159.99,9165.21,10745263.75
9168.38,9052.39,9165.21,9069.71,30108966.46
9130,9052.32,9069.71,9104.01,16426095.36
9205.42,9095,9104.01,9204.07,22677147.55
9280.78,9163.57,9204.07,9266.45,33032409.4
9279.8,9215.43,9266.45,9217.9,23857513.55
9232.6,9158.47,9217.9,9204.37,15975978.32
9205.74,9155.67,9204.37,9172.91,10454068.69
9201.72,9134.83,9172.91,9181.91,14846495.15
9181.92,9120.01,9181.91,9167.75,15838137.34
9179.85,9147,9167.75,9170.56,13683622.42
9182.94,9126.36,9170.56,9150.44,15403479.45
9191.9,9110,9150.44,9190.33,17988014.55
9205.92,9174.13,9190.33,9202.41,19172983.84
9204.98,9163.02,9202.41,9166.9,12551857.75
9280,9156.16,9166.9,9266.89,36835825.59
9440,9251.65,9266.89,9423.62,86962041.96
9452.09,9375.86,9423.62,9411.51,47032583
9498.21,9410.03,9411.51,9466.65,55854530.54
9518,9435,9466.65,9499.81,46190323.25
9537.8,9434,9499.81,9447.78,41350291.89
9476.73,9441.67,9447.78,9466.11,20400719.58
9480,9424.39,9466.11,9425.97,20045240.77
9480,9391.38,9425.97,9452.25,23801807.39
9459.59,9423.68,9452.25,9450.18,15753464.8
9485.67,9410.01,9450.18,9436.75,14177713.01
9552.71,9434.98,9436.75,9490.03,41747571.44
9625.47,9485,9490.03,9575.89,50973432.49
9605.26,9500,9575.89,9512.59,37761956.31
9537.32,9461.07,9512.59,9515.03,36374723.39
9539.39,9494,9515.03,9504.45,14451201.97
9535,9490.84,9504.45,9521.26,20185247.23
9545,9496.38,9521.26,9500.49,15602066.21
9535.33,9471.99,9500.49,9520,16002080.06
9553.47,9508.73,9520,9515.38,19054883.36
9542.92,9507.19,9515.38,9523.5,22101531.08
9593.69,9420.38,9523.5,9450.8,57707615.09
9479,9437.18,9450.8,9445,23055418.61
9472,9356,9445,9365,41348746.66
9420,9335,9365,9403.87,38748812.15
9454.26,9372.18,9403.87,9398.18,21446182.63
9448.6,9385.12,9398.18,9438.32,14894421.94
9478,9420.01,9438.32,9445.07,18002571.13
9449.49,9330,9445.07,9412,25662154.02
9447.59,9394.79,9412,9434.3,22588801.28
9457.69,9410.3,9434.3,9427.05,22389523.09
9443,9393.29,9427.05,9434.46,23741674.25
9435,9394.02,9434.46,9404.98,12111557.05
9431.65,9389.99,9404.98,9420.93,10378788.07
9422.76,9372,9420.93,9396.58,9956212.96
9438,9374.16,9396.58,9428.26,9380773.63
9452.36,9415.82,9428.26,9427.07,9811144.45
9433.48,9346.16,9427.07,9370.14,16657087.21
9402.3,9350.54,9370.14,9378.09,11683086.76
9395,9362.23,9378.09,9384.41,7464900.57
9396.79,9331.23,9384.41,9396.18,15774980.97
9565,9391.63,9396.18,9515.36,45437007.83
9566.66,9506.24,9515.36,9558.9,22711831.14
9600,9539.89,9558.9,9550.51,30639421.25
9566.35,9522,9550.51,9528.69,22572408.96
9559.87,9527.61,9528.69,9533.36,16119769.07
9543.19,9459.93,9533.36,9498.03,24412477.09
9533.3,9490,9498.03,9527.61,12952576.68
9583,9523.78,9527.61,9554.17,24279111.68
9557.44,9509.3,9554.17,9544.52,16023102.57
9566,9521,9544.52,9563.79,14780886.77
9570,9536.6,9563.79,9546.77,26535704.62
9549.57,9495,9546.77,9540.6,20415310.08
9554.98,9512.04,9540.6,9539.49,15401361.71
9545,9515,9539.49,9523.82,12469157.18
9545.96,9515,9523.82,9530,11580602.5
9542.74,9515,9530,9535.14,9300963.16
9540,9400,9535.14,9440.61,36662062.67
9500,9432.07,9440.61,9491.41,13336518.86
9730,9470.07,9491.41,9729,70927923.84
9740,9636.96,9729,9697.72,32460436.88
9700,9635.84,9697.72,9656.67,18509394.07
9678.75,9631.4,9656.67,9657.2,16985972.82
9657.21,9612,9657.2,9640.76,17125977.06
9656,9552.92,9640.76,9576.79,28700278.29
9600,9516.38,9576.79,9555.84,23003951.93
9613.65,9551.61,9555.84,9570.94,17598127.69
9582.31,9545,9570.94,9549.63,12406383.15
9589.31,9520.7,9549.63,9565.13,15226632.88
9582.75,9525,9565.13,9539.17,16152880.58
9568.77,9500,9539.17,9561.24,18430964.24
9605.69,9546.98,9561.24,9599.2,18530642.69
9601.16,9564.91,9599.2,9588.96,14578968.29
9638,9555,9588.96,9576.22,25563287.42
9596.28,9523,9576.22,9547.2,21397627.76
9563.49,9457,9547.2,9471.11,28495121.5
9499.17,9436.96,9471.11,9480,29924999.44
9536.09,9460,9480,9531.04,21777196.09
9534.98,9490.54,9531.04,9503.97,14865059.8
9511.68,9465.24,9503.97,9501.05,13156843.42
9536.69,9482.44,9501.05,9514.74,10509518.05
9525.22,9487.58,9514.74,9506.6,9448389.15
9506.74,9419.31,9506.6,9469.35,17804722.4
9524,9421,9469.35,9461.6,18945454.88
9485.63,9381.41,9461.6,9448.27,32133905.25
9508.57,9421.67,9448.27,9498.31,16506416.24
